county_fips,current_status,actual_time_to_outbreak,deepsurv_risk_score,deepsurv_predicted_time_months,deepsurv_predicted_date,deepsurv_risk_rank,deepsurv_time_rank
1001,No outbreak,9,0.486921,29.277485,2022-06-10 04:57:35.859375000,1191,1191
1003,No outbreak,9,-0.22259018,31.985369,2022-08-31 15:13:53.203125000,1737,1737
1005,No outbreak,9,-1.1423291,35.87172,2022-12-27 22:26:39.609375000,2492,2492
1007,No outbreak,9,-2.812356,44.175194,2023-09-06 16:37:44.062500000,3144,3144
1009,No outbreak,9,-1.6053901,38.003654,2023-03-02 19:57:04.218750000,2795,2795
1011,No outbreak,9,0.039676584,30.956406,2022-07-31 07:30:42.187500000,1543,1543
1013,No outbreak,9,-1.6883736,38.398888,2023-03-14 20:41:32.578125000,2842,2842
1015,No outbreak,9,-0.013943255,31.164047,2022-08-06 15:12:23.554687495,1587,1587
1017,No outbreak,9,-1.3830303,36.96454,2023-01-30 04:48:48.515625000,2677,2677
1019,No outbreak,9,-1.5264682,37.63154,2023-02-19 12:05:48.046875000,2745,2745
1021,No outbreak,9,-0.9271672,34.92222,2022-11-29 00:46:34.921875000,2333,2333
1023,No outbreak,9,-1.8947872,39.39991,2023-04-14 07:59:52.968750000,2930,2930
1025,No outbreak,9,-1.6901987,38.407623,2023-03-15 03:04:23.671875000,2844,2844
1027,No outbreak,9,-0.7455196,34.140217,2022-11-05 05:28:42.656250000,2184,2184
1029,No outbreak,9,-1.1489875,35.90151,2022-12-28 20:12:21.796875000,2503,2503
1031,No outbreak,9,-0.6719273,33.828403,2022-10-26 17:40:39.843750000,2135,2135
1033,No outbreak,9,0.7105229,28.472559,2022-05-16 16:54:47.109375000,1051,1051
1035,No outbreak,9,-1.4106313,37.091965,2023-02-03 01:54:26.015625000,2693,2693
1037,No outbreak,9,-0.74067587,34.119606,2022-11-04 14:25:11.718750000,2182,2182
1039,No outbreak,9,-1.0294572,35.370445,2022-12-12 16:14:00.234375000,2406,2406
1041,No outbreak,9,-0.8756579,34.69867,2022-11-22 05:27:39.375000000,2285,2285
1043,No outbreak,9,0.4298249,29.486645,2022-06-16 13:45:49.218750000,1237,1237
1045,No outbreak,9,0.5318637,29.113892,2022-06-05 05:26:41.367187495,1156,1156
1047,No outbreak,9,-0.61980224,33.60927,2022-10-20 01:35:16.406250000,2080,2080
1049,No outbreak,9,-1.58406,37.90272,2023-02-27 18:12:49.921875000,2776,2776
1051,No outbreak,9,0.39153415,29.627745,2022-06-20 20:50:46.289062504,1267,1267
1053,No outbreak,9,-0.94537765,35.001602,2022-12-01 10:46:10.312500000,2347,2347
1055,No outbreak,9,0.24637529,30.168833,2022-07-07 08:08:35.039062504,1367,1367
1057,No outbreak,9,-1.9581199,39.712246,2023-04-23 20:10:46.875000000,2960,2960
1059,No outbreak,9,-1.1436809,35.87776,2022-12-28 02:51:33.750000000,2495,2495
1061,No outbreak,9,-0.9210261,34.895493,2022-11-28 05:15:10.546875000,2327,2327
1063,No outbreak,9,-2.0614386,40.22711,2023-05-09 12:19:09.609375000,2991,2991
1065,No outbreak,9,-1.4107844,37.09267,2023-02-03 02:25:22.265625000,2694,2694
1067,No outbreak,9,-2.2211065,41.035934,2023-06-03 03:12:49.921875000,3033,3033
1069,No outbreak,9,0.66030055,28.6514,2022-05-22 03:34:00.820312504,1080,1080
1071,No outbreak,9,-1.5888193,37.92522,2023-02-28 10:38:57.890625000,2780,2780
1073,No outbreak,9,2.9148757,21.63058,2021-10-20 10:26:13.242187495,270,270
1075,No outbreak,9,-2.3957925,41.939472,2023-06-30 15:18:06.328125000,3076,3076
1077,No outbreak,9,1.3810241,26.189129,2022-03-08 04:43:47.929687495,713,713
1079,No outbreak,9,-1.1053023,35.7065,2022-12-22 21:44:28.359375000,2462,2462
1081,No outbreak,9,0.109464556,30.688225,2022-07-23 03:35:25.195312504,1487,1487
1083,No outbreak,9,-0.115581274,31.56147,2022-08-18 17:32:50.507812504,1657,1657
1085,No outbreak,9,-1.0514548,35.467583,2022-12-15 15:11:46.640625000,2427,2427
1087,No outbreak,9,-1.7923274,38.8998,2023-03-30 02:38:12.187500000,2885,2885
1089,No outbreak,9,1.1846592,26.838211,2022-03-27 22:55:24.023437495,791,791
1091,No outbreak,9,-1.6739916,38.330093,2023-03-12 18:26:00.937500000,2835,2835
1093,No outbreak,9,-1.7653012,38.768944,2023-03-26 03:02:27.656250000,2868,2868
1095,No outbreak,9,-1.4481468,37.265858,2023-02-08 08:56:39.609375000,2715,2715
1097,No outbreak,9,1.9310024,24.453533,2022-01-14 08:46:22.617187495,501,501
1099,No outbreak,9,-0.77394426,34.26142,2022-11-08 22:01:31.406250000,2213,2213
1101,No outbreak,9,0.9516544,27.629309,2022-04-21 00:52:07.148437495,899,899
1103,No outbreak,9,-0.42258874,32.79296,2022-09-25 05:13:35.625000000,1915,1915
1105,No outbreak,9,-2.0785823,40.31318,2023-05-12 03:11:46.640625000,2998,2998
1107,No outbreak,9,-1.8068917,38.970497,2023-04-01 06:17:13.593750000,2891,2891
1109,No outbreak,9,0.4629085,29.365267,2022-06-12 21:05:21.679687495,1214,1214
1111,No outbreak,9,-1.6412027,38.173717,2023-03-08 00:11:25.546875000,2819,2819
1113,No outbreak,9,0.14773034,30.542162,2022-07-18 16:52:56.367187495,1457,1457
1115,No outbreak,9,-0.54708076,33.305923,2022-10-10 19:58:33.867187495,2019,2019
1117,No outbreak,9,0.26770297,30.088718,2022-07-04 21:36:54.843750000,1353,1353
1119,No outbreak,9,-1.4118164,37.097443,2023-02-03 05:54:33.046875000,2695,2695
1121,No outbreak,9,-0.5623221,33.36927,2022-10-12 18:15:17.578125000,2030,2030
1123,No outbreak,9,-1.0021496,35.250225,2022-12-09 00:24:15.468750000,2391,2391
1125,No outbreak,9,1.8780687,24.615452,2022-01-19 07:03:53.789062504,524,524
1127,No outbreak,9,-1.2935977,36.55467,2023-01-17 17:22:44.062500000,2612,2612
1129,No outbreak,9,-2.304513,41.464886,2023-06-16 04:35:16.406250000,3055,3055
1131,No outbreak,9,-0.61749935,33.59962,2022-10-19 18:32:20.625000000,2077,2077
1133,No outbreak,9,-0.54934174,33.31531,2022-10-11 02:50:04.101562504,2022,2022
2013,No outbreak,9,-0.4534356,32.919323,2022-09-29 01:32:27.656250000,1934,1934
2016,No outbreak,9,-3.6148202,48.823532,2024-01-26 04:31:13.828125000,3196,3196
2020,Had outbreak,1,0.4620198,29.368519,2022-06-12 23:27:55.195312504,1216,1216
2050,No outbreak,9,-2.2678356,41.275707,2023-06-10 10:22:47.578125000,3044,3044
2060,No outbreak,9,-0.27412763,32.191555,2022-09-06 21:51:46.054687495,1787,1787
2063,No outbreak,9,-0.64461404,33.7134,2022-10-23 05:39:47.109375000,2106,2106
2066,No outbreak,9,-1.933908,39.592552,2023-04-20 04:44:03.750000000,2953,2953
2068,No outbreak,9,-3.5024288,48.144154,2024-01-05 12:11:36.093750000,3190,3190
2070,No outbreak,9,-1.0275528,35.362045,2022-12-12 10:05:44.531250000,2405,2405
2090,No outbreak,9,2.38361,23.111837,2021-12-04 12:35:04.101562504,379,379
2100,No outbreak,9,-3.9786854,51.089455,2024-04-04 03:54:50.625000000,3209,3209
2105,No outbreak,9,-2.071535,40.27778,2023-05-11 01:19:58.828125000,2997,2997
2110,No outbreak,9,-0.08044465,31.42351,2022-08-14 12:45:36.914062504,1640,1640
2122,Had outbreak,1,4.748708,17.209665,2021-06-07 20:41:37.851562504,69,69
2130,No outbreak,9,1.4532787,25.954268,2022-03-01 01:08:59.648437495,677,677
2150,No outbreak,9,-0.6839804,33.879276,2022-10-28 06:50:37.500000000,2147,2147
2158,No outbreak,9,-3.470582,47.953373,2023-12-30 16:48:59.062500000,3188,3188
2164,No outbreak,9,-1.5448799,37.71802,2023-02-22 03:16:41.953125000,2752,2752
2170,No outbreak,9,2.561626,22.604528,2021-11-19 01:57:51.679687495,343,343
2180,No outbreak,9,-1.5011466,37.51292,2023-02-15 21:26:22.031250000,2736,2736
2185,No outbreak,9,-0.5412933,33.2819,2022-10-10 02:25:27.539062504,2010,2010
2188,No outbreak,9,-1.2237632,36.237778,2023-01-08 01:52:19.453125000,2556,2556
2195,No outbreak,9,-1.1844833,36.06074,2023-01-02 16:32:06.562500000,2531,2531
2198,No outbreak,9,-0.633332,33.66601,2022-10-21 19:02:34.687500000,2091,2091
2220,No outbreak,9,0.77476114,28.24543,2022-05-09 18:58:53.203125000,1012,1012
2230,No outbreak,9,-0.15946922,31.734642,2022-08-24 00:03:36.210937495,1693,1693
2240,No outbreak,9,0.38917267,29.636473,2022-06-21 03:13:16.289062504,1269,1269
2275,No outbreak,9,-0.78213215,34.296413,2022-11-09 23:35:12.890625000,2220,2220
2282,No outbreak,9,-1.1258703,35.798183,2022-12-25 16:43:21.562500000,2481,2481
2290,No outbreak,9,-1.6318591,38.129276,2023-03-06 15:43:25.078125000,2811,2811
4001,No outbreak,9,-2.7588134,43.881283,2023-08-28 17:54:33.046875000,3138,3138
4003,No outbreak,9,0.45961073,29.377342,2022-06-13 05:54:43.593750000,1217,1217
4005,No outbreak,9,0.76712674,28.272327,2022-05-10 14:37:56.367187495,1019,1019
4007,No outbreak,9,0.30115354,29.963493,2022-07-01 02:07:47.578125000,1331,1331
4009,No outbreak,9,-0.064638,31.361645,2022-08-12 15:33:50.273437495,1629,1629
4011,No outbreak,9,1.1805696,26.851898,2022-03-28 08:55:20.507812504,794,794
4012,No outbreak,9,-1.4229884,37.149155,2023-02-04 19:41:15.000000000,2702,2702
4013,No outbreak,9,1.1854975,26.83541,2022-03-27 20:52:37.031250000,789,789
4015,Had outbreak,8,3.047707,21.275307,2021-10-09 14:53:19.218750000,242,242
4017,Had outbreak,6,-0.0076920986,31.139769,2022-08-05 21:28:12.773437495,1581,1581
4019,No outbreak,9,2.337655,23.244635,2021-12-08 13:36:03.867187495,393,393
4021,No outbreak,9,2.0614436,24.059061,2022-01-02 08:35:18.164062504,465,465
4023,No outbreak,9,-2.66016,43.344856,2023-08-12 10:01:10.312500000,3125,3125
4025,No outbreak,9,2.644601,22.37189,2021-11-12 00:00:26.367187495,327,327
4027,No outbreak,9,0.24458417,30.175568,2022-07-07 13:03:48.515625000,1369,1369
5001,No outbreak,9,-1.8738897,39.297386,2023-04-11 05:05:51.562500000,2923,2923
5003,No outbreak,9,-1.1939381,36.103275,2023-01-03 23:36:37.265625000,2535,2535
5005,No outbreak,9,0.84115994,28.012568,2022-05-02 16:51:42.539062504,966,966
5007,Had outbreak,6,4.476369,17.80404,2021-06-25 22:55:13.476562504,79,79
5009,No outbreak,9,-0.15533528,31.71829,2022-08-23 12:06:51.328125000,1690,1690
5011,No outbreak,9,-1.8533461,39.19686,2023-04-08 03:39:33.046875000,2913,2913
5013,No outbreak,9,-2.3021948,41.4529,2023-06-15 19:49:51.796875000,3054,3054
5015,No outbreak,9,-0.5394318,33.274174,2022-10-09 20:46:48.984375000,2008,2008
5017,No outbreak,9,-0.33718565,32.44564,2022-09-14 15:29:16.054687495,1840,1840
5019,No outbreak,9,0.7289704,28.407145,2022-05-14 17:07:26.484375000,1037,1037
5021,No outbreak,9,-0.35262555,32.508156,2022-09-16 13:09:31.289062504,1855,1855
5023,No outbreak,9,-1.3081595,36.621094,2023-01-19 17:54:22.500000000,2622,2622
5025,No outbreak,9,0.80219233,28.148994,2022-05-06 20:31:47.226562504,991,991
5027,No outbreak,9,0.18132511,30.414505,2022-07-14 19:37:17.695312504,1426,1426
5029,No outbreak,9,-0.95894337,35.06085,2022-12-03 06:03:09.843750000,2357,2357
5031,No outbreak,9,1.753624,25.000349,2022-01-31 00:15:17.578125000,561,561
5033,No outbreak,9,1.1878638,26.827492,2022-03-27 15:05:32.226562504,787,787
5035,No outbreak,9,2.2980928,23.359573,2021-12-12 01:34:13.125000000,398,398
5037,No outbreak,9,2.8860135,21.708559,2021-10-22 19:24:17.226562504,276,276
5039,No outbreak,9,-1.8324804,39.095024,2023-04-05 01:15:45.703125000,2904,2904
5041,No outbreak,9,1.41048,26.093128,2022-03-05 06:35:46.289062504,699,699
5043,No outbreak,9,-0.24995506,32.094685,2022-09-03 23:05:35.742187495,1762,1762
5045,Had outbreak,4,3.8805737,19.176924,2021-08-06 17:53:35.039062504,130,130
5047,No outbreak,9,-0.0029989611,31.121553,2022-08-05 08:09:43.593750000,1576,1576
5049,No outbreak,9,-2.5717788,42.869854,2023-07-28 23:00:03.515625000,3110,3110
5051,No outbreak,9,0.76088977,28.29432,2022-05-11 06:41:55.429687495,1025,1025
5053,No outbreak,9,0.11808418,30.65526,2022-07-22 03:30:24.609375000,1478,1478
5055,No outbreak,9,2.7621293,22.046465,2021-11-02 02:15:58.007812504,305,305
5057,No outbreak,9,-1.3119361,36.63834,2023-01-20 06:30:24.609375000,2624,2624
5059,No outbreak,9,0.7720068,28.25513,2022-05-10 02:04:06.093750000,1013,1013
5061,No outbreak,9,-1.031011,35.377296,2022-12-12 21:14:14.296875000,2407,2407
5063,No outbreak,9,0.4029123,29.585749,2022-06-19 14:09:54.140625000,1258,1258
5065,No outbreak,9,-0.6003823,33.527996,2022-10-17 14:12:48.164062504,2063,2063
5067,No outbreak,9,0.7658671,28.276766,2022-05-10 17:52:26.484375000,1022,1022
5069,No outbreak,9,1.8319812,24.757298,2022-01-23 14:41:27.304687495,534,534
5071,No outbreak,9,0.09170388,30.756252,2022-07-25 05:17:17.109375000,1505,1505
5073,No outbreak,9,-2.3856483,41.886463,2023-06-29 00:34:27.187500000,3075,3075
5075,No outbreak,9,0.3929482,29.622524,2022-06-20 17:01:54.257812504,1265,1265
5077,No outbreak,9,-1.236814,36.296783,2023-01-09 20:58:46.171875000,2567,2567
5079,No outbreak,9,0.18824755,30.388266,2022-07-14 00:27:04.218750000,1423,1423
5081,No outbreak,9,-1.6242433,38.09309,2023-03-05 13:17:20.625000000,2806,2806
5083,No outbreak,9,0.8900646,27.842285,2022-04-27 12:27:35.859375000,943,943
5085,No outbreak,9,1.325599,26.370731,2022-03-13 17:24:08.437500000,728,728
5087,No outbreak,9,0.030769743,30.9908,2022-08-01 08:38:22.734375000,1548,1548
5089,No outbreak,9,-1.225171,36.244137,2023-01-08 06:30:56.250000000,2558,2558
5091,No outbreak,9,0.8383328,28.022444,2022-05-03 00:04:34.218750000,971,971
5093,No outbreak,9,-0.419891,32.781933,2022-09-24 21:10:11.718750000,1913,1913
5095,No outbreak,9,-1.6233983,38.089073,2023-03-05 10:21:12.656250000,2803,2803
5097,No outbreak,9,-0.9125076,34.858448,2022-11-27 02:11:18.515625000,2317,2317
5099,No outbreak,9,-3.3303413,47.122208,2023-12-05 09:36:02.109375000,3183,3183
5101,No outbreak,9,0.269592,30.081633,2022-07-04 16:26:18.515625000,1351,1351
5103,No outbreak,9,-1.5401657,37.69586,2023-02-21 11:05:19.921875000,2750,2750
5105,No outbreak,9,-0.7628554,34.21409,2022-11-07 11:26:46.640625000,2200,2200
5107,No outbreak,9,-1.3321259,36.730682,2023-01-23 01:58:07.500000000,2642,2642
5109,No outbreak,9,-0.70436096,33.965473,2022-10-30 21:49:02.578125000,2161,2161
5111,No outbreak,9,0.4904426,29.264631,2022-06-09 19:34:07.851562504,1188,1188
5113,No outbreak,9,-0.63463414,33.67148,2022-10-21 23:02:10.078125000,2094,2094
5115,No outbreak,9,0.1393057,30.57426,2022-07-19 16:19:58.828125000,1462,1462
5117,No outbreak,9,-1.6362097,38.14996,2023-03-07 06:50:05.859375000,2816,2816
5119,No outbreak,9,2.588971,22.527597,2021-11-16 17:45:40.429687495,339,339
5121,No outbreak,9,-2.0909154,40.375225,2023-05-14 00:31:27.890625000,3003,3003
5123,No outbreak,9,-0.48847902,33.063465,2022-10-03 10:50:44.531250000,1965,1965
5125,Had outbreak,4,2.7704458,22.023613,2021-11-01 09:34:16.640625000,303,303
5127,No outbreak,9,-1.9817821,39.829575,2023-04-27 09:53:36.796875000,2966,2966
5129,No outbreak,9,-0.38494086,32.639397,2022-09-20 13:02:18.867187495,1885,1885
5131,No outbreak,9,0.4638706,29.361746,2022-06-12 18:31:01.523437495,1213,1213
5133,No outbreak,9,-0.11809197,31.57135,2022-08-19 00:45:58.007812504,1661,1661
5135,No outbreak,9,-0.7643992,34.22067,2022-11-07 16:15:03.515625000,2203,2203
5137,No outbreak,9,1.7366369,25.053354,2022-02-01 14:58:46.171875000,564,564
5139,No outbreak,9,0.20767094,30.314762,2022-07-11 18:45:10.546875000,1407,1407
5141,No outbreak,9,-1.3742036,36.923885,2023-01-28 23:06:54.843750000,2673,2673
5143,No outbreak,9,1.9624131,24.357956,2022-01-11 10:56:53.671875000,489,489
5145,No outbreak,9,1.0697935,27.225328,2022-04-08 17:44:10.781250000,834,834
5147,No outbreak,9,-2.649671,43.288208,2023-08-10 16:38:05.156250000,3123,3123
5149,No outbreak,9,-0.1664108,31.762121,2022-08-24 20:08:08.671875000,1697,1697
6001,No outbreak,9,3.6875465,19.644033,2021-08-20 23:08:45.585937495,145,145
6003,No outbreak,9,-2.7559695,43.865726,2023-08-28 06:32:41.718750000,3137,3137
6005,No outbreak,9,1.6171639,25.42933,2022-02-13 01:39:08.437500000,617,617
6007,No outbreak,9,2.5154004,22.735182,2021-11-23 01:24:54.140625000,353,353
6009,No outbreak,9,1.8082811,24.830563,2022-01-25 20:12:58.710937495,544,544
6011,No outbreak,9,-0.17859948,31.810425,2022-08-26 07:25:25.781250000,1709,1709
6013,No outbreak,9,3.124388,21.072876,2021-10-03 11:00:03.515625000,228,228
6015,No outbreak,9,-1.2860525,36.520298,2023-01-16 16:16:06.796875000,2609,2609
6017,No outbreak,9,3.1997175,20.875889,2021-09-27 11:05:25.195312504,218,218
6019,Had outbreak,3,3.5259862,20.043736,2021-09-02 03:09:08.437500000,167,167
6021,No outbreak,9,-0.90489066,34.825363,2022-11-26 02:01:06.796875000,2310,2310
6023,No outbreak,9,2.8684464,21.756157,2021-10-24 06:10:43.359375000,283,283
6025,No outbreak,9,-0.4330714,32.83585,2022-09-26 12:33:29.179687495,1922,1922
6027,No outbreak,9,0.4375744,29.458168,2022-06-15 16:57:35.859375000,1231,1231
6029,No outbreak,9,3.657277,19.71831,2021-08-23 05:24:29.531250000,149,149
6031,No outbreak,9,0.92769665,27.71196,2022-04-23 13:14:58.242187495,922,922
6033,No outbreak,9,0.9280151,27.710861,2022-04-23 12:26:48.398437495,920,920
6035,No outbreak,9,0.24150302,30.187164,2022-07-07 21:32:04.804687495,1374,1374
6037,Had outbreak,3,5.2466135,16.173815,2021-05-07 07:56:32.578125000,49,49
6039,No outbreak,9,1.3988619,26.13095,2022-03-06 10:13:39.140625000,702,702
6041,No outbreak,9,2.56467,22.595953,2021-11-18 19:41:57.187500000,342,342
6043,No outbreak,9,0.67314655,28.605547,2022-05-20 18:04:07.851562504,1074,1074
6045,No outbreak,9,2.1860824,23.688082,2021-12-22 01:33:57.304687495,434,434
6047,No outbreak,9,1.8004535,24.85481,2022-01-26 13:55:50.390625000,548,548
6049,No outbreak,9,1.2009182,26.783863,2022-03-26 07:13:07.500000000,781,781
6051,No outbreak,9,-1.2007055,36.13375,2023-01-04 21:52:22.968750000,2538,2538
6053,No outbreak,9,2.2814925,23.40797,2021-12-13 12:55:38.085937495,402,402
6055,No outbreak,9,1.5982053,25.48951,2022-02-14 21:37:00.117187495,621,621
6057,No outbreak,9,3.302729,20.609491,2021-09-19 08:28:11.015625000,202,202
6059,Had outbreak,2,4.4321613,17.902443,2021-06-28 22:48:32.695312504,83,83
6061,Had outbreak,3,2.7781787,22.00239,2021-10-31 18:03:57.304687495,300,300
6063,No outbreak,9,0.5586645,29.016773,2022-06-02 06:29:37.148437495,1128,1128
6065,Had outbreak,4,2.5102756,22.749714,2021-11-23 12:01:50.742187495,354,354
6067,Had outbreak,6,3.9648619,18.97645,2021-07-31 15:26:06.210937495,124,124
6069,No outbreak,9,0.9150606,27.755651,2022-04-24 21:10:06.445312504,928,928
6071,No outbreak,9,2.636728,22.39386,2021-11-12 16:03:32.695312504,329,329
6073,Had outbreak,8,3.460041,20.20921,2021-09-07 04:02:24.140625000,171,171
6075,No outbreak,9,2.029241,24.155848,2022-01-05 07:17:46.992187495,470,470
6077,No outbreak,9,2.9254522,21.602077,2021-10-19 13:36:51.328125000,265,265
6079,No outbreak,9,2.5904007,22.523582,2021-11-16 14:49:43.007812504,337,337
6081,Had outbreak,3,2.7767193,22.006397,2021-10-31 20:59:38.906250000,301,301
6083,No outbreak,9,2.599846,22.49707,2021-11-15 19:27:37.617187495,335,335
6085,Had outbreak,5,4.2572393,18.297163,2021-07-10 23:10:31.054687495,93,93
6087,No outbreak,9,2.7848377,21.98413,2021-10-31 04:43:37.382812504,297,297
6089,No outbreak,9,3.0081635,21.380457,2021-10-12 19:42:23.554687495,249,249
6091,No outbreak,9,-0.80739176,34.40459,2022-11-13 06:37:05.390625000,2234,2234
6093,No outbreak,9,-0.116558045,31.565315,2022-08-18 20:21:24.960937495,1658,1658
6095,No outbreak,9,1.805049,24.84057,2022-01-26 03:31:38.437500000,546,546
6097,No outbreak,9,2.2701147,23.441198,2021-12-14 13:12:09.492187495,407,407
6099,No outbreak,9,2.7985797,21.946497,2021-10-30 01:14:00.234375000,294,294
6101,No outbreak,9,1.6407427,25.354687,2022-02-10 19:07:14.179687495,607,607
6103,No outbreak,9,1.1575354,26.929123,2022-03-30 17:20:26.953125000,805,805
6105,No outbreak,9,1.1855679,26.83517,2022-03-27 20:42:09.492187495,788,788
6107,Had outbreak,7,4.2524223,18.308153,2021-07-11 07:12:14.765625000,94,94
6109,Had outbreak,3,5.408308,15.851022,2021-04-27 12:07:20.332031252,42,42
6111,No outbreak,9,2.915773,21.628162,2021-10-20 08:40:13.476562504,269,269
6113,Had outbreak,6,3.447185,20.241627,2021-09-08 03:43:25.078125000,174,174
6115,No outbreak,9,0.039391696,30.957504,2022-07-31 08:18:52.031250000,1544,1544
8001,Had outbreak,8,3.3793821,20.413467,2021-09-13 09:15:49.218750000,185,185
8003,No outbreak,9,-0.15512985,31.717478,2022-08-23 11:31:15.585937495,1689,1689
8005,Had outbreak,5,3.459884,20.209606,2021-09-07 04:19:48.281250000,172,172
8007,Had outbreak,4,5.093007,16.48655,2021-05-16 20:24:50.625000000,56,56
8009,No outbreak,9,0.56947315,28.977694,2022-06-01 01:56:37.851562504,1120,1120
8011,No outbreak,9,0.30497432,29.949219,2022-06-30 15:42:05.976562504,1326,1326
8013,Had outbreak,6,3.559812,19.95938,2021-08-30 13:31:29.648437495,161,161
8014,No outbreak,9,0.5362828,29.097857,2022-06-04 17:43:49.687500000,1154,1154
8015,No outbreak,9,-0.29542857,32.27716,2022-09-09 12:24:10.195312504,1802,1802
8017,No outbreak,9,-1.2871127,36.525124,2023-01-16 19:47:45.234375000,2610,2610
8019,No outbreak,9,-1.2404644,36.31331,2023-01-10 09:03:09.843750000,2569,2569
8021,No outbreak,9,2.0823731,23.996365,2021-12-31 10:47:03.046875000,462,462
8023,No outbreak,9,-0.76222306,34.211388,2022-11-07 09:28:18.046875000,2199,2199
8025,No outbreak,9,-0.30731022,32.325012,2022-09-10 23:21:40.781250000,1814,1814
8027,No outbreak,9,1.0383325,27.332333,2022-04-11 23:54:33.046875000,853,853
8029,No outbreak,9,-0.7682777,34.23722,2022-11-08 04:20:41.015625000,2207,2207
8031,Had outbreak,4,4.5993066,17.533232,2021-06-17 17:04:43.007812504,73,73
8033,No outbreak,9,-3.170538,46.192642,2023-11-07 02:29:45.937500000,3174,3174
8035,No outbreak,9,2.284799,23.398321,2021-12-13 05:52:42.304687495,401,401
8037,No outbreak,9,0.23288342,30.219624,2022-07-08 21:14:56.484375000,1383,1383
8039,No outbreak,9,-1.6047946,38.000828,2023-03-02 17:53:08.671875000,2793,2793
8041,Had outbreak,6,3.0819945,21.184551,2021-10-06 20:35:07.617187495,236,236
8043,No outbreak,9,0.35712042,29.755142,2022-06-24 17:54:59.414062504,1297,1297
8045,No outbreak,9,0.553295,29.036201,2022-06-02 20:41:16.757812504,1134,1134
8047,No outbreak,9,-0.3627931,32.549393,2022-09-17 19:17:04.804687495,1865,1865
8049,No outbreak,9,0.8969313,27.81846,2022-04-26 19:03:16.875000000,939,939
8051,No outbreak,9,-0.355929,32.52155,2022-09-16 22:56:37.851562504,1860,1860
8053,No outbreak,9,-0.36044326,32.53986,2022-09-17 12:19:14.882812504,1863,1863
8055,No outbreak,9,0.025427718,31.01145,2022-08-01 23:43:28.593750000,1558,1558
8057,No outbreak,9,-2.00242,39.932198,2023-04-30 12:52:01.875000000,2977,2977
8059,No outbreak,9,2.638758,22.388193,2021-11-12 11:55:04.687500000,328,328
8061,No outbreak,9,-1.0025005,35.25177,2022-12-09 01:31:56.015625000,2392,2392
8063,No outbreak,9,1.2140621,26.740007,2022-03-24 23:10:46.875000000,774,774
8065,No outbreak,9,1.3752378,26.20803,2022-03-08 18:32:20.625000000,714,714
8067,No outbreak,9,3.03535,21.30811,2021-10-10 14:51:07.382812504,244,244
8069,No outbreak,9,2.9317417,21.585146,2021-10-19 01:14:42.421875000,262,262
8071,No outbreak,9,1.9550862,24.380219,2022-01-12 03:12:44.648437495,493,493
8073,No outbreak,9,-0.87620497,34.701035,2022-11-22 07:11:22.031250000,2290,2290
8075,No outbreak,9,-1.8316692,39.091072,2023-04-04 22:22:26.484375000,2903,2903
8077,Had outbreak,8,3.313037,20.583021,2021-09-18 13:07:56.367187495,198,198
8079,No outbreak,9,-0.86128163,34.63653,2022-11-20 08:03:55.546875000,2275,2275
8081,No outbreak,9,-2.3480551,41.6906,2023-06-23 01:29:07.265625000,3062,3062
8083,No outbreak,9,-1.1387815,35.855854,2022-12-27 10:51:16.171875000,2485,2485
8085,No outbreak,9,0.7011684,28.505783,2022-05-17 17:11:07.968750000,1056,1056
8087,No outbreak,9,-1.4508827,37.278576,2023-02-08 18:14:14.296875000,2718,2718
8089,No outbreak,9,-0.2331295,32.027428,2022-09-01 21:57:28.828125000,1748,1748
8091,No outbreak,9,0.2104001,30.304451,2022-07-11 11:13:14.531250000,1402,1402
8093,No outbreak,9,2.618719,22.444197,2021-11-14 04:49:57.070312504,331,331
8095,No outbreak,9,-0.43274218,32.8345,2022-09-26 11:34:20.156250000,1921,1921
8097,No outbreak,9,-3.0590298,45.55489,2023-10-18 16:34:55.312500000,3168,3168
8099,No outbreak,9,1.7212545,25.101446,2022-02-03 02:06:44.296875000,570,570
8101,Had outbreak,3,3.1221669,21.078712,2021-10-03 15:15:54.492187495,229,229
8103,No outbreak,9,-1.9830242,39.835743,2023-04-27 14:24:08.437500000,2967,2967
8105,No outbreak,9,0.7276576,28.411795,2022-05-14 20:31:15.585937495,1038,1038
8107,No outbreak,9,-0.41931963,32.7796,2022-09-24 19:27:48.164062504,1910,1910
8109,No outbreak,9,1.8046228,24.841892,2022-01-26 04:29:33.632812504,547,547
8111,No outbreak,9,-0.69350564,33.919533,2022-10-29 12:15:17.578125000,2155,2155
8113,No outbreak,9,-0.0122626275,31.157518,2022-08-06 10:26:13.242187495,1583,1583
8115,No outbreak,9,-2.2304645,41.08384,2023-06-04 14:12:32.343750000,3038,3038
8117,No outbreak,9,-1.0968227,35.66877,2022-12-21 18:10:32.812500000,2455,2455
8119,No outbreak,9,0.28518987,30.02319,2022-07-02 21:44:28.359375000,1342,1342
8121,No outbreak,9,0.37479782,29.689636,2022-06-22 18:03:41.484375000,1280,1280
8123,No outbreak,9,2.9949994,21.415577,2021-10-13 21:21:53.085937495,250,250
8125,No outbreak,9,-1.1056826,35.70819,2022-12-22 22:58:39.140625000,2463,2463
9110,No outbreak,9,3.3570125,20.470476,2021-09-15 02:54:38.320312504,188,188
9120,No outbreak,9,2.1912713,23.672764,2021-12-21 14:22:28.242187495,431,431
9130,No outbreak,9,0.97863543,27.536524,2022-04-18 05:04:58.828125000,885,885
9140,No outbreak,9,1.4617023,25.92702,2022-02-28 05:14:38.906250000,673,673
9150,No outbreak,9,-0.5266907,33.22136,2022-10-08 06:11:46.640625000,1995,1995
9160,No outbreak,9,-0.011342786,31.153946,2022-08-06 07:49:35.976562504,1582,1582
9170,No outbreak,9,2.2621937,23.464361,2021-12-15 06:07:28.242187495,408,408
9180,No outbreak,9,0.46591884,29.354246,2022-06-12 13:02:18.867187495,1211,1211
9190,No outbreak,9,2.8974657,21.677586,2021-10-21 20:46:38.437500000,272,272
10001,No outbreak,9,1.0408568,27.323732,2022-04-11 17:37:35.273437495,849,849
10003,No outbreak,9,2.2017884,23.64174,2021-12-20 15:42:37.617187495,428,428
10005,No outbreak,9,0.95853925,27.605602,2022-04-20 07:32:59.296875000,897,897
11001,Had outbreak,6,3.888797,19.15727,2021-08-06 03:32:10.078125000,129,129
12001,No outbreak,9,1.7478938,25.018211,2022-01-31 13:18:18.632812504,562,562
12003,No outbreak,9,-1.1388875,35.856327,2022-12-27 11:12:00.703125000,2486,2486
12005,No outbreak,9,0.48185962,29.295965,2022-06-10 18:27:41.132812504,1196,1196
12007,No outbreak,9,-2.6832662,43.469906,2023-08-16 05:22:33.515625000,3128,3128
12009,No outbreak,9,1.4140767,26.081429,2022-03-04 22:02:55.781250000,694,694
12011,Had outbreak,4,4.208982,18.40758,2021-07-14 07:50:28.710937495,98,98
12013,No outbreak,9,-0.9532491,35.035965,2022-12-02 11:52:26.484375000,2352,2352
12015,No outbreak,9,0.61378884,28.818031,2022-05-27 05:18:04.570312504,1103,1103
12017,No outbreak,9,-0.12411632,31.595074,2022-08-19 18:05:53.320312504,1669,1669
12019,No outbreak,9,-0.69104874,33.90914,2022-10-29 04:39:50.625000000,2154,2154
12021,No outbreak,9,1.2013814,26.782316,2022-03-26 06:05:21.679687495,780,780
12023,No outbreak,9,0.93115735,27.700006,2022-04-23 04:31:03.281250000,917,917
12027,No outbreak,9,-0.62681234,33.638657,2022-10-20 23:03:29.179687495,2085,2085
12029,No outbreak,9,-0.48728895,33.05856,2022-10-03 07:15:40.429687495,1964,1964
12031,Had outbreak,8,3.1220376,21.079052,2021-10-03 15:30:45.703125000,230,230
12033,No outbreak,9,0.59271437,28.89385,2022-05-29 12:41:29.062500000,1109,1109
12035,No outbreak,9,0.6356511,28.739586,2022-05-24 19:59:31.875000000,1088,1088
12037,No outbreak,9,-1.7383423,38.638855,2023-03-22 04:00:07.031250000,2860,2860
12039,No outbreak,9,-0.6801814,33.86323,2022-10-27 19:07:19.453125000,2146,2146
12041,No outbreak,9,-2.2277346,41.06986,2023-06-04 03:59:45.937500000,3036,3036
12043,No outbreak,9,-1.3412023,36.77227,2023-01-24 08:20:58.593750000,2650,2650
12045,No outbreak,9,-2.563548,42.825886,2023-07-27 14:52:47.578125000,3107,3107
12047,No outbreak,9,-2.2555149,41.212353,2023-06-08 12:05:48.046875000,3042,3042
12049,No outbreak,9,-1.732119,38.608887,2023-03-21 06:06:30.234375000,2857,2857
12051,No outbreak,9,-1.9517064,39.680504,2023-04-22 20:59:17.812500000,2958,2958
12053,No outbreak,9,-0.59291047,33.496773,2022-10-16 15:24:10.195312504,2060,2060
12055,No outbreak,9,-1.3583401,36.85093,2023-01-26 17:48:55.546875000,2664,2664
12057,No outbreak,9,3.313866,20.580894,2021-09-18 11:34:41.250000000,197,197
12059,No outbreak,9,-0.82743835,34.49069,2022-11-15 21:31:06.796875000,2253,2253
12061,No outbreak,9,-0.61875266,33.60487,2022-10-19 22:22:26.484375000,2078,2078
12063,No outbreak,9,-0.53966963,33.27516,2022-10-09 21:30:08.789062504,2009,2009
12065,No outbreak,9,-1.1900275,36.08568,2023-01-03 10:45:17.578125000,2534,2534
12067,No outbreak,9,-2.6007662,43.02507,2023-08-02 16:23:40.312500000,3115,3115
12069,No outbreak,9,0.830777,28.048853,2022-05-03 19:22:10.664062504,978,978
12071,No outbreak,9,1.7770296,24.927498,2022-01-28 19:01:57.773437495,555,555
12073,Had outbreak,6,2.7762442,22.007698,2021-10-31 21:56:41.367187495,302,302
12075,No outbreak,9,0.14846033,30.539383,2022-07-18 14:51:07.382812504,1454,1454
12077,No outbreak,9,-1.3510137,36.81728,2023-01-25 17:13:56.718750000,2661,2661
12079,No outbreak,9,0.42007756,29.5225,2022-06-17 15:57:28.828125000,1245,1245
12081,No outbreak,9,1.2047836,26.770958,2022-03-25 21:47:27.656250000,778,778
12083,No outbreak,9,0.70032305,28.508787,2022-05-17 19:22:47.578125000,1058,1058
12085,No outbreak,9,0.37731975,29.6803,2022-06-22 11:14:23.085937495,1277,1277
12086,Had outbreak,3,5.0462165,16.583006,2021-05-19 18:52:51.972656252,57,57
12087,No outbreak,9,1.6047766,25.468636,2022-02-14 06:21:58.359375000,620,620
12089,No outbreak,9,-1.8200691,39.034576,2023-04-03 05:06:02.109375000,2898,2898
12091,No outbreak,9,0.22262397,30.2583,2022-07-10 01:30:15.820312504,1390,1390
12093,No outbreak,9,0.45416766,29.397285,2022-06-13 20:28:53.203125000,1220,1220
12095,No outbreak,9,3.6959753,19.623402,2021-08-20 08:04:21.914062504,144,144
12097,No outbreak,9,0.3674136,29.716982,2022-06-23 14:02:20.625000000,1286,1286
12099,No outbreak,9,3.5570126,19.966349,2021-08-30 18:36:54.843750000,162,162
12101,No outbreak,9,1.4952248,25.818886,2022-02-24 22:14:42.421875000,656,656
12103,No outbreak,9,2.6966262,22.227245,2021-11-07 14:20:11.132812504,320,320
12105,No outbreak,9,1.3277452,26.363678,2022-03-13 12:14:56.484375000,727,727
12107,No outbreak,9,0.099000335,30.728285,2022-07-24 08:51:23.203125000,1496,1496
12109,No outbreak,9,0.1304965,30.607859,2022-07-20 16:52:40.546875000,1468,1468
12111,No outbreak,9,0.3587865,29.748962,2022-06-24 13:24:06.679687495,1293,1293
12113,No outbreak,9,-0.27879405,32.210293,2022-09-07 11:33:06.328125000,1790,1790
12115,No outbreak,9,1.4789838,25.87122,2022-02-26 12:28:44.414062504,665,665
12117,No outbreak,9,1.2580025,26.593918,2022-03-20 12:27:09.492187495,749,749
12119,No outbreak,9,-1.2108562,36.179504,2023-01-06 07:17:52.265625000,2544,2544
12121,No outbreak,9,-1.9878082,39.859512,2023-04-28 07:45:59.765625000,2969,2969
12123,No outbreak,9,-0.3633545,32.551674,2022-09-17 20:57:05.976562504,1866,1866
12125,No outbreak,9,-1.634069,38.139782,2023-03-06 23:23:57.890625000,2814,2814
12127,No outbreak,9,1.6142714,25.438501,2022-02-13 08:21:09.140625000,618,618
12129,No outbreak,9,-0.9891837,35.193287,2022-12-07 06:48:30.937500000,2378,2378
12131,No outbreak,9,0.4732581,29.3274,2022-06-11 17:25:32.812500000,1204,1204
12133,No outbreak,9,0.053760216,30.902098,2022-07-29 15:50:11.132812504,1533,1533
13001,No outbreak,9,2.9699976,21.482437,2021-10-15 22:12:35.859375000,252,252
13003,No outbreak,9,2.239746,23.530123,2021-12-17 06:10:01.171875000,416,416
13005,No outbreak,9,-0.6412829,33.6994,2022-10-22 19:26:07.968750000,2102,2102
13007,No outbreak,9,-1.9949776,39.895157,2023-04-29 09:48:20.390625000,2972,2972
13009,No outbreak,9,-0.35579747,32.521015,2022-09-16 22:33:09.843750000,1859,1859
13011,No outbreak,9,-1.6224549,38.08459,2023-03-05 07:04:41.250000000,2802,2802
13013,No outbreak,9,-1.0554057,35.485058,2022-12-16 03:57:49.921875000,2429,2429
13015,No outbreak,9,-0.649014,33.7319,2022-10-23 19:10:39.843750000,2109,2109
13017,No outbreak,9,-1.8976718,39.414078,2023-04-14 18:20:55.078125000,2931,2931
13019,No outbreak,9,0.5843688,28.92393,2022-05-30 10:39:55.898437495,1112,1112
13021,No outbreak,9,0.30747813,29.939875,2022-06-30 08:52:31.757812504,1323,1323
13023,No outbreak,9,0.7847047,28.210434,2022-05-08 17:24:55.898437495,1007,1007
13025,No outbreak,9,-2.356542,41.734737,2023-06-24 09:43:46.171875000,3065,3065
13027,No outbreak,9,0.51485574,29.175692,2022-06-07 02:35:39.257812504,1165,1165
13029,No outbreak,9,-0.31974292,32.375156,2022-09-12 11:59:38.906250000,1826,1826
13031,No outbreak,9,-0.5731413,33.414314,2022-10-14 03:09:40.078125000,2043,2043
13033,No outbreak,9,-1.537344,37.6826,2023-02-21 01:24:01.406250000,2748,2748
13035,No outbreak,9,-1.1740646,36.01393,2023-01-01 06:20:12.890625000,2519,2519
13037,No outbreak,9,-1.6918181,38.41538,2023-03-15 08:44:21.328125000,2845,2845
13039,No outbreak,9,-0.55556905,33.341187,2022-10-11 21:44:17.812500000,2024,2024
13043,No outbreak,9,0.08149627,30.79542,2022-07-26 09:54:08.437500000,1516,1516
13045,No outbreak,9,-0.7490057,34.15506,2022-11-05 16:19:16.640625000,2187,2187
13047,No outbreak,9,0.39633062,29.610035,2022-06-20 07:54:26.015625000,1262,1262
13049,No outbreak,9,-2.1622374,40.735847,2023-05-24 23:58:56.718750000,3016,3016
13051,No outbreak,9,1.1831914,26.843122,2022-03-28 02:30:43.945312504,792,792
13053,No outbreak,9,-3.6514692,49.04713,2024-02-01 23:52:15.937500000,3198,3198
13055,No outbreak,9,-1.553277,37.75753,2023-02-23 08:08:29.765625000,2758,2758
13057,No outbreak,9,0.06274,30.86752,2022-07-28 14:34:30.703125000,1528,1528
13059,No outbreak,9,-0.26428336,32.15207,2022-09-05 17:00:56.250000000,1777,1777
13061,No outbreak,9,-3.208875,46.413963,2023-11-13 20:11:07.968750000,3175,3175
13063,No outbreak,9,1.2338467,26.67413,2022-03-22 23:03:08.085937495,762,762
13065,No outbreak,9,-1.4466656,37.258976,2023-02-08 03:55:01.171875000,2711,2711
13067,No outbreak,9,2.9260502,21.600466,2021-10-19 12:26:11.484375000,264,264
13069,No outbreak,9,1.6862383,25.211271,2022-02-06 10:20:46.289062504,586,586
13071,No outbreak,9,1.0472429,27.301983,2022-04-11 01:44:14.296875000,843,843
13073,No outbreak,9,-0.3961944,32.685223,2022-09-21 22:30:58.007812504,1893,1893
13075,No outbreak,9,-1.6208014,38.076744,2023-03-05 01:20:51.562500000,2801,2801
13077,No outbreak,9,-0.17735294,31.805477,2022-08-26 03:48:36.210937495,1707,1707
13079,No outbreak,9,-1.2991948,36.580185,2023-01-18 12:01:13.828125000,2617,2617
13081,No outbreak,9,-0.3219695,32.384144,2022-09-12 18:33:39.726562504,1828,1828
13083,No outbreak,9,-0.7773707,34.27606,2022-11-09 08:43:07.500000000,2215,2215
13085,No outbreak,9,0.9236538,27.725933,2022-04-23 23:27:28.828125000,924,924
13087,No outbreak,9,-2.3292813,41.593132,2023-06-20 02:16:45.468750000,3060,3060
13089,No outbreak,9,3.8908188,19.152445,2021-08-06 00:00:36.914062504,128,128
13091,No outbreak,9,0.024934947,31.013355,2022-08-02 01:07:03.632812504,1559,1559
13093,No outbreak,9,0.6925499,28.53643,2022-05-18 15:34:27.187500000,1063,1063
13095,No outbreak,9,0.4763732,29.316013,2022-06-11 09:06:24.960937495,1202,1202
13097,No outbreak,9,0.099089384,30.727943,2022-07-24 08:36:26.718750000,1495,1495
13099,No outbreak,9,-0.7487152,34.15382,2022-11-05 15:24:57.656250000,2186,2186
13101,No outbreak,9,-0.5860541,33.46815,2022-10-15 18:29:31.875000000,2056,2056
13103,No outbreak,9,-0.72622824,34.0582,2022-11-02 17:33:37.968750000,2172,2172
13105,No outbreak,9,-0.5475579,33.307903,2022-10-10 21:25:18.750000000,2020,2020
13107,No outbreak,9,-0.31399328,32.35196,2022-09-11 19:02:50.507812504,1820,1820
13109,No outbreak,9,0.74373126,28.354916,2022-05-13 02:58:03.984375000,1032,1032
13111,No outbreak,9,1.4942306,25.822088,2022-02-25 00:35:04.101562504,658,658
13113,No outbreak,9,-0.3349976,32.43679,2022-09-14 09:01:19.101562504,1837,1837
13115,No outbreak,9,-0.41989124,32.781937,2022-09-24 21:10:16.992187495,1914,1914
13117,No outbreak,9,1.5115073,25.766525,2022-02-23 07:59:37.148437495,649,649
13119,No outbreak,9,-0.40579736,32.72438,2022-09-23 03:07:28.242187495,1903,1903
13121,Had outbreak,1,4.4299984,17.907272,2021-06-29 02:20:11.132812504,84,84
13123,No outbreak,9,-0.35286576,32.509132,2022-09-16 13:52:19.453125000,1856,1856
13125,No outbreak,9,-0.5719986,33.409554,2022-10-13 23:41:00.937500000,2042,2042
13127,No outbreak,9,-0.70394695,33.963722,2022-10-30 20:32:13.593750000,2160,2160
13129,No outbreak,9,-3.4946325,48.09738,2024-01-04 02:01:27.890625000,3189,3189
13131,No outbreak,9,0.90246344,27.799278,2022-04-26 05:02:25.898437495,937,937
13133,No outbreak,9,0.6586161,28.65742,2022-05-22 07:57:51.679687495,1082,1082
13135,No outbreak,9,3.994974,18.905342,2021-07-29 11:29:14.296875000,123,123
13137,No outbreak,9,-1.4893352,37.457718,2023-02-14 05:06:44.296875000,2731,2731
13139,No outbreak,9,0.29387718,29.990686,2022-07-01 21:59:45.937500000,1337,1337
13141,No outbreak,9,-1.7851584,38.865044,2023-03-29 01:14:52.968750000,2882,2882
13143,No outbreak,9,2.247445,23.507547,2021-12-16 13:40:27.539062504,413,413
13145,No outbreak,9,-1.1498086,35.90518,2022-12-28 22:53:22.734375000,2504,2504
13147,No outbreak,9,-0.8720492,34.68306,2022-11-21 18:03:20.390625000,2281,2281
13149,No outbreak,9,1.3858625,26.17334,2022-03-07 17:11:44.882812504,711,710
13151,No outbreak,9,0.15285143,30.522667,2022-07-18 02:38:22.734375000,1452,1452
13153,No outbreak,9,0.37767422,29.678988,2022-06-22 10:16:54.257812504,1276,1276
13155,No outbreak,9,-0.39322627,32.67313,2022-09-21 13:40:53.906250000,1890,1890
13157,No outbreak,9,-1.2027556,36.142986,2023-01-05 04:37:12.421875000,2539,2539
13159,No outbreak,9,-1.346245,36.7954,2023-01-25 01:14:52.968750000,2655,2655
13161,No outbreak,9,-0.6136916,33.583675,2022-10-19 06:53:26.250000000,2073,2073
13163,No outbreak,9,1.0168259,27.405718,2022-04-14 05:31:15.585937495,860,860
13165,No outbreak,9,-1.8669107,39.26321,2023-04-10 04:07:51.093750000,2919,2919
13167,No outbreak,9,-2.3173957,41.53154,2023-06-18 05:16:56.015625000,3058,3058
13169,No outbreak,9,-0.5354702,33.257744,2022-10-09 08:46:38.437500000,2002,2002
13171,No outbreak,9,-0.1071112,31.528156,2022-08-17 17:12:37.617187495,1651,1651
13173,No outbreak,9,1.081089,27.187016,2022-04-07 13:44:45.937500000,828,828
13175,No outbreak,9,-0.77139074,34.25051,2022-11-08 14:03:13.359375000,2210,2210
13177,No outbreak,9,1.7892954,24.889408,2022-01-27 15:12:23.554687495,551,551
13179,No outbreak,9,-1.9029045,39.439804,2023-04-15 13:08:33.281250000,2933,2933
13181,No outbreak,9,-0.48467714,33.0478,2022-10-02 23:23:57.890625000,1962,1962
13183,No outbreak,9,1.4461266,25.977417,2022-03-01 18:03:41.484375000,680,680
13185,No outbreak,9,0.562091,29.00438,2022-06-01 21:26:22.031250000,1126,1126
13187,No outbreak,9,-0.82007676,34.45905,2022-11-14 22:24:11.953125000,2248,2248
13189,No outbreak,9,-0.4408974,32.867905,2022-09-27 11:58:35.625000000,1927,1927
13191,No outbreak,9,-2.4935045,42.45352,2023-07-16 06:50:48.046875000,3093,3093
13193,No outbreak,9,1.1919681,26.813766,2022-03-27 05:03:55.546875000,783,783
13195,No outbreak,9,-0.81908005,34.454765,2022-11-14 19:16:27.890625000,2245,2245
13197,No outbreak,9,-1.2552867,36.380478,2023-01-12 10:07:19.453125000,2580,2580
13199,No outbreak,9,-1.5262723,37.63062,2023-02-19 11:25:32.812500000,2744,2744
13201,No outbreak,9,-1.0468767,35.447346,2022-12-15 00:24:47.109375000,2423,2423
13205,No outbreak,9,0.13076931,30.606817,2022-07-20 16:06:58.359375000,1467,1467
13207,No outbreak,9,0.7125932,28.46521,2022-05-16 11:32:39.960937495,1049,1049
13209,No outbreak,9,-0.37891972,32.614902,2022-09-19 19:08:38.554687495,1879,1879
13211,No outbreak,9,-1.5081302,37.5456,2023-02-16 21:18:48.515625000,2739,2739
13213,No outbreak,9,-1.8754165,39.30487,2023-04-11 10:34:02.578125000,2925,2925
13215,No outbreak,9,0.7167377,28.450502,2022-05-16 00:47:59.296875000,1047,1047
13217,No outbreak,9,-0.6558841,33.760807,2022-10-24 16:17:41.718750000,2115,2115
13219,No outbreak,9,-0.6342424,33.669834,2022-10-21 21:50:05.859375000,2093,2093
13221,No outbreak,9,-0.76814616,34.23666,2022-11-08 03:56:04.453125000,2206,2206
13223,No outbreak,9,0.4775164,29.311834,2022-06-11 06:03:15.117187495,1199,1199
13225,No outbreak,9,-1.1333727,35.83168,2022-12-26 17:11:29.062500000,2483,2483
13227,No outbreak,9,-0.013097167,31.16076,2022-08-06 12:48:20.390625000,1585,1585
13229,No outbreak,9,-1.062769,35.51765,2022-12-17 03:46:34.921875000,2433,2433
13231,No outbreak,9,-0.9587596,35.060047,2022-12-03 05:28:11.015625000,2356,2356
13233,No outbreak,9,-1.3891582,36.99279,2023-01-31 01:27:11.250000000,2681,2681
13235,No outbreak,9,-1.2340577,36.284313,2023-01-09 11:52:05.390625000,2565,2565
13237,No outbreak,9,-2.0089884,39.96491,2023-05-01 12:45:52.734375000,2980,2980
13239,No outbreak,9,-5.2032585,59.516552,2024-12-16 16:24:43.593750000,3221,3221
13241,No outbreak,9,0.99468255,27.481483,2022-04-16 12:52:22.968750000,874,874
13243,No outbreak,9,-1.1651891,35.974102,2022-12-31 01:14:21.328125000,2509,2509
13245,No outbreak,9,-0.20669404,31.922043,2022-08-29 16:58:07.500000000,1729,1729
13247,No outbreak,9,-1.0184284,35.321842,2022-12-11 04:43:32.109375000,2398,2398
13249,No outbreak,9,-1.633059,38.13498,2023-03-06 19:53:22.734375000,2813,2813
13251,No outbreak,9,-0.9638768,35.08242,2022-12-03 21:48:52.031250000,2363,2363
13253,No outbreak,9,-1.9266803,39.55689,2023-04-19 02:40:50.390625000,2949,2949
13255,No outbreak,9,1.2238581,26.707369,2022-03-23 23:20:11.132812504,769,769
13257,No outbreak,9,0.031597227,30.987604,2022-08-01 06:18:16.875000000,1547,1547
13259,No outbreak,9,-0.9752405,35.13216,2022-12-05 10:09:04.921875000,2370,2370
13261,No outbreak,9,0.36270845,29.734417,2022-06-24 02:46:33.164062504,1290,1290
13263,No outbreak,9,-1.3733333,36.919876,2023-01-28 20:11:07.968750000,2670,2670
13265,No outbreak,9,1.1766376,26.865068,2022-03-28 18:32:41.718750000,797,797
13267,No outbreak,9,-1.3122239,36.639656,2023-01-20 07:28:03.984375000,2625,2625
13269,No outbreak,9,-0.26218814,32.14367,2022-09-05 10:52:45.820312504,1772,1772
13271,No outbreak,9,-2.4285326,42.111015,2023-07-05 20:37:30.000000000,3084,3084
13273,No outbreak,9,-0.9361081,34.96117,2022-11-30 05:13:56.718750000,2342,2342
13275,No outbreak,9,-0.22398153,31.99092,2022-08-31 19:17:10.078125000,1738,1738
13277,No outbreak,9,-0.60953355,33.56627,2022-10-18 18:10:27.539062504,2070,2070
13279,No outbreak,9,1.2075312,26.76179,2022-03-25 15:05:37.500000000,777,777
13281,No outbreak,9,-1.104007,35.700733,2022-12-22 17:31:41.953125000,2460,2460
13283,No outbreak,9,-1.6515168,38.22284,2023-03-09 12:04:44.765625000,2825,2825
13285,No outbreak,9,-1.415946,37.11655,2023-02-03 19:51:58.359375000,2698,2698
13287,No outbreak,9,-2.8620188,44.44957,2023-09-15 01:04:41.250000000,3149,3149
13289,No outbreak,9,-1.2289062,36.26102,2023-01-08 18:51:09.140625000,2559,2559
13291,No outbreak,9,-1.341118,36.771885,2023-01-24 08:04:06.093750000,2649,2649
13293,No outbreak,9,-0.8605447,34.633347,2022-11-20 05:44:21.328125000,2271,2271
13295,No outbreak,9,0.5657127,28.991283,2022-06-01 11:52:21.210937495,1123,1123
13297,No outbreak,9,-1.359532,36.8564,2023-01-26 21:48:41.484375000,2665,2665
13299,No outbreak,9,0.68449605,28.5651,2022-05-19 12:31:12.070312504,1068,1068
13301,No outbreak,9,-1.3815856,36.957882,2023-01-29 23:57:00.703125000,2676,2676
13303,No outbreak,9,-0.18017432,31.816668,2022-08-26 11:59:07.265625000,1710,1710
13305,No outbreak,9,0.97534335,27.547827,2022-04-18 13:20:25.195312504,888,888
13307,No outbreak,9,1.3815528,26.187405,2022-03-08 03:28:12.773437495,712,712
13309,No outbreak,9,-1.490074,37.461174,2023-02-14 07:38:05.156250000,2733,2733
13311,No outbreak,9,0.5087526,29.1979,2022-06-07 18:49:07.851562504,1170,1170
13313,No outbreak,9,-1.1465127,35.890434,2022-12-28 12:07:01.875000000,2498,2498
13315,No outbreak,9,-1.6545625,38.23736,2023-03-09 22:41:04.453125000,2828,2828
13317,No outbreak,9,-0.37531772,32.600258,2022-09-19 08:26:41.367187495,1876,1876
13319,No outbreak,9,-1.4071715,37.075966,2023-02-02 14:13:03.984375000,2691,2691
13321,No outbreak,9,-0.47959137,33.026848,2022-10-02 08:05:41.015625000,1960,1960
15001,No outbreak,9,0.8328148,28.041729,2022-05-03 14:09:59.414062504,976,976
15003,Had outbreak,4,4.129381,18.591175,2021-07-19 21:58:11.015625000,108,108
15005,No outbreak,9,-4.385234,53.745796,2024-06-24 00:31:48.984375000,3215,3215
15007,No outbreak,9,-1.0414335,35.423298,2022-12-14 06:50:37.500000000,2418,2418
15009,No outbreak,9,0.19749051,30.353266,2022-07-12 22:52:56.367187495,1417,1417
16001,No outbreak,9,2.867524,21.75866,2021-10-24 08:00:24.609375000,284,284
16003,No outbreak,9,-1.5676947,37.825462,2023-02-25 09:46:13.828125000,2766,2766
16005,No outbreak,9,2.2602558,23.470032,2021-12-15 10:16:01.523437495,409,409
16007,No outbreak,9,-1.2772422,36.4802,2023-01-15 10:58:39.140625000,2600,2600
16009,No outbreak,9,0.6955787,28.525658,2022-05-18 07:42:18.281250000,1060,1060
16011,No outbreak,9,-0.6502653,33.737164,2022-10-23 23:01:17.343750000,2110,2110
16013,No outbreak,9,-0.57493997,33.421806,2022-10-14 08:38:06.914062504,2046,2046
16015,No outbreak,9,-1.6710558,38.316063,2023-03-12 08:10:57.421875000,2834,2834
16017,Had outbreak,8,0.11533174,30.665781,2022-07-22 11:11:34.335937495,1482,1482
16019,Had outbreak,8,3.3352437,20.526114,2021-09-16 19:33:25.664062504,192,192
16021,No outbreak,9,-1.1847087,36.061756,2023-01-02 17:16:34.921875000,2532,2532
16023,No outbreak,9,-1.4480267,37.265305,2023-02-08 08:32:24.140625000,2714,2714
16025,No outbreak,9,-2.7229865,43.685707,2023-08-22 19:01:52.500000000,3134,3134
16027,No outbreak,9,1.0962294,27.135744,2022-04-06 00:17:24.140625000,825,825
16029,No outbreak,9,-2.6336374,43.20176,2023-08-08 01:28:35.625000000,3120,3120
16031,No outbreak,9,-0.83089316,34.505547,2022-11-16 08:22:22.968750000,2255,2255
16033,No outbreak,9,-0.85091496,34.59179,2022-11-18 23:22:44.062500000,2268,2268
16035,No outbreak,9,-3.0323534,45.403633,2023-10-14 02:04:48.281250000,3166,3166
16037,No outbreak,9,-0.93007135,34.934868,2022-11-29 10:00:59.765625000,2335,2335
16039,No outbreak,9,-0.05264379,31.31478,2022-08-11 05:19:34.218750000,1617,1617
16041,No outbreak,9,0.020457372,31.030674,2022-08-02 13:46:10.312500000,1563,1563
16043,No outbreak,9,-1.2718587,36.455727,2023-01-14 17:05:41.015625000,2595,2595
16045,No outbreak,9,-1.5565429,37.772907,2023-02-23 19:22:37.031250000,2759,2759
16047,No outbreak,9,1.9201094,24.486767,2022-01-15 09:03:09.843750000,506,506
16049,No outbreak,9,-2.1855803,40.854576,2023-05-28 14:43:07.500000000,3024,3024
16051,No outbreak,9,-0.09680399,31.487669,2022-08-16 11:37:56.367187495,1648,1648
16053,No outbreak,9,0.90274477,27.798306,2022-04-26 04:19:48.281250000,936,936
16055,Had outbreak,8,4.5699353,17.597555,2021-06-19 16:04:14.882812504,74,74
16057,No outbreak,9,-0.46824175,32.980145,2022-09-30 21:58:26.835937495,1948,1948
16059,No outbreak,9,-3.7137406,49.42941,2024-02-13 15:08:57.890625000,3200,3200
16061,No outbreak,9,-1.7444777,38.668427,2023-03-23 01:36:19.687500000,2862,2862
16063,No outbreak,9,-1.5999718,37.977985,2023-03-02 01:11:53.671875000,2790,2790
16065,No outbreak,9,-2.9498982,44.93926,2023-09-29 22:49:30.703125000,3159,3159
16067,No outbreak,9,-1.8833685,39.343857,2023-04-12 15:02:59.296875000,2927,2927
16069,No outbreak,9,0.37378398,29.693386,2022-06-22 20:48:02.812500000,1282,1282
16071,No outbreak,9,-1.1211796,35.77725,2022-12-25 01:25:36.328125000,2476,2476
16073,No outbreak,9,-2.7604785,43.890392,2023-08-29 00:33:55.546875000,3139,3139
16075,No outbreak,9,-2.1350577,40.598038,2023-05-20 19:18:13.359375000,3011,3011
16077,No outbreak,9,0.55857986,29.017076,2022-06-02 06:42:58.710937495,1129,1129
16079,No outbreak,9,-2.2428384,41.14727,2023-06-06 12:33:02.812500000,3041,3041
16081,No outbreak,9,1.6357651,25.370424,2022-02-11 06:37:05.390625000,609,609
16083,No outbreak,9,2.7165017,22.172235,2021-11-05 22:08:54.375000000,313,313
16085,No outbreak,9,-0.93514735,34.956985,2022-11-30 02:10:36.328125000,2338,2338
16087,No outbreak,9,-2.138501,40.61547,2023-05-21 08:02:20.625000000,3012,3012
17001,No outbreak,9,1.5262244,25.71929,2022-02-21 21:29:05.507812504,643,643
17003,No outbreak,9,-1.4707661,37.3711,2023-02-11 13:49:51.796875000,2726,2726
17005,No outbreak,9,0.7464554,28.345287,2022-05-12 19:56:00.937500000,1030,1030
17007,No outbreak,9,-2.0106664,39.97327,2023-05-01 18:52:22.968750000,2981,2981
17009,No outbreak,9,-1.1422195,35.871227,2022-12-27 22:05:02.343750000,2490,2490
17011,No outbreak,9,0.66520715,28.633877,2022-05-21 14:45:56.250000000,1076,1076
17013,No outbreak,9,-1.9873736,39.857353,2023-04-28 06:11:15.000000000,2968,2968
17015,No outbreak,9,0.2280027,30.238018,2022-07-09 10:41:15.000000000,1387,1387
17017,No outbreak,9,0.22251764,30.258703,2022-07-10 01:47:55.781250000,1391,1391
17019,No outbreak,9,1.4627856,25.92352,2022-02-28 02:41:11.484375000,672,672
17021,No outbreak,9,-0.08797072,31.453007,2022-08-15 10:18:34.453125000,1643,1643
17023,No outbreak,9,-0.0048877597,31.128881,2022-08-05 13:30:58.007812504,1579,1579
17025,No outbreak,9,-0.64805686,33.727875,2022-10-23 16:14:10.781250000,2108,2108
17027,No outbreak,9,-0.7645116,34.22115,2022-11-07 16:36:09.140625000,2204,2204
17029,No outbreak,9,1.5385138,25.67991,2022-02-20 16:42:55.195312504,638,638
17031,Had outbreak,4,6.1111155,14.521204,2021-03-18 00:36:39.023437495,22,22
17033,No outbreak,9,-0.875927,34.69983,2022-11-22 06:18:27.421875000,2287,2287
17035,No outbreak,9,0.45158225,29.406761,2022-06-14 03:24:15.468750000,1223,1223
17037,No outbreak,9,0.55968165,29.01309,2022-06-02 03:48:15.117187495,1127,1127
17039,No outbreak,9,-0.10965958,31.538177,2022-08-18 00:31:54.257812504,1654,1654
17041,No outbreak,9,2.882855,21.717108,2021-10-23 01:39:03.164062504,277,277
17043,No outbreak,9,3.6600556,19.711481,2021-08-23 00:25:13.476562504,148,148
17045,No outbreak,9,-0.53263736,33.246,2022-10-09 00:11:46.640625000,1998,1998
17047,No outbreak,9,-0.22844109,32.008713,2022-09-01 08:17:06.562500000,1745,1745
17049,No outbreak,9,0.6626821,28.642895,2022-05-21 21:21:10.898437495,1079,1079
17051,No outbreak,9,-0.66414493,33.795593,2022-10-25 17:42:35.859375000,2127,2127
17053,No outbreak,9,-0.9199202,34.890682,2022-11-28 01:44:14.296875000,2325,2325
17055,No outbreak,9,0.9288186,27.708084,2022-04-23 10:25:04.687500000,919,919
17057,No outbreak,9,0.5444493,29.068243,2022-06-03 20:05:46.289062504,1141,1141
17059,No outbreak,9,-2.2254243,41.05803,2023-06-03 19:21:12.656250000,3035,3035
17061,No outbreak,9,-0.028017968,31.218782,2022-08-08 07:11:37.851562504,1598,1598
17063,No outbreak,9,1.4671122,25.909538,2022-02-27 16:28:19.804687495,669,669
17065,No outbreak,9,0.27081257,30.077053,2022-07-04 13:05:33.984375000,1350,1350
17067,No outbreak,9,-1.1761115,36.023125,2023-01-01 13:03:16.875000000,2521,2521
17069,No outbreak,9,-2.5242138,42.61638,2023-07-21 05:49:16.640625000,3097,3097
17071,No outbreak,9,-1.6868429,38.391556,2023-03-14 15:20:12.890625000,2841,2841
17073,No outbreak,9,0.43431973,29.470123,2022-06-16 01:41:36.093750000,1234,1234
17075,No outbreak,9,-1.8426018,39.14439,2023-04-06 13:19:37.734375000,2909,2909
17077,No outbreak,9,0.56873786,28.98035,2022-06-01 03:53:05.156250000,1121,1121
17079,No outbreak,9,-1.303066,36.597847,2023-01-19 00:55:22.265625000,2618,2618
17081,No outbreak,9,1.3591473,26.260662,2022-03-10 08:59:23.085937495,719,719
17083,No outbreak,9,-2.5576124,42.794205,2023-07-26 15:44:07.265625000,3101,3101
17085,No outbreak,9,-0.9357017,34.9594,2022-11-30 03:56:25.546875000,2339,2339
17087,No outbreak,9,-0.6044905,33.54517,2022-10-18 02:45:35.156250000,2066,2066
17089,No outbreak,9,2.3796704,23.123192,2021-12-04 20:52:47.578125000,381,381
17091,No outbreak,9,1.407216,26.10375,2022-03-05 14:21:19.687500000,700,700
17093,No outbreak,9,2.072043,24.027288,2022-01-01 09:22:35.273437495,463,463
17095,No outbreak,9,0.37081876,29.704367,2022-06-23 04:49:20.156250000,1284,1284
17097,No outbreak,9,3.064733,21.23019,2021-10-08 05:55:41.601562504,238,238
17099,No outbreak,9,1.0396488,27.327845,2022-04-11 20:37:51.093750000,850,850
17101,No outbreak,9,-1.8054748,38.963615,2023-04-01 01:15:35.156250000,2890,2890
17103,No outbreak,9,0.17783536,30.427738,2022-07-15 05:17:17.109375000,1430,1430
17105,No outbreak,9,0.8953928,27.823797,2022-04-26 22:57:14.765625000,940,940
17107,No outbreak,9,1.4129722,26.085018,2022-03-05 00:40:15.234375000,697,697
17109,No outbreak,9,-0.8170032,34.445843,2022-11-14 12:45:21.093750000,2244,2244
17111,No outbreak,9,1.0552534,27.27473,2022-04-10 05:49:37.734375000,840,840
17113,No outbreak,9,1.4666648,25.910984,2022-02-27 17:31:41.953125000,670,670
17115,No outbreak,9,1.3101435,26.421597,2022-03-15 06:33:45.000000000,733,733
17117,No outbreak,9,0.48795956,29.273693,2022-06-10 02:11:23.789062504,1190,1190
17119,No outbreak,9,1.4210142,26.058882,2022-03-04 05:34:35.976562504,693,693
17121,No outbreak,9,1.5340211,25.694302,2022-02-21 03:13:47.929687495,641,641
17123,No outbreak,9,-1.6052185,38.00284,2023-03-02 19:21:12.656250000,2794,2794
17125,No outbreak,9,-0.30672467,32.322655,2022-09-10 21:38:19.218750000,1812,1812
17127,No outbreak,9,0.028968513,30.99776,2022-08-01 13:43:26.835937495,1551,1551
17129,No outbreak,9,-0.5598249,33.358883,2022-10-12 10:39:55.898437495,2028,2028
17131,No outbreak,9,-1.9293758,39.570183,2023-04-19 12:23:33.281250000,2952,2952
17133,No outbreak,9,-0.78169584,34.294548,2022-11-09 22:13:28.593750000,2219,2219
17135,No outbreak,9,-1.2315004,36.27275,2023-01-09 03:25:18.750000000,2562,2562
17137,No outbreak,9,2.259597,23.47196,2021-12-15 11:40:29.296875000,411,411
17139,No outbreak,9,2.8793578,21.72658,2021-10-23 08:34:14.882812504,279,279
17141,No outbreak,9,-0.031215966,31.231234,2022-08-08 16:17:25.898437495,1604,1604
17143,No outbreak,9,1.325546,26.370907,2022-03-13 17:31:47.226562504,729,729
17145,No outbreak,9,-0.4774136,33.017883,2022-10-02 01:32:43.476562504,1957,1957
17147,No outbreak,9,-0.2991842,32.29228,2022-09-09 23:26:51.914062504,1806,1806
17149,No outbreak,9,-0.7662167,34.228424,2022-11-07 21:55:01.171875000,2205,2205
17151,No outbreak,9,-1.2630517,36.41572,2023-01-13 11:52:15.937500000,2586,2586
17153,No outbreak,9,1.3667884,26.235653,2022-03-09 14:43:07.500000000,716,716
17155,No outbreak,9,2.0231981,24.174057,2022-01-05 20:36:00.351562504,474,474
17157,No outbreak,9,-0.9667811,35.095127,2022-12-04 07:05:44.531250000,2364,2364
17159,No outbreak,9,-0.49164793,33.07653,2022-10-03 20:23:26.250000000,1969,1969
17161,No outbreak,9,1.1189952,27.058834,2022-04-03 16:06:05.625000000,818,818
17163,No outbreak,9,0.9437352,27.656603,2022-04-21 20:48:29.179687495,910,910
17165,No outbreak,9,-0.8660345,34.657063,2022-11-20 23:03:55.546875000,2278,2278
17167,No outbreak,9,1.9429395,24.417164,2022-01-13 06:12:13.007812504,496,496
17169,No outbreak,9,-0.667511,33.80978,2022-10-26 04:04:20.156250000,2129,2129
17171,No outbreak,9,1.6479809,25.331814,2022-02-10 02:24:34.804687495,603,603
17173,No outbreak,9,0.39480585,29.615665,2022-06-20 12:01:13.828125000,1263,1263
17175,No outbreak,9,-1.3714523,36.91122,2023-01-28 13:51:37.265625000,2669,2669
17177,No outbreak,9,0.08895311,30.766804,2022-07-25 12:59:45.937500000,1508,1508
17179,No outbreak,9,2.3657951,23.163227,2021-12-06 02:07:37.031250000,385,385
17181,No outbreak,9,-0.7129353,34.0018,2022-11-01 00:21:16.171875000,2165,2165
17183,No outbreak,9,1.7153189,25.120031,2022-02-03 15:41:23.789062504,573,573
17185,No outbreak,9,-2.5069435,42.524715,2023-07-18 10:51:26.718750000,3094,3094
17187,No outbreak,9,1.5133047,25.760754,2022-02-23 03:46:34.921875000,648,648
17189,No outbreak,9,-0.22724871,32.003952,2022-09-01 04:48:27.421875000,1743,1743
17191,No outbreak,9,-0.96130294,35.071163,2022-12-03 13:35:26.953125000,2358,2358
17193,No outbreak,9,-1.6443967,38.188923,2023-03-08 11:17:59.296875000,2821,2821
17195,No outbreak,9,-0.17689028,31.803646,2022-08-26 02:28:21.562500000,1706,1706
17197,No outbreak,9,3.2261384,20.807236,2021-09-25 08:56:02.695312504,214,214
17199,Had outbreak,4,3.830276,19.297558,2021-08-10 10:01:26.132812504,135,135
17201,No outbreak,9,1.7816758,24.913065,2022-01-28 08:29:19.570312504,554,554
17203,No outbreak,9,0.9297743,27.70478,2022-04-23 08:00:19.335937495,918,918
18001,No outbreak,9,1.6207098,25.41809,2022-02-12 17:26:25.546875000,614,614
18003,Had outbreak,4,2.1881244,23.682049,2021-12-21 21:09:29.531250000,432,432
18005,No outbreak,9,0.029641435,30.99516,2022-08-01 11:49:27.187500000,1549,1549
18007,No outbreak,9,-0.059551775,31.34176,2022-08-12 01:02:13.593750000,1623,1623
18009,No outbreak,9,-2.6820602,43.463367,2023-08-16 00:35:51.562500000,3127,3127
18011,No outbreak,9,1.0649217,27.241873,2022-04-09 05:49:21.914062504,836,836
18013,No outbreak,9,0.0015655309,31.103846,2022-08-04 19:13:33.867187495,1573,1573
18015,No outbreak,9,0.50968254,29.194517,2022-06-07 16:20:46.289062504,1169,1169
18017,No outbreak,9,-1.1422626,35.871418,2022-12-27 22:13:28.593750000,2491,2491
18019,No outbreak,9,0.68179846,28.574707,2022-05-19 19:32:17.109375000,1071,1071
18021,No outbreak,9,0.18060617,30.417229,2022-07-14 21:36:39.023437495,1427,1427
18023,No outbreak,9,-1.0837083,35.610497,2022-12-19 23:36:16.171875000,2449,2449
18025,No outbreak,9,0.20980307,30.306707,2022-07-11 12:52:07.148437495,1404,1404
18027,No outbreak,9,2.609397,22.470299,2021-11-14 23:54:06.679687495,332,332
18029,No outbreak,9,-0.9625814,35.076756,2022-12-03 17:40:29.296875000,2360,2360
18031,No outbreak,9,-0.1704165,31.777985,2022-08-25 07:43:26.835937495,1701,1701
18033,No outbreak,9,-0.8101506,34.41643,2022-11-13 15:16:10.312500000,2237,2237
18035,No outbreak,9,2.673994,22.290054,2021-11-09 12:13:21.562500000,323,323
18037,No outbreak,9,0.6341708,28.744892,2022-05-24 23:52:05.390625000,1090,1090
18039,No outbreak,9,1.7200904,25.105087,2022-02-03 04:46:20.859375000,571,571
18041,No outbreak,9,-1.0451512,35.43972,2022-12-14 18:50:37.500000000,2421,2421
18043,No outbreak,9,-0.57107407,33.405704,2022-10-13 20:52:21.210937495,2039,2039
18045,No outbreak,9,1.1599982,26.92086,2022-03-30 11:18:15.117187495,803,803
18047,No outbreak,9,-0.89368665,34.77675,2022-11-24 14:30:07.031250000,2303,2303
18049,No outbreak,9,-0.7495228,34.157257,2022-11-05 17:55:36.328125000,2188,2188
18051,No outbreak,9,-0.4197923,32.78153,2022-09-24 20:52:26.484375000,1912,1912
18053,No outbreak,9,1.0080423,27.435747,2022-04-15 03:27:35.859375000,867,867
18055,No outbreak,9,-0.18657047,31.842052,2022-08-27 06:31:48.984375000,1717,1717
18057,No outbreak,9,1.6997964,25.16869,2022-02-05 03:14:19.570312504,579,579
18059,No outbreak,9,1.1919554,26.81381,2022-03-27 05:05:51.562500000,784,784
18061,No outbreak,9,-1.0810724,35.598797,2022-12-19 15:03:30.937500000,2447,2447
18063,No outbreak,9,0.8905597,27.840569,2022-04-27 11:12:21.796875000,942,942
18065,No outbreak,9,-0.11442639,31.556925,2022-08-18 14:13:40.898437495,1656,1656
18067,No outbreak,9,0.99214077,27.490194,2022-04-16 19:14:10.781250000,877,877
18069,No outbreak,9,1.2340133,26.673574,2022-03-22 22:38:47.343750000,761,761
18071,No outbreak,9,-1.9975863,39.90814,2023-04-29 19:17:20.625000000,2976,2976
18073,No outbreak,9,0.059732378,30.879095,2022-07-28 23:01:54.257812504,1530,1530
18075,No outbreak,9,-1.7771806,38.82641,2023-03-27 21:01:13.828125000,2877,2877
18077,No outbreak,9,-1.5568005,37.77412,2023-02-23 20:15:42.187500000,2760,2760
18079,No outbreak,9,0.6982588,28.516127,2022-05-18 00:44:28.359375000,1059,1059
18081,No outbreak,9,1.227796,26.694258,2022-03-23 13:45:28.125000000,766,766
18083,No outbreak,9,1.50615,25.783743,2022-02-23 20:34:20.156250000,652,652
18085,No outbreak,9,2.4623766,22.885979,2021-11-27 15:34:53.554687495,361,361
18087,No outbreak,9,5.422646,15.822713,2021-04-26 15:26:29.941406252,41,41
18089,No outbreak,9,2.4479997,22.927038,2021-11-28 21:34:37.734375000,364,364
18091,No outbreak,9,1.7364566,25.053913,2022-02-01 15:23:12.187500000,565,565
18093,No outbreak,9,-0.6526078,33.747017,2022-10-24 06:13:11.015625000,2112,2112
18095,No outbreak,9,1.4692154,25.902748,2022-02-27 11:30:43.945312504,668,668
18097,No outbreak,9,3.581696,19.904999,2021-08-28 21:47:48.750000000,159,159
18099,No outbreak,9,-0.75592947,34.18455,2022-11-06 13:51:58.359375000,2192,2192
18101,No outbreak,9,-0.53490555,33.2554,2022-10-09 07:03:59.062500000,2001,2001
18103,No outbreak,9,0.0056817383,31.08789,2022-08-04 07:34:13.125000000,1571,1571
18105,No outbreak,9,0.74422467,28.35317,2022-05-13 01:41:30.820312504,1031,1031
18107,No outbreak,9,0.12501433,30.628786,2022-07-21 08:09:59.414062504,1474,1474
18109,No outbreak,9,1.6439364,25.344593,2022-02-10 11:44:47.695312504,605,605
18111,No outbreak,9,-1.5458589,37.722626,2023-02-22 06:38:29.765625000,2753,2753
18113,No outbreak,9,-0.40006125,32.700985,2022-09-22 10:01:57.773437495,1898,1898
18115,No outbreak,9,-0.44875753,32.900127,2022-09-28 11:31:05.039062504,1932,1932
18117,No outbreak,9,1.876002,24.621792,2022-01-19 11:41:48.398437495,525,525
18119,No outbreak,9,1.4291449,26.032478,2022-03-03 10:17:15.351562504,689,689
18121,No outbreak,9,1.702979,25.158709,2022-02-04 19:56:48.398437495,577,577
18123,No outbreak,9,-0.97575825,35.13443,2022-12-05 11:48:34.453125000,2371,2371
18125,No outbreak,9,1.0205214,27.393093,2022-04-13 20:17:54.023437495,858,858
18127,No outbreak,9,0.026768506,31.006266,2022-08-01 19:56:16.757812504,1556,1556
18129,No outbreak,9,0.09608343,30.739464,2022-07-24 17:01:22.617187495,1500,1500
18131,No outbreak,9,1.7297573,25.07485,2022-02-02 06:40:57.421875000,567,567
18133,Had outbreak,7,4.02783,18.828056,2021-07-27 03:01:29.648437495,118,118
18135,No outbreak,9,0.14178877,30.564795,2022-07-19 09:24:57.656250000,1461,1461
18137,No outbreak,9,-0.62379825,33.62602,2022-10-20 13:49:30.703125000,2083,2083
18139,No outbreak,9,0.022334456,31.02341,2022-08-02 08:27:49.921875000,1562,1562
18141,No outbreak,9,1.7651781,24.964363,2022-01-29 21:57:55.195312504,557,557
18143,No outbreak,9,-1.47911,37.409996,2023-02-12 18:14:45.937500000,2729,2729
18145,No outbreak,9,0.22003314,30.268076,2022-07-10 08:38:43.828125000,1393,1393
18147,No outbreak,9,-0.9317519,34.94219,2022-11-29 15:21:58.359375000,2336,2336
18149,No outbreak,9,0.20437652,30.327217,2022-07-12 03:51:09.140625000,1410,1410
18151,No outbreak,9,-1.2725661,36.45894,2023-01-14 19:26:29.062500000,2596,2596
18153,No outbreak,9,-0.92269754,34.902767,2022-11-28 10:34:02.578125000,2328,2328
18155,No outbreak,9,-0.5221448,33.202534,2022-10-07 16:26:34.335937495,1990,1990
18157,No outbreak,9,1.0707499,27.222084,2022-04-08 15:21:58.359375000,833,833
18159,No outbreak,9,0.4224253,29.513857,2022-06-17 09:38:35.039062504,1241,1241
18161,No outbreak,9,-0.19983892,31.894772,2022-08-28 21:02:43.476562504,1724,1724
18163,No outbreak,9,1.1583201,26.926493,2022-03-30 15:25:08.203125000,804,804
18165,No outbreak,9,-1.2311835,36.271317,2023-01-09 02:22:22.968750000,2561,2561
18167,No outbreak,9,1.9405305,24.4245,2022-01-13 11:33:43.242187495,497,497
18169,No outbreak,9,-1.1765593,36.025135,2023-01-01 14:31:20.859375000,2524,2524
18171,No outbreak,9,-1.240705,36.314404,2023-01-10 09:51:09.140625000,2570,2570
18173,No outbreak,9,0.33318928,29.844051,2022-06-27 10:52:14.179687495,1315,1315
18175,No outbreak,9,0.5178311,29.164873,2022-06-06 18:41:23.789062504,1164,1164
18177,No outbreak,9,1.4582491,25.938187,2022-02-28 13:24:06.679687495,675,675
18179,No outbreak,9,-1.2633588,36.41711,2023-01-13 12:53:05.156250000,2587,2587
18181,No outbreak,9,0.8001379,28.156204,2022-05-07 01:47:50.507812504,994,994
18183,No outbreak,9,2.3789632,23.125229,2021-12-04 22:22:05.390625000,382,382
19001,No outbreak,9,-0.58895326,33.480247,2022-10-16 03:19:46.523437495,2058,2058
19003,No outbreak,9,-1.4258707,37.162502,2023-02-05 05:26:15.000000000,2704,2704
19005,No outbreak,9,-1.8574011,39.216686,2023-04-08 18:08:36.796875000,2916,2916
19007,No outbreak,9,-0.3302499,32.417595,2022-09-13 18:59:56.484375000,1832,1832
19009,No outbreak,9,-2.0905113,40.373184,2023-05-13 23:01:59.531250000,3002,3002
19011,No outbreak,9,-2.6843276,43.47566,2023-08-16 09:34:37.734375000,3129,3129
19013,No outbreak,9,1.3904185,26.15847,2022-03-07 06:19:57.070312504,705,705
19015,No outbreak,9,-1.5986645,37.971798,2023-03-01 20:40:39.843750000,2787,2787
19017,No outbreak,9,0.109660536,30.687473,2022-07-23 03:02:27.656250000,1486,1486
19019,No outbreak,9,-0.63634497,33.67866,2022-10-22 04:16:59.531250000,2095,2095
19021,No outbreak,9,-4.549138,54.855396,2024-07-27 19:09:36.562500000,3217,3217
19023,No outbreak,9,0.38590884,29.648533,2022-06-21 12:01:56.015625000,1272,1272
19025,No outbreak,9,-0.2093374,31.932564,2022-08-30 00:39:17.226562504,1731,1731
19027,No outbreak,9,-1.5981932,37.969566,2023-03-01 19:02:45.234375000,2786,2786
19029,No outbreak,9,-1.3036208,36.600376,2023-01-19 02:46:17.343750000,2619,2619
19031,No outbreak,9,-2.920754,44.776264,2023-09-24 23:44:52.968750000,3155,3155
19033,No outbreak,9,-1.2592943,36.398663,2023-01-12 23:24:29.531250000,2584,2584
19035,No outbreak,9,-2.7407298,43.782455,2023-08-25 17:42:35.859375000,3136,3136
19037,No outbreak,9,-2.2853312,41.365845,2023-06-13 04:14:00.234375000,3048,3048
19039,No outbreak,9,-2.084126,40.341053,2023-05-12 23:33:37.968750000,3000,3000
19041,No outbreak,9,-0.31516322,32.356674,2022-09-11 22:29:33.632812504,1821,1821
19043,No outbreak,9,-1.1086578,35.72144,2022-12-23 08:39:15.468750000,2466,2466
19045,No outbreak,9,0.43600327,29.463938,2022-06-15 21:10:27.539062504,1232,1232
19047,No outbreak,9,-1.5214423,37.60797,2023-02-18 18:52:44.062500000,2742,2742
19049,No outbreak,9,2.4547772,22.907675,2021-11-28 07:25:52.148437495,362,362
19051,No outbreak,9,4.059991,18.752712,2021-07-24 19:58:54.960937495,113,113
19053,No outbreak,9,-0.96143156,35.071728,2022-12-03 14:00:03.515625000,2359,2359
19055,No outbreak,9,-1.4545975,37.295845,2023-02-09 06:51:09.140625000,2721,2721
19057,No outbreak,9,-0.21435419,31.952541,2022-08-30 15:14:56.484375000,1733,1733
19059,No outbreak,9,-1.1183426,35.764595,2022-12-24 16:11:00.937500000,2473,2473
19061,No outbreak,9,-0.2262192,31.999846,2022-09-01 01:48:27.421875000,1742,1742
19063,No outbreak,9,-1.8142118,39.00608,2023-04-02 08:16:56.015625000,2894,2894
19065,No outbreak,9,-1.1411797,35.866573,2022-12-27 18:41:07.968750000,2488,2488
19067,No outbreak,9,-2.9452224,44.91307,2023-09-29 03:41:39.609375000,3158,3158
19069,No outbreak,9,-2.5610757,42.812687,2023-07-27 05:14:17.812500000,3104,3104
19071,No outbreak,9,-1.9397843,39.621567,2023-04-21 01:56:00.937500000,2954,2954
19073,No outbreak,9,-2.4410052,42.17655,2023-07-07 20:30:07.031250000,3088,3088
19075,No outbreak,9,-1.2062252,36.158627,2023-01-05 16:02:45.234375000,2541,2541
19077,No outbreak,9,-1.118931,35.76722,2022-12-24 18:05:58.593750000,2474,2474
19079,No outbreak,9,-2.0649405,40.244675,2023-05-10 01:09:04.921875000,2994,2994
19081,No outbreak,9,-2.440199,42.172314,2023-07-07 17:24:18.984375000,3087,3087
19083,No outbreak,9,-1.7850914,38.864723,2023-03-29 01:00:49.218750000,2881,2881
19085,No outbreak,9,-0.84658116,34.573105,2022-11-18 09:43:35.625000000,2265,2265
19087,No outbreak,9,-1.0398204,35.416176,2022-12-14 01:38:26.250000000,2414,2414
19089,No outbreak,9,-1.6285453,38.113525,2023-03-06 04:13:07.500000000,2808,2808
19091,No outbreak,9,-1.456659,37.305428,2023-02-09 13:51:16.171875000,2722,2722
19093,No outbreak,9,-2.0820804,40.33077,2023-05-12 16:02:45.234375000,2999,2999
19095,No outbreak,9,-0.9156598,34.872154,2022-11-27 12:12:07.734375000,2322,2322
19097,No outbreak,9,-0.9065583,34.832603,2022-11-26 07:18:23.906250000,2312,2312
19099,No outbreak,9,-0.6704184,33.822037,2022-10-26 13:01:41.953125000,2133,2133
19101,No outbreak,9,-0.53559476,33.258263,2022-10-09 09:09:24.257812504,2003,2003
19103,No outbreak,9,0.84460974,28.000523,2022-05-02 08:03:45.000000000,964,964
19105,No outbreak,9,-1.5729359,37.850193,2023-02-26 03:50:16.406250000,2769,2769
19107,No outbreak,9,-1.6109684,38.030094,2023-03-03 15:15:59.765625000,2796,2796
19109,No outbreak,9,0.17190778,30.450235,2022-07-15 21:43:25.078125000,1433,1433
19111,No outbreak,9,-1.4424466,37.239388,2023-02-07 13:36:30.234375000,2710,2710
19113,No outbreak,9,0.8415556,28.011185,2022-05-02 15:51:03.867187495,965,965
19115,No outbreak,9,-1.6543248,38.23622,2023-03-09 21:51:19.687500000,2827,2827
19117,No outbreak,9,-0.73534966,34.096954,2022-11-03 21:52:12.421875000,2177,2177
19119,No outbreak,9,0.39130262,29.628603,2022-06-20 21:28:23.320312504,1268,1268
19121,No outbreak,9,1.1517104,26.948689,2022-03-31 07:38:05.156250000,808,808
19123,No outbreak,9,0.90566134,27.788197,2022-04-25 20:56:44.882812504,933,933
19125,No outbreak,9,1.4217173,26.056595,2022-03-04 03:54:24.257812504,692,692
19127,No outbreak,9,-2.5124884,42.554127,2023-07-19 08:20:37.500000000,3095,3095
19129,No outbreak,9,-1.2674835,36.435844,2023-01-14 02:34:20.156250000,2590,2590
19131,No outbreak,9,-0.34954375,32.49567,2022-09-16 04:02:13.593750000,1852,1852
19133,No outbreak,9,-0.7325749,34.08516,2022-11-03 13:15:14.062500000,2175,2175
19135,No outbreak,9,-0.3410961,32.461464,2022-09-15 03:02:48.750000000,1845,1845
19137,No outbreak,9,-1.1319405,35.825283,2022-12-26 12:31:06.796875000,2482,2482
19139,No outbreak,9,-1.0729123,35.562595,2022-12-18 12:36:33.750000000,2440,2440
19141,No outbreak,9,-1.6541398,38.23534,2023-03-09 21:12:39.375000000,2826,2826
19143,No outbreak,9,-1.0873874,35.626835,2022-12-20 11:32:24.140625000,2451,2451
19145,No outbreak,9,-2.2957652,41.419685,2023-06-14 19:33:52.031250000,3052,3052
19147,No outbreak,9,-1.3360974,36.74887,2023-01-23 15:15:17.578125000,2645,2645
19149,No outbreak,9,0.028529584,30.999456,2022-08-01 14:57:48.164062504,1552,1552
19151,No outbreak,9,-2.5654082,42.83582,2023-07-27 22:08:12.187500000,3108,3108
19153,No outbreak,9,3.087967,21.168783,2021-10-06 09:03:57.304687495,233,233
19155,No outbreak,9,1.0624528e-05,31.109879,2022-08-04 23:38:01.640625000,1574,1574
19157,No outbreak,9,-1.279362,36.489845,2023-01-15 18:01:13.828125000,2601,2601
19159,No outbreak,9,0.52783704,29.128511,2022-06-05 16:07:30.000000000,1158,1158
19161,No outbreak,9,-1.1426554,35.873173,2022-12-27 23:30:17.578125000,2493,2493
19163,No outbreak,9,0.96389806,27.587164,2022-04-19 18:04:44.765625000,895,895
19165,No outbreak,9,-1.4341934,37.201084,2023-02-06 09:37:26.484375000,2707,2707
19167,No outbreak,9,3.8046536,19.359303,2021-08-12 07:07:56.367187495,138,138
19169,No outbreak,9,-0.3728037,32.590042,2022-09-19 00:58:53.203125000,1872,1872
19171,No outbreak,9,-2.368024,41.794525,2023-06-26 05:24:29.531250000,3069,3069
19173,No outbreak,9,-1.5603769,37.79097,2023-02-24 08:34:20.156250000,2764,2764
19175,No outbreak,9,-0.15062705,31.699677,2022-08-22 22:30:58.007812504,1686,1686
19177,No outbreak,9,0.29640058,29.981255,2022-07-01 15:06:19.687500000,1336,1336
19179,No outbreak,9,-1.2676923,36.4368,2023-01-14 03:15:59.765625000,2591,2591
19181,No outbreak,9,0.5116419,29.187386,2022-06-07 11:08:13.945312504,1166,1166
19183,No outbreak,9,-1.0161831,35.311954,2022-12-10 21:30:03.515625000,2397,2397
19185,No outbreak,9,1.054056,27.278801,2022-04-10 08:48:02.812500000,841,841
19187,No outbreak,9,-0.6895693,33.902893,2022-10-29 00:05:48.046875000,2151,2151
19189,No outbreak,9,1.6854174,25.213852,2022-02-06 12:13:53.203125000,587,587
19191,No outbreak,9,-0.8280751,34.493427,2022-11-15 23:31:10.312500000,2254,2254
19193,No outbreak,9,-0.49121106,33.07473,2022-10-03 19:04:30.703125000,1967,1967
19195,No outbreak,9,-0.76424557,34.220016,2022-11-07 15:46:34.921875000,2201,2201
19197,No outbreak,9,-1.6296432,38.118744,2023-03-06 08:01:48.984375000,2810,2810
20001,No outbreak,9,-2.1834962,40.843956,2023-05-28 06:57:39.375000000,3021,3021
20003,No outbreak,9,1.2323289,26.679178,2022-03-23 02:44:26.601562504,764,764
20005,No outbreak,9,0.09121904,30.758114,2022-07-25 06:38:50.859375000,1506,1506
20007,No outbreak,9,0.76240075,28.288992,2022-05-11 02:48:23.906250000,1024,1024
20009,No outbreak,9,-0.23933914,32.052235,2022-09-02 16:04:51.796875000,1753,1753
20011,No outbreak,9,0.627442,28.769018,2022-05-25 17:29:40.664062504,1093,1093
20013,No outbreak,9,-0.11153039,31.545532,2022-08-18 05:54:17.226562504,1655,1655
20015,No outbreak,9,0.4116974,29.553358,2022-06-18 14:30:07.031250000,1252,1252
20017,No outbreak,9,-2.689633,43.50442,2023-08-17 06:35:30.468750000,3130,3130
20019,No outbreak,9,0.07314427,30.827503,2022-07-27 09:20:28.710937495,1522,1522
20021,No outbreak,9,0.35868758,29.749329,2022-06-24 13:40:11.718750000,1295,1295
20023,No outbreak,9,0.5047826,29.212357,2022-06-08 05:22:44.062500000,1177,1177
20025,No outbreak,9,2.0843716,23.990383,2021-12-31 06:24:52.382812504,461,461
20027,No outbreak,9,-2.1608381,40.728737,2023-05-24 18:47:06.562500000,3015,3015
20029,No outbreak,9,-3.32375,47.083496,2023-12-04 05:19:13.125000000,3181,3181
20031,No outbreak,9,1.7088611,25.140263,2022-02-04 06:28:12.773437495,575,575
20033,No outbreak,9,-2.2046075,40.951607,2023-05-31 13:36:19.687500000,3029,3029
20035,No outbreak,9,0.08622481,30.77727,2022-07-25 20:38:33.281250000,1511,1511
20037,No outbreak,9,0.38114777,29.666138,2022-06-22 00:53:36.796875000,1275,1275
20039,No outbreak,9,-2.0930936,40.38619,2023-05-14 08:32:03.046875000,3004,3004
20041,No outbreak,9,-0.024368346,31.204578,2022-08-07 20:49:00.820312504,1595,1595
20043,No outbreak,9,-1.2578173,36.39196,2023-01-12 18:30:35.156250000,2582,2582
20045,No outbreak,9,0.52089083,29.15375,2022-06-06 10:33:46.757812504,1163,1163
20047,No outbreak,9,-1.1781671,36.032356,2023-01-01 19:47:55.781250000,2527,2527
20049,No outbreak,9,-1.1344339,35.836422,2022-12-26 20:39:26.015625000,2484,2484
20051,No outbreak,9,1.0104802,27.42741,2022-04-14 21:22:08.906250000,864,864
20053,No outbreak,9,-2.3772392,41.84257,2023-06-27 16:30:31.640625000,3072,3072
20055,No outbreak,9,0.8351588,28.033535,2022-05-03 08:10:46.875000000,973,973
20057,No outbreak,9,0.56595045,28.990425,2022-06-01 11:14:44.179687495,1122,1122
20059,No outbreak,9,1.1626699,26.91189,2022-03-30 04:45:01.757812504,801,801
20061,No outbreak,9,-0.773513,34.259575,2022-11-08 20:40:29.296875000,2211,2211
20063,No outbreak,9,-2.2232566,41.046936,2023-06-03 11:15:00.000000000,3034,3034
20065,No outbreak,9,-1.8673965,39.265587,2023-04-10 05:52:05.390625000,2920,2920
20067,No outbreak,9,-0.5191497,33.19014,2022-10-07 07:23:19.218750000,1986,1986
20069,Had outbreak,4,5.6063504,15.464432,2021-04-15 17:41:43.125000000,36,36
20071,No outbreak,9,2.237505,23.536697,2021-12-17 10:58:12.773437495,417,417
20073,No outbreak,9,-0.5055894,33.134075,2022-10-05 14:25:48.632812504,1979,1979
20075,No outbreak,9,-2.5199816,42.593895,2023-07-20 13:23:50.859375000,3096,3096
20077,No outbreak,9,-1.6281525,38.111656,2023-03-06 02:51:02.109375000,2807,2807
20079,No outbreak,9,-0.9357865,34.95977,2022-11-30 04:12:35.859375000,2340,2340
20081,Had outbreak,4,5.457794,15.753526,2021-04-24 12:53:44.707031252,39,39
20083,No outbreak,9,-2.3635805,41.77138,2023-06-25 12:30:03.515625000,3067,3067
20085,No outbreak,9,-0.39257097,32.670464,2022-09-21 11:44:05.507812504,1889,1889
20087,No outbreak,9,-0.53615034,33.260563,2022-10-09 10:50:12.890625000,2004,2004
20089,No outbreak,9,-0.35991934,32.537735,2022-09-17 10:46:05.039062504,1862,1862
20091,No outbreak,9,2.6353643,22.397667,2021-11-12 18:50:21.679687495,330,330
20093,No outbreak,9,1.89029,24.577972,2022-01-18 03:41:02.695312504,517,517
20095,No outbreak,9,-1.0398408,35.416267,2022-12-14 01:42:28.828125000,2415,2415
20097,Had outbreak,3,5.9251227,14.86187,2021-03-28 09:29:16.054687495,25,25
20099,No outbreak,9,1.131434,27.016903,2022-04-02 09:28:07.500000000,815,815
20101,No outbreak,9,4.0973196,18.665638,2021-07-22 04:22:05.390625000,110,110
20103,No outbreak,9,0.78761566,28.200195,2022-05-08 09:56:04.453125000,1004,1004
20105,No outbreak,9,-2.3543928,41.723557,2023-06-24 01:33:41.484375000,3064,3064
20107,No outbreak,9,1.6791894,25.233437,2022-02-07 02:32:24.140625000,590,590
20109,No outbreak,9,0.5109284,29.189983,2022-06-07 13:02:03.046875000,1167,1167
20111,No outbreak,9,0.34308976,29.80724,2022-06-26 07:58:39.140625000,1307,1307
20113,No outbreak,9,1.2528125,26.61113,2022-03-21 01:01:36.679687495,753,753
20115,No outbreak,9,-0.7075478,33.97897,2022-10-31 07:40:32.812500000,2163,2163
20117,No outbreak,9,0.3575667,29.753485,2022-06-24 16:42:23.554687495,1296,1296
20119,No outbreak,9,-1.995277,39.896645,2023-04-29 10:53:33.281250000,2973,2973
20121,No outbreak,9,-0.07593869,31.40586,2022-08-13 23:52:00.117187495,1636,1636
20123,No outbreak,9,-0.042764932,31.276236,2022-08-10 01:10:02.929687495,1611,1611
20125,No outbreak,9,-1.0775396,35.58312,2022-12-19 03:36:12.656250000,2444,2444
20127,No outbreak,9,-1.8185667,39.027267,2023-04-02 23:45:35.156250000,2897,2897
20129,No outbreak,9,-3.86243,50.354286,2024-03-12 18:49:44.765625000,3203,3203
20131,No outbreak,9,0.19489285,30.363098,2022-07-13 06:03:57.304687495,1418,1418
20133,No outbreak,9,0.77080536,28.259363,2022-05-10 05:09:38.320312504,1014,1014
20135,No outbreak,9,-0.46197563,32.95439,2022-09-30 03:09:40.078125000,1946,1946
20137,No outbreak,9,-3.9053907,50.624718,2024-03-21 00:23:43.828125000,3207,3207
20139,No outbreak,9,0.199668,30.345028,2022-07-12 16:51:47.812500000,1416,1416
20141,No outbreak,9,-0.8252659,34.48135,2022-11-15 14:41:43.125000000,2251,2251
20143,No outbreak,9,-1.144038,35.87936,2022-12-28 04:01:31.406250000,2496,2496
20145,Had outbreak,6,2.020771,24.181372,2022-01-06 01:56:37.851562504,475,475
20147,No outbreak,9,0.62299985,28.784954,2022-05-26 05:08:08.671875000,1098,1098
20149,No outbreak,9,-0.71181834,33.997066,2022-10-31 20:53:50.859375000,2164,2164
20151,No outbreak,9,2.2037425,23.635983,2021-12-20 11:30:12.304687495,427,427
20153,No outbreak,9,-0.26272026,32.1458,2022-09-05 12:26:11.484375000,1773,1773
20155,No outbreak,9,-0.6771097,33.850266,2022-10-27 09:39:01.406250000,2143,2143
20157,No outbreak,9,-2.3332777,41.61386,2023-06-20 17:25:22.265625000,3061,3061
20159,No outbreak,9,-1.7723159,38.802864,2023-03-27 03:49:13.125000000,2873,2872
20161,No outbreak,9,-1.8218608,39.043297,2023-04-03 11:28:21.562500000,2899,2899
20163,No outbreak,9,-0.40554982,32.723373,2022-09-23 02:23:15.703125000,1902,1902
20165,No outbreak,9,-3.557603,48.47648,2024-01-15 14:58:35.625000000,3192,3192
20167,No outbreak,9,-1.6172639,38.05995,2023-03-04 13:04:41.250000000,2799,2799
20169,No outbreak,9,-0.28637305,32.24074,2022-09-08 09:47:48.750000000,1796,1796
20171,No outbreak,9,-0.8058636,34.39804,2022-11-13 01:50:02.343750000,2233,2233
20173,No outbreak,9,3.0637197,21.232876,2021-10-08 07:53:22.734375000,239,239
20175,No outbreak,9,-2.398872,41.955578,2023-07-01 03:04:02.578125000,3077,3077
20177,No outbreak,9,0.99286324,27.487719,2022-04-16 17:25:43.359375000,876,876
20179,No outbreak,9,-1.0682578,35.541965,2022-12-17 21:32:20.625000000,2435,2435
20181,No outbreak,9,-0.87529117,34.697083,2022-11-22 04:18:02.812500000,2284,2284
20183,No outbreak,9,-1.4599532,37.32076,2023-02-10 01:03:16.875000000,2723,2723
20185,No outbreak,9,-0.9099349,34.84727,2022-11-26 18:01:24.375000000,2314,2314
20187,No outbreak,9,0.5847659,28.922499,2022-05-30 09:37:15.937500000,1111,1111
20189,Had outbreak,3,2.8785617,21.728737,2021-10-23 10:08:49.101562504,280,280
20191,No outbreak,9,-3.6000838,48.73391,2024-01-23 11:02:41.718750000,3194,3194
20193,No outbreak,9,0.85203105,27.974625,2022-05-01 13:08:33.281250000,963,963
20195,No outbreak,9,0.2629161,30.10668,2022-07-05 10:44:09.023437495,1357,1357
20197,No outbreak,9,-1.872051,39.288383,2023-04-10 22:31:13.828125000,2922,2922
20199,No outbreak,9,-0.25652212,32.120975,2022-09-04 18:18:01.054687495,1766,1766
20201,No outbreak,9,-1.7563365,38.725636,2023-03-24 19:24:01.406250000,2865,2865
20203,No outbreak,9,-0.33784002,32.448288,2022-09-14 17:25:16.992187495,1842,1842
20205,No outbreak,9,0.24447009,30.175999,2022-07-07 13:22:42.304687495,1370,1370
20207,No outbreak,9,-0.7333085,34.08828,2022-11-03 15:31:59.531250000,2176,2176
20209,No outbreak,9,0.6448647,28.706593,2022-05-23 19:53:17.460937495,1086,1086
21001,No outbreak,9,-0.6634608,33.792713,2022-10-25 15:36:12.656250000,2126,2126
21003,No outbreak,9,0.39796725,29.603994,2022-06-20 03:29:42.421875000,1261,1261
21005,No outbreak,9,-0.7986247,34.36701,2022-11-12 03:09:40.078125000,2231,2231
21007,No outbreak,9,-0.87293875,34.686905,2022-11-21 20:51:54.843750000,2282,2282
21009,No outbreak,9,-0.7596351,34.200348,2022-11-07 01:24:22.500000000,2197,2197
21011,No outbreak,9,0.09264791,30.752634,2022-07-25 02:38:38.554687495,1504,1504
21013,No outbreak,9,0.11943838,30.650087,2022-07-21 23:43:39.140625000,1476,1476
21015,No outbreak,9,0.8000287,28.156588,2022-05-07 02:04:37.734375000,995,995
21017,No outbreak,9,-1.8489196,39.17524,2023-04-07 11:51:44.296875000,2911,2911
21019,No outbreak,9,-0.49168575,33.076687,2022-10-03 20:30:17.578125000,1970,1970
21021,No outbreak,9,0.08805904,30.770233,2022-07-25 15:30:08.789062504,1510,1510
21023,No outbreak,9,-0.7556939,34.183548,2022-11-06 13:08:01.640625000,2191,2191
21025,No outbreak,9,-0.29391715,32.27108,2022-09-09 07:57:35.859375000,1799,1799
21027,No outbreak,9,-0.68678755,33.891136,2022-10-28 15:30:35.156250000,2148,2148
21029,No outbreak,9,0.37470904,29.689962,2022-06-22 18:17:55.781250000,1281,1281
21031,No outbreak,9,0.20960099,30.30747,2022-07-11 13:25:31.054687495,1405,1405
21033,No outbreak,9,1.8662263,24.651823,2022-01-20 09:38:08.671875000,527,527
21035,No outbreak,9,1.4423358,25.9897,2022-03-02 03:02:06.562500000,682,682
21037,No outbreak,9,0.968251,27.572195,2022-04-19 07:08:33.281250000,893,893
21039,No outbreak,9,0.108241454,30.692902,2022-07-23 07:00:22.851562504,1488,1488
21041,No outbreak,9,-0.77745986,34.276443,2022-11-09 09:00:00.000000000,2216,2216
21043,No outbreak,9,-0.929155,34.930878,2022-11-29 07:06:05.625000000,2334,2334
21045,No outbreak,9,-0.14861375,31.69172,2022-08-22 16:42:07.734375000,1684,1684
21047,No outbreak,9,0.23340982,30.217638,2022-07-08 19:47:50.507812504,1382,1382
21049,No outbreak,9,-0.4615696,32.952724,2022-09-30 01:56:32.578125000,1945,1945
21051,No outbreak,9,0.53777456,29.092443,2022-06-04 13:46:31.406250000,1149,1149
21053,No outbreak,9,-1.4024649,37.054214,2023-02-01 22:19:37.734375000,2687,2687
21055,No outbreak,9,0.5736535,28.962593,2022-05-31 14:54:43.593750000,1113,1113
21057,No outbreak,9,0.20272276,30.333473,2022-07-12 08:25:22.265625000,1414,1414
21059,No outbreak,9,1.4807913,25.86539,2022-02-26 08:13:14.531250000,664,664
21061,No outbreak,9,-1.0496588,35.45964,2022-12-15 09:23:43.828125000,2425,2425
21063,No outbreak,9,-0.4088461,32.736824,2022-09-23 12:12:49.921875000,1906,1906
21065,No outbreak,9,-0.5649266,33.38011,2022-10-13 02:10:31.054687495,2032,2032
21067,Had outbreak,6,2.7902117,21.969408,2021-10-30 17:58:14.531250000,295,295
21069,No outbreak,9,0.1765295,30.432695,2022-07-15 08:54:38.320312504,1431,1431
21071,No outbreak,9,-0.090770125,31.463987,2022-08-15 18:19:51.796875000,1647,1647
21073,Had outbreak,2,4.1364937,18.574696,2021-07-19 09:55:48.632812504,105,105
21075,No outbreak,9,-1.3509656,36.817062,2023-01-25 17:04:27.187500000,2660,2660
21077,No outbreak,9,-0.740613,34.119335,2022-11-04 14:13:14.531250000,2181,2181
21079,No outbreak,9,-0.66074276,33.781265,2022-10-25 07:14:31.875000000,2120,2120
21081,No outbreak,9,1.9212526,24.483278,2022-01-15 06:30:14.062500000,505,505
21083,No outbreak,9,0.12720874,30.620407,2022-07-21 02:02:41.718750000,1473,1473
21085,No outbreak,9,-1.1694067,35.993023,2022-12-31 15:03:52.031250000,2515,2515
21087,No outbreak,9,-0.593054,33.49737,2022-10-16 15:50:26.953125000,2061,2061
21089,No outbreak,9,-1.1832178,36.055054,2023-01-02 12:22:51.093750000,2530,2530
21091,No outbreak,9,-0.26728162,32.16409,2022-09-06 01:47:50.507812504,1782,1782
21093,No outbreak,9,0.050201714,30.91581,2022-07-30 01:51:16.171875000,1537,1537
21095,No outbreak,9,-0.44428498,32.88179,2022-09-27 22:07:14.179687495,1929,1929
21097,No outbreak,9,-1.9053359,39.451763,2023-04-15 21:52:54.609375000,2935,2935
21099,No outbreak,9,3.5648346,19.946886,2021-08-30 04:23:50.859375000,160,160
21101,No outbreak,9,1.2670313,26.563995,2022-03-19 14:35:33.984375000,747,747
21103,No outbreak,9,0.47627497,29.31637,2022-06-11 09:22:03.632812504,1203,1203
21105,No outbreak,9,0.4168791,29.534271,2022-06-18 00:33:29.179687495,1248,1248
21107,No outbreak,9,0.2052065,30.324081,2022-07-12 01:33:41.484375000,1409,1409
21109,No outbreak,9,-1.6763875,38.341545,2023-03-13 02:48:02.812500000,2837,2837
21111,Had outbreak,7,3.1730025,20.945538,2021-09-29 13:58:18.046875000,222,222
21113,No outbreak,9,1.6892992,25.201654,2022-02-06 03:19:14.882812504,585,585
21115,No outbreak,9,1.4881635,25.841629,2022-02-25 14:51:39.023437495,660,660
21117,No outbreak,9,-0.15176135,31.70416,2022-08-23 01:47:29.414062504,1687,1687
21119,No outbreak,9,-0.351671,32.50429,2022-09-16 10:20:09.375000000,1853,1853
21121,No outbreak,9,0.32190832,29.886057,2022-06-28 17:33:27.421875000,1318,1318
21123,No outbreak,9,0.16565546,30.47398,2022-07-16 15:04:18.398437495,1443,1443
21125,No outbreak,9,2.0143795,24.20065,2022-01-06 16:01:36.679687495,477,477
21127,No outbreak,9,-0.13300323,31.6301,2022-08-20 19:41:09.726562504,1671,1671
21129,No outbreak,9,-1.1479012,35.896645,2022-12-28 16:39:08.437500000,2499,2499
21131,No outbreak,9,-1.7772576,38.82678,2023-03-27 21:17:34.687500000,2878,2878
21133,No outbreak,9,0.502349,29.221224,2022-06-08 11:51:28.476562504,1179,1179
21135,No outbreak,9,-0.5453086,33.298565,2022-10-10 14:36:00.351562504,2017,2017
21137,No outbreak,9,-0.055951744,31.327698,2022-08-11 14:45:45.703125000,1621,1621
21139,No outbreak,9,-1.0160285,35.311275,2022-12-10 21:00:21.093750000,2396,2396
21141,No outbreak,9,-0.3045664,32.313953,2022-09-10 15:16:57.773437495,1810,1810
21143,No outbreak,9,-1.7923774,38.900043,2023-03-30 02:48:55.546875000,2886,2886
21145,No outbreak,9,1.7193546,25.107393,2022-02-03 06:27:25.312500000,572,572
21147,No outbreak,9,-1.3530314,36.826546,2023-01-26 00:00:10.546875000,2662,2662
21149,No outbreak,9,-3.1033633,45.80739,2023-10-26 09:02:48.750000000,3170,3170
21151,No outbreak,9,1.4134332,26.083523,2022-03-04 23:34:41.250000000,695,695
21153,No outbreak,9,-0.6630428,33.79095,2022-10-25 14:19:02.578125000,2124,2124
21155,No outbreak,9,-1.5002949,37.508938,2023-02-15 18:31:48.984375000,2735,2735
21157,No outbreak,9,1.8257357,24.776585,2022-01-24 04:46:52.500000000,541,541
21159,No outbreak,9,-0.57742137,33.432148,2022-10-14 16:11:27.304687495,2048,2048
21161,No outbreak,9,-1.5139222,37.572723,2023-02-17 17:07:47.578125000,2741,2741
21163,No outbreak,9,0.875933,27.891382,2022-04-29 00:19:41.250000000,951,951
21165,No outbreak,9,-0.21600407,31.959118,2022-08-30 20:03:13.359375000,1736,1736
21167,No outbreak,9,-1.125344,35.795834,2022-12-25 15:00:21.093750000,2479,2479
21169,No outbreak,9,-1.2433931,36.326572,2023-01-10 18:44:28.359375000,2574,2574
21171,No outbreak,9,-0.8833702,34.732048,2022-11-23 05:50:41.015625000,2295,2295
21173,No outbreak,9,0.07060245,30.837276,2022-07-27 16:28:51.445312504,1524,1524
21175,No outbreak,9,0.028975531,30.997736,2022-08-01 13:42:23.554687495,1550,1550
21177,No outbreak,9,0.47892803,29.306675,2022-06-11 02:17:06.562500000,1198,1198
21179,No outbreak,9,0.11196606,30.678654,2022-07-22 20:35:49.804687495,1485,1485
21181,No outbreak,9,-1.94336,39.639233,2023-04-21 14:50:19.921875000,2956,2956
21183,No outbreak,9,0.91357243,27.760803,2022-04-25 00:55:59.179687495,929,929
21185,No outbreak,9,0.44980943,29.413263,2022-06-14 08:09:11.953125000,1225,1225
21187,No outbreak,9,0.20687291,30.317781,2022-07-11 20:57:32.343750000,1408,1408
21189,No outbreak,9,-1.3554603,36.837696,2023-01-26 08:08:50.859375000,2663,2663
21191,No outbreak,9,0.05207976,30.908573,2022-07-29 20:34:04.335937495,1535,1535
21193,No outbreak,9,1.4770386,25.877495,2022-02-26 17:03:45.000000000,666,666
21195,No outbreak,9,-0.5716121,33.407944,2022-10-13 22:30:26.367187495,2040,2040
21197,No outbreak,9,-1.0451086,35.439533,2022-12-14 18:42:21.796875000,2420,2420
21199,No outbreak,9,1.2886742,26.492413,2022-03-17 10:17:52.265625000,739,739
21201,No outbreak,9,1.2627897,26.578049,2022-03-20 00:51:35.507812504,748,748
21203,No outbreak,9,-0.8607975,34.634438,2022-11-20 06:32:10.078125000,2273,2273
21205,No outbreak,9,1.482858,25.858728,2022-02-26 03:21:10.898437495,661,661
21207,No outbreak,9,-0.55742574,33.348904,2022-10-12 03:22:30.000000000,2026,2026
21209,No outbreak,9,0.5284178,29.126402,2022-06-05 14:35:02.343750000,1157,1157
21211,No outbreak,9,-1.0097387,35.283596,2022-12-10 00:47:06.562500000,2394,2394
21213,No outbreak,9,-1.141775,35.86924,2022-12-27 20:37:51.093750000,2489,2489
21215,No outbreak,9,-0.8133867,34.430317,2022-11-14 01:24:43.593750000,2239,2239
21217,No outbreak,9,0.8196122,28.087923,2022-05-04 23:54:48.867187495,985,985
21219,Had outbreak,6,3.4490747,20.236862,2021-09-08 00:14:30.117187495,173,173
21221,No outbreak,9,-1.2066808,36.16068,2023-01-05 17:32:45.234375000,2542,2542
21223,No outbreak,9,-1.2322588,36.27618,2023-01-09 05:55:36.328125000,2563,2563
21225,No outbreak,9,-2.2653737,41.26304,2023-06-10 01:07:30.000000000,3043,3043
21227,No outbreak,9,0.388668,29.638336,2022-06-21 04:35:00.585937495,1270,1270
21229,No outbreak,9,-0.50311154,33.12384,2022-10-05 06:57:13.007812504,1975,1975
21231,No outbreak,9,1.3904248,26.158453,2022-03-07 06:19:09.609375000,704,704
21233,No outbreak,9,-1.025626,35.353554,2022-12-12 03:53:36.796875000,2403,2403
21235,No outbreak,9,1.0461711,27.305632,2022-04-11 04:24:11.953125000,845,845
21237,No outbreak,9,-0.9901649,35.197594,2022-12-07 09:57:18.281250000,2379,2379
21239,Had outbreak,6,0.08607906,30.777828,2022-07-25 21:03:04.570312504,1512,1512
22001,No outbreak,9,0.7788671,28.230972,2022-05-09 08:25:11.718750000,1011,1011
22003,No outbreak,9,-1.9812568,39.826965,2023-04-27 07:59:21.328125000,2965,2965
22005,No outbreak,9,-0.5785118,33.436695,2022-10-14 19:30:42.187500000,2049,2049
22007,No outbreak,9,-0.8756652,34.6987,2022-11-22 05:28:53.203125000,2286,2286
22009,No outbreak,9,-1.4705834,37.370255,2023-02-11 13:12:46.406250000,2725,2725
22011,No outbreak,9,0.10184556,30.717388,2022-07-24 00:53:42.070312504,1492,1492
22013,No outbreak,9,-1.0381535,35.408813,2022-12-13 20:15:52.734375000,2413,2413
22015,No outbreak,9,0.3063969,29.94391,2022-06-30 11:49:27.187500000,1324,1324
22017,No outbreak,9,0.9743483,27.551243,2022-04-18 15:50:11.132812504,890,890
22019,No outbreak,9,-0.015254155,31.16914,2022-08-06 18:55:38.085937495,1590,1590
22021,No outbreak,9,-1.1119967,35.736313,2022-12-23 19:31:13.828125000,2467,2467
22023,No outbreak,9,-1.1044493,35.7027,2022-12-22 18:58:00.468750000,2461,2461
22025,No outbreak,9,1.5396883,25.676155,2022-02-20 13:58:18.046875000,637,637
22027,No outbreak,9,-0.91977197,34.890038,2022-11-28 01:15:56.250000000,2324,2324
22029,No outbreak,9,-0.9518391,35.029808,2022-12-02 07:22:37.031250000,2351,2351
22031,No outbreak,9,-1.1215701,35.77899,2022-12-25 02:42:04.218750000,2477,2477
22033,No outbreak,9,1.9092145,24.52005,2022-01-16 09:22:03.632812504,509,509
22035,No outbreak,9,-1.1143206,35.74667,2022-12-24 03:05:16.406250000,2470,2470
22037,No outbreak,9,-1.5851084,37.907677,2023-02-27 21:49:55.312500000,2778,2778
22039,No outbreak,9,1.0034964,27.451302,2022-04-15 14:49:21.914062504,870,870
22041,No outbreak,9,1.6205126,25.418713,2022-02-12 17:53:40.312500000,615,615
22043,No outbreak,9,-0.39903328,32.696796,2022-09-22 06:58:21.562500000,1897,1897
22045,No outbreak,9,0.63444316,28.743916,2022-05-24 23:09:17.226562504,1089,1089
22047,No outbreak,9,-1.44715,37.26123,2023-02-08 05:33:59.062500000,2713,2713
22049,No outbreak,9,-0.8076637,34.405758,2022-11-13 07:28:14.531250000,2235,2235
22051,No outbreak,9,1.3591337,26.260706,2022-03-10 09:01:19.101562504,720,720
22053,No outbreak,9,-0.41136998,32.747124,2022-09-23 19:44:19.570312504,1907,1907
22055,No outbreak,9,0.2765907,30.055395,2022-07-03 21:16:10.312500000,1345,1345
22057,No outbreak,9,-0.52080554,33.19699,2022-10-07 12:23:38.554687495,1989,1989
22059,No outbreak,9,-0.9677225,35.099247,2022-12-04 10:06:26.718750000,2365,2365
22061,No outbreak,9,-1.1705642,35.99822,2022-12-31 18:51:30.234375000,2516,2516
22063,No outbreak,9,0.7659992,28.276302,2022-05-10 17:32:08.320312504,1021,1021
22065,No outbreak,9,-0.8423138,34.554718,2022-11-17 20:17:38.203125000,2264,2264
22067,No outbreak,9,-0.25347963,32.10879,2022-09-04 09:23:54.375000000,1764,1764
22069,No outbreak,9,-0.7932152,34.343838,2022-11-11 10:14:00.234375000,2228,2228
22071,Had outbreak,4,1.584936,25.531712,2022-02-16 04:26:50.156250000,623,623
22073,No outbreak,9,1.5474646,25.651274,2022-02-19 19:47:39.960937495,634,634
22075,No outbreak,9,-1.2193356,36.217777,2023-01-07 11:15:31.640625000,2551,2551
22077,No outbreak,9,-2.1902082,40.87815,2023-05-29 07:56:32.578125000,3026,3026
22079,No outbreak,9,0.23748608,30.202288,2022-07-08 08:35:02.343750000,1378,1378
22081,No outbreak,9,-1.3185251,36.66845,2023-01-21 04:30:10.546875000,2633,2633
22083,No outbreak,9,1.9019542,24.542253,2022-01-17 01:35:21.679687495,511,511
22085,No outbreak,9,-0.61506563,33.589428,2022-10-19 11:05:35.742187495,2075,2075
22087,No outbreak,9,0.33539084,29.835861,2022-06-27 04:53:12.187500000,1314,1314
22089,No outbreak,9,-1.6324075,38.131886,2023-03-06 17:37:51.093750000,2812,2812
22091,No outbreak,9,-3.008776,45.27036,2023-10-10 00:42:53.437500000,3163,3163
22093,No outbreak,9,-2.7073236,43.600483,2023-08-20 04:46:10.312500000,3131,3131
22095,No outbreak,9,-2.0130706,39.985252,2023-05-02 03:37:37.031250000,2982,2982
22097,No outbreak,9,-0.03371802,31.240976,2022-08-08 23:24:29.531250000,1605,1605
22099,No outbreak,9,-0.6593373,33.77534,2022-10-25 02:54:54.140625000,2118,2118
22101,No outbreak,9,-0.39642936,32.686184,2022-09-21 23:13:09.257812504,1894,1894
22103,No outbreak,9,-0.2806151,32.2176,2022-09-07 16:53:28.007812504,1792,1792
22105,No outbreak,9,-0.76439726,34.22066,2022-11-07 16:14:52.968750000,2202,2202
22107,No outbreak,9,-1.3123968,36.640446,2023-01-20 08:02:41.718750000,2626,2626
22109,No outbreak,9,-1.3226092,36.687126,2023-01-21 18:08:47.343750000,2636,2636
22111,No outbreak,9,-0.26334628,32.148315,2022-09-05 14:16:24.375000000,1775,1775
22113,No outbreak,9,-0.6976692,33.937145,2022-10-30 01:07:19.453125000,2158,2158
22115,No outbreak,9,-0.66094077,33.782097,2022-10-25 07:50:55.078125000,2121,2121
22117,No outbreak,9,-1.070814,35.553295,2022-12-18 05:48:55.546875000,2436,2436
22119,No outbreak,9,-0.09704018,31.488594,2022-08-16 12:18:27.421875000,1649,1649
22121,No outbreak,9,0.15404373,30.518131,2022-07-17 23:19:34.218750000,1450,1450
22123,No outbreak,9,0.14498445,30.55262,2022-07-19 00:31:22.617187495,1458,1458
22125,No outbreak,9,-2.6275475,43.16897,2023-08-07 01:31:13.828125000,3119,3119
22127,No outbreak,9,-0.36406428,32.554554,2022-09-17 23:03:18.632812504,1868,1868
23001,No outbreak,9,-1.4732902,37.382866,2023-02-11 22:25:36.328125000,2727,2727
23003,No outbreak,9,0.12788653,30.617817,2022-07-21 00:09:08.437500000,1470,1470
23005,No outbreak,9,0.9179393,27.745693,2022-04-24 13:53:38.554687495,926,926
23007,No outbreak,9,-0.539081,33.27272,2022-10-09 19:43:11.015625000,2007,2007
23009,No outbreak,9,-0.669279,33.817234,2022-10-26 09:31:06.796875000,2132,2132
23011,No outbreak,9,-0.22433083,31.992313,2022-08-31 20:18:15.117187495,1739,1739
23013,No outbreak,9,-1.165581,35.975857,2022-12-31 02:31:20.859375000,2511,2511
23015,No outbreak,9,-1.1761383,36.023243,2023-01-01 13:08:22.734375000,2522,2522
23017,No outbreak,9,-0.9582333,35.057747,2022-12-03 03:47:17.109375000,2354,2354
23019,No outbreak,9,0.28223747,30.03424,2022-07-03 05:48:55.546875000,1343,1343
23021,No outbreak,9,0.3367342,29.830866,2022-06-27 01:14:16.054687495,1313,1313
23023,No outbreak,9,-2.2157588,41.008583,2023-06-02 07:13:49.687500000,3030,3030
23025,No outbreak,9,-0.18923795,31.852644,2022-08-27 14:16:03.281250000,1718,1718
23027,No outbreak,9,0.316925,29.90463,2022-06-29 07:07:40.546875000,1319,1319
23029,No outbreak,9,0.36400667,29.729607,2022-06-23 23:15:42.187500000,1289,1289
23031,No outbreak,9,-0.20055035,31.897602,2022-08-28 23:06:44.296875000,1726,1726
24001,No outbreak,9,-0.2966068,32.281906,2022-09-09 15:52:12.421875000,1804,1804
24003,No outbreak,9,2.1223705,23.876995,2021-12-27 19:34:39.492187495,449,449
24005,No outbreak,9,3.4086962,20.338993,2021-09-11 02:51:17.929687495,180,180
24009,No outbreak,9,-0.36257756,32.54852,2022-09-17 18:38:45.585937495,1864,1864
24011,No outbreak,9,-1.6441815,38.187897,2023-03-08 10:32:59.296875000,2820,2820
24013,No outbreak,9,0.06836218,30.845888,2022-07-27 22:46:20.859375000,1526,1526
24015,No outbreak,9,-0.116835654,31.566404,2022-08-18 21:09:08.437500000,1660,1660
24017,No outbreak,9,1.1393437,26.99027,2022-04-01 14:00:45.703125000,809,809
24019,No outbreak,9,-1.4374294,37.216095,2023-02-06 20:35:23.437500000,2708,2708
24021,No outbreak,9,1.499826,25.804077,2022-02-24 11:25:38.085937495,654,654
24023,No outbreak,9,-0.6453649,33.716557,2022-10-23 07:58:07.500000000,2107,2107
24025,No outbreak,9,0.8661612,27.925386,2022-04-30 01:10:13.476562504,957,957
24027,Had outbreak,3,3.6760068,19.67232,2021-08-21 19:48:37.968750000,146,146
24029,No outbreak,9,-0.46807724,32.97947,2022-09-30 21:28:54.960937495,1947,1947
24031,No outbreak,9,4.04772,18.781424,2021-07-25 16:57:25.312500000,115,115
24033,Had outbreak,3,4.15485,18.532234,2021-07-18 02:54:33.046875000,104,104
24035,No outbreak,9,-0.6739868,33.83709,2022-10-27 00:01:24.375000000,2136,2136
24037,No outbreak,9,0.23951614,30.194641,2022-07-08 02:59:49.453125000,1375,1375
24039,No outbreak,9,-0.54141897,33.28242,2022-10-10 02:48:23.906250000,2012,2012
24041,No outbreak,9,-2.7079864,43.604088,2023-08-20 07:24:11.953125000,3132,3132
24043,No outbreak,9,-0.31180352,32.343124,2022-09-11 12:35:35.742187495,1816,1816
24045,No outbreak,9,0.94933337,27.637306,2022-04-21 06:42:37.617187495,902,902
24047,No outbreak,9,0.82372546,28.073523,2022-05-04 13:23:35.039062504,984,984
24510,No outbreak,9,3.2765782,20.676798,2021-09-21 09:38:29.765625000,205,205
25001,No outbreak,9,0.7922122,28.18404,2022-05-07 22:07:56.367187495,999,999
25003,No outbreak,9,-0.37525886,32.60002,2022-09-19 08:16:19.101562504,1875,1875
25005,No outbreak,9,2.9191236,21.619131,2021-10-20 02:04:21.914062504,267,267
25007,No outbreak,9,0.7187309,28.443434,2022-05-15 19:38:05.156250000,1045,1045
25009,No outbreak,9,2.830751,21.858644,2021-10-27 09:03:04.570312504,289,289
25011,No outbreak,9,-0.7800023,34.287308,2022-11-09 16:56:11.484375000,2217,2217
25013,No outbreak,9,0.88544035,27.858343,2022-04-28 00:11:30.820312504,945,945
25015,No outbreak,9,0.63303286,28.74897,2022-05-25 02:50:51.562500000,1091,1091
25017,No outbreak,9,3.411525,20.331821,2021-09-10 21:36:54.843750000,179,179
25019,No outbreak,9,1.2476761,26.628178,2022-03-21 13:28:56.718750000,756,756
25021,No outbreak,9,2.875487,21.737068,2021-10-23 16:14:00.234375000,281,281
25023,No outbreak,9,2.4260697,22.989813,2021-11-30 19:26:18.515625000,368,368
25025,No outbreak,9,2.8875182,21.704487,2021-10-22 16:25:46.875000000,275,275
25027,No outbreak,9,2.9487998,21.539286,2021-10-17 15:44:28.359375000,257,257
26001,No outbreak,9,-0.16971236,31.775196,2022-08-25 05:41:16.757812504,1700,1700
26003,No outbreak,9,-0.16173631,31.743614,2022-08-24 06:36:54.843750000,1696,1696
26005,Had outbreak,6,3.3088286,20.593824,2021-09-18 21:01:29.648437495,199,199
26007,No outbreak,9,0.10243687,30.715124,2022-07-23 23:14:28.359375000,1489,1489
26009,No outbreak,9,-0.38213614,32.627983,2022-09-20 04:41:57.187500000,1883,1883
26011,No outbreak,9,-0.17103699,31.780445,2022-08-25 09:31:22.617187495,1703,1703
26013,No outbreak,9,-0.76098,34.206085,2022-11-07 05:35:55.078125000,2198,2198
26015,No outbreak,9,1.1078606,27.096422,2022-04-04 19:33:46.757812504,822,822
26017,No outbreak,9,0.35915613,29.747591,2022-06-24 12:23:59.648437495,1292,1292
26019,No outbreak,9,-0.1346017,31.636404,2022-08-21 00:17:29.414062504,1674,1674
26021,No outbreak,9,1.6587467,25.297834,2022-02-09 01:35:11.132812504,601,601
26023,No outbreak,9,0.5034985,29.217035,2022-06-08 08:47:52.265625000,1178,1178
26025,No outbreak,9,2.3906581,23.091537,2021-12-03 21:45:15.820312504,377,377
26027,No outbreak,9,0.29998133,29.967873,2022-07-01 05:19:44.765625000,1333,1333
26029,No outbreak,9,1.4397964,25.997929,2022-03-02 09:02:48.750000000,683,683
26031,No outbreak,9,0.21384147,30.291452,2022-07-11 01:43:26.835937495,1397,1397
26033,No outbreak,9,2.1430666,23.815464,2021-12-25 22:37:33.515625000,442,442
26035,No outbreak,9,2.0494673,24.095013,2022-01-03 10:51:10.898437495,466,466
26037,No outbreak,9,2.2457616,23.51248,2021-12-16 17:16:40.195312504,414,414
26039,No outbreak,9,1.1120801,27.082172,2022-04-04 09:09:08.437500000,821,821
26041,No outbreak,9,0.64030826,28.722902,2022-05-24 07:48:11.601562504,1087,1087
26043,No outbreak,9,0.45393795,29.398127,2022-06-13 21:05:42.773437495,1221,1221
26045,No outbreak,9,1.8875632,24.586327,2022-01-18 09:47:11.835937495,520,520
26047,No outbreak,9,0.023695484,31.018147,2022-08-02 04:37:01.875000000,1561,1561
26049,No outbreak,9,2.71223,22.184046,2021-11-06 06:46:34.921875000,314,314
26051,No outbreak,9,0.52612364,29.134733,2022-06-05 20:40:13.476562504,1160,1160
26053,No outbreak,9,-0.90793,34.838562,2022-11-26 11:39:36.562500000,2313,2313
26055,Had outbreak,6,2.3005347,23.352463,2021-12-11 20:22:33.515625000,396,396
26057,No outbreak,9,1.8266199,24.773853,2022-01-24 02:47:10.078125000,540,540
26059,No outbreak,9,1.5090107,25.774548,2022-02-23 13:51:16.171875000,651,651
26061,No outbreak,9,0.9504736,27.633375,2022-04-21 03:50:21.679687495,901,901
26063,No outbreak,9,0.027220815,31.004517,2022-08-01 18:39:38.320312504,1555,1555
26065,Had outbreak,4,3.8397422,19.274794,2021-08-09 17:23:36.796875000,132,132
26067,No outbreak,9,1.3632301,26.2473,2022-03-09 23:13:35.625000000,717,717
26069,No outbreak,9,-1.2148654,36.1976,2023-01-06 20:31:10.312500000,2547,2547
26071,No outbreak,9,-1.2437195,36.328053,2023-01-10 19:49:20.156250000,2575,2575
26073,No outbreak,9,1.4288285,26.033506,2022-03-03 11:02:20.625000000,690,690
26075,No outbreak,9,1.4950823,25.819347,2022-02-24 22:34:55.312500000,657,657
26077,No outbreak,9,3.6560907,19.721226,2021-08-23 07:32:22.382812504,150,150
26079,No outbreak,9,2.275435,23.42566,2021-12-14 01:51:00.351562504,405,405
26081,Had outbreak,4,5.63052,15.4179,2021-04-14 07:42:05.097656252,34,34
26083,No outbreak,9,0.21070367,30.303303,2022-07-11 10:22:52.851562504,1401,1401
26085,No outbreak,9,1.307809,26.429289,2022-03-15 12:10:53.906250000,734,734
26087,No outbreak,9,-0.10835889,31.533062,2022-08-17 20:47:36.445312504,1653,1653
26089,No outbreak,9,-1.1389021,35.85639,2022-12-27 11:14:49.453125000,2487,2487
26091,No outbreak,9,1.9308462,24.45401,2022-01-14 09:07:17.695312504,502,502
26093,No outbreak,9,0.1913395,30.376553,2022-07-13 15:53:42.070312504,1421,1421
26095,No outbreak,9,-1.0760416,35.576473,2022-12-18 22:44:56.484375000,2442,2442
26097,No outbreak,9,-2.1836596,40.84479,2023-05-28 07:34:13.125000000,3022,3022
26099,Had outbreak,4,4.864149,16.963741,2021-05-31 09:01:50.742187495,63,63
26101,No outbreak,9,0.18490118,30.400948,2022-07-14 09:42:58.710937495,1425,1425
26103,Had outbreak,5,4.7292624,17.251438,2021-06-09 03:12:39.375000000,70,70
26105,No outbreak,9,1.4055699,26.109106,2022-03-05 18:16:10.312500000,701,701
26107,No outbreak,9,2.8753397,21.737467,2021-10-23 16:31:24.375000000,282,282
26109,No outbreak,9,-0.58667064,33.470726,2022-10-15 20:22:28.242187495,2057,2057
26111,No outbreak,9,1.689779,25.200146,2022-02-06 02:13:09.257812504,584,584
26113,No outbreak,9,2.129467,23.855879,2021-12-27 04:09:04.921875000,447,447
26115,No outbreak,9,-0.07607038,31.406376,2022-08-14 00:14:30.117187495,1637,1637
26117,Had outbreak,4,2.7887595,21.973385,2021-10-30 20:52:37.031250000,296,296
26119,No outbreak,9,0.053174436,30.904354,2022-07-29 17:29:09.023437495,1534,1534
26121,Had outbreak,6,4.131157,18.58706,2021-07-19 18:57:49.921875000,107,107
26123,No outbreak,9,2.6531878,22.347954,2021-11-11 06:31:17.343750000,326,326
26125,Had outbreak,3,4.26996,18.268166,2021-07-10 01:59:26.601562504,91,91
26127,No outbreak,9,1.0185945,27.399675,2022-04-14 01:06:26.718750000,859,859
26129,No outbreak,9,0.21107453,30.301905,2022-07-11 09:21:37.265625000,1400,1400
26131,No outbreak,9,-1.2088306,36.170372,2023-01-06 00:37:37.031250000,2543,2543
26133,Had outbreak,7,3.3139367,20.580715,2021-09-18 11:26:51.914062504,196,196
26135,No outbreak,9,2.1139674,23.902025,2021-12-28 13:51:47.812500000,452,452
26137,No outbreak,9,2.936789,21.571566,2021-10-18 15:19:25.429687495,259,259
26139,No outbreak,9,5.912136,14.885954,2021-03-29 03:04:57.949218747,26,26
26141,No outbreak,9,-0.5101955,33.15311,2022-10-06 04:20:14.648437495,1982,1982
26143,No outbreak,9,0.9153175,27.754763,2022-04-24 20:31:10.312500000,927,927
26145,No outbreak,9,1.5492343,25.64561,2022-02-19 15:39:27.773437495,633,633
26147,No outbreak,9,0.7790287,28.230404,2022-05-09 08:00:14.062500000,1009,1009
26149,No outbreak,9,1.0445279,27.311226,2022-04-11 08:29:24.843750000,847,847
26151,No outbreak,9,1.3723878,26.217344,2022-03-09 01:20:35.742187495,715,715
26153,No outbreak,9,-0.064611435,31.36154,2022-08-12 15:29:10.781250000,1628,1628
26155,No outbreak,9,0.285878,30.02061,2022-07-02 19:51:26.718750000,1341,1341
26157,No outbreak,9,0.7896648,28.192993,2022-05-08 04:40:22.265625000,1000,1000
26159,No outbreak,9,1.2923903,26.48014,2022-03-17 01:19:53.554687495,737,737
26161,No outbreak,9,3.643145,19.753082,2021-08-24 06:48:41.484375000,152,152
26163,No outbreak,9,8.046184,11.408411,2020-12-13 06:31:43.710937495,4,4
26165,No outbreak,9,1.8181,24.800182,2022-01-24 22:01:15.585937495,543,543
27001,No outbreak,9,-0.605374,33.548866,2022-10-18 05:27:34.101562504,2067,2067
27003,No outbreak,9,1.4993243,25.80569,2022-02-24 12:36:23.203125000,655,655
27005,No outbreak,9,1.9625218,24.357624,2022-01-11 10:42:23.554687495,488,488
27007,No outbreak,9,2.4631176,22.883865,2021-11-27 14:02:15.351562504,360,360
27009,No outbreak,9,-0.8759967,34.700134,2022-11-22 06:31:48.984375000,2288,2288
27011,No outbreak,9,-1.4519856,37.2837,2023-02-08 21:58:42.656250000,2719,2719
27013,No outbreak,9,-0.1582495,31.729816,2022-08-23 20:32:08.320312504,1692,1692
27015,No outbreak,9,-1.3386092,36.760387,2023-01-23 23:40:08.203125000,2648,2648
27017,No outbreak,9,-0.23137856,32.020435,2022-09-01 16:51:00.351562504,1747,1747
27019,No outbreak,9,0.21819109,30.275028,2022-07-10 13:43:32.109375000,1394,1394
27021,No outbreak,9,1.3858628,26.17334,2022-03-07 17:11:44.882812504,710,710
27023,No outbreak,9,-3.0217915,45.34388,2023-10-12 06:25:29.296875000,3165,3165
27025,No outbreak,9,-1.2947807,36.56006,2023-01-17 21:18:59.062500000,2614,2614
27027,No outbreak,9,1.0113266,27.424515,2022-04-14 19:15:14.062500000,863,863
27029,No outbreak,9,0.42177522,29.516249,2022-06-17 11:23:26.250000000,1242,1242
27031,No outbreak,9,-0.33221143,32.425526,2022-09-14 00:47:32.929687495,1834,1834
27033,No outbreak,9,-1.9882786,39.861847,2023-04-28 09:28:18.046875000,2970,2970
27035,No outbreak,9,1.9091752,24.520172,2022-01-16 09:27:25.312500000,510,510
27037,Had outbreak,6,2.167332,23.743523,2021-12-23 18:04:07.851562504,438,438
27039,No outbreak,9,-0.45483598,32.92507,2022-09-29 05:44:26.601562504,1937,1937
27041,No outbreak,9,-1.7199103,38.550163,2023-03-19 11:12:32.343750000,2854,2854
27043,No outbreak,9,-1.9565212,39.70433,2023-04-23 14:23:47.343750000,2959,2959
27045,No outbreak,9,-0.34875548,32.492474,2022-09-16 01:42:07.734375000,1850,1850
27047,No outbreak,9,-1.6369352,38.153416,2023-03-07 09:21:37.265625000,2817,2817
27049,No outbreak,9,-2.3991225,41.956886,2023-07-01 04:01:20.859375000,3078,3078
27051,No outbreak,9,-1.2417223,36.319004,2023-01-10 13:12:46.406250000,2571,2571
27053,Had outbreak,3,5.311124,16.044252,2021-05-03 09:17:21.503906252,46,46
27055,No outbreak,9,-1.5881225,37.92192,2023-02-28 08:14:17.812500000,2779,2779
27057,No outbreak,9,0.5648445,28.994423,2022-06-01 14:09:59.414062504,1124,1124
27059,No outbreak,9,-0.7248845,34.052494,2022-11-02 13:23:29.765625000,2170,2170
27061,No outbreak,9,0.07626945,30.815495,2022-07-27 00:34:06.093750000,1519,1519
27063,No outbreak,9,-2.5275445,42.63408,2023-07-21 18:45:10.546875000,3098,3098
27065,No outbreak,9,0.06964257,30.840965,2022-07-27 19:10:34.570312504,1525,1525
27067,No outbreak,9,-0.45025527,32.906273,2022-09-28 16:00:28.125000000,1933,1933
27069,No outbreak,9,-2.2805715,41.3413,2023-06-12 10:18:02.812500000,3047,3047
27071,No outbreak,9,-0.43842715,32.85778,2022-09-27 04:34:50.039062504,1926,1926
27073,No outbreak,9,-2.2388523,41.126827,2023-06-05 21:36:54.843750000,3039,3039
27075,No outbreak,9,1.3139582,26.40903,2022-03-14 21:22:56.367187495,732,732
27077,No outbreak,9,-0.8608496,34.634663,2022-11-20 06:42:00.703125000,2274,2274
27079,No outbreak,9,-2.9314916,44.836246,2023-09-26 19:34:02.578125000,3156,3156
27081,No outbreak,9,-3.016531,45.31415,2023-10-11 08:42:25.312500000,3164,3164
27083,No outbreak,9,-1.6595476,38.26113,2023-03-10 16:03:06.328125000,2831,2831
27085,No outbreak,9,-3.256575,46.69081,2023-11-22 06:26:22.031250000,3178,3178
27087,No outbreak,9,-1.0401539,35.41765,2022-12-14 02:43:07.500000000,2417,2417
27089,No outbreak,9,-1.8359678,39.112026,2023-04-05 13:40:53.906250000,2906,2906
27091,No outbreak,9,-1.9280229,39.56351,2023-04-19 07:31:03.281250000,2950,2950
27093,No outbreak,9,-1.5919902,37.940216,2023-02-28 21:36:12.656250000,2781,2781
27095,No outbreak,9,-0.47711843,33.016666,2022-10-02 00:39:22.500000000,1955,1955
27097,No outbreak,9,-0.6033396,33.540356,2022-10-17 23:14:33.632812504,2064,2064
27099,No outbreak,9,-2.603976,43.042294,2023-08-03 04:58:39.140625000,3116,3116
27101,No outbreak,9,-0.5701837,33.401997,2022-10-13 18:09:45.351562504,2038,2038
27103,No outbreak,9,-1.3624055,36.86961,2023-01-27 07:27:42.890625000,2667,2667
27105,No outbreak,9,-4.8300943,56.810966,2024-09-25 07:49:09.609375000,3218,3218
27107,No outbreak,9,-1.5947263,37.95316,2023-03-01 07:03:37.968750000,2783,2783
27109,No outbreak,9,0.66333896,28.640547,2022-05-21 19:38:15.703125000,1078,1078
27111,No outbreak,9,-0.911843,34.855564,2022-11-27 00:04:55.312500000,2315,2315
27113,No outbreak,9,1.9852289,24.288767,2022-01-09 08:24:08.437500000,481,481
27115,No outbreak,9,-0.2804919,32.21711,2022-09-07 16:31:56.015625000,1791,1791
27117,No outbreak,9,-1.8841927,39.3479,2023-04-12 18:00:10.546875000,2928,2928
27119,No outbreak,9,-1.7099451,38.5023,2023-03-18 00:14:24.843750000,2850,2850
27121,No outbreak,9,-0.3754785,32.600914,2022-09-19 08:55:25.781250000,1877,1877
27123,No outbreak,9,3.0405953,21.294182,2021-10-10 04:40:38.085937495,243,243
27125,No outbreak,9,-2.5578632,42.79554,2023-07-26 16:42:39.375000000,3102,3102
27127,No outbreak,9,-1.5467249,37.7267,2023-02-22 09:37:05.390625000,2755,2755
27129,No outbreak,9,-1.8739699,39.297783,2023-04-11 05:23:15.703125000,2924,2924
27131,No outbreak,9,-1.921844,39.533043,2023-04-18 09:15:38.671875000,2944,2944
27133,No outbreak,9,-1.1458836,35.887615,2022-12-28 10:03:27.421875000,2497,2497
27135,No outbreak,9,-1.2616427,36.409317,2023-01-13 07:11:32.578125000,2585,2585
27137,No outbreak,9,2.490875,22.804806,2021-11-25 04:16:43.710937495,357,357
27139,No outbreak,9,0.47650915,29.315514,2022-06-11 08:44:31.875000000,1201,1201
27141,No outbreak,9,-1.2176477,36.210155,2023-01-07 05:41:32.578125000,2548,2548
27143,No outbreak,9,-2.8849266,44.5767,2023-09-18 21:57:07.734375000,3151,3151
27145,No outbreak,9,0.07373792,30.82522,2022-07-27 07:40:22.265625000,1521,1521
27147,No outbreak,9,-3.6274014,48.900177,2024-01-28 12:30:45.703125000,3197,3197
27149,No outbreak,9,-0.34490877,32.4769,2022-09-15 14:19:23.671875000,1848,1848
27151,No outbreak,9,-1.7755778,38.81865,2023-03-27 15:21:05.625000000,2875,2875
27153,No outbreak,9,-0.051460072,31.31016,2022-08-11 01:57:04.218750000,1615,1615
27155,No outbreak,9,-2.6146724,43.099735,2023-08-04 22:56:32.578125000,3117,3117
27157,No outbreak,9,-2.2951732,41.41663,2023-06-14 17:20:05.859375000,3051,3051
27159,No outbreak,9,-0.7304267,34.07603,2022-11-03 06:35:09.375000000,2174,2174
27161,No outbreak,9,-1.9072857,39.461353,2023-04-16 04:53:12.187500000,2939,2939
27163,Had outbreak,6,0.9409596,27.666176,2022-04-22 03:48:04.570312504,913,913
27165,No outbreak,9,-1.7935674,38.905815,2023-03-30 07:02:03.046875000,2888,2888
27167,No outbreak,9,-2.855463,44.413254,2023-09-13 22:32:48.750000000,3148,3148
27169,No outbreak,9,-1.1130295,35.740917,2022-12-23 22:53:01.640625000,2469,2469
27171,No outbreak,9,0.11423513,30.669977,2022-07-22 14:15:31.640625000,1483,1483
27173,No outbreak,9,-1.2529289,36.36979,2023-01-12 02:18:52.031250000,2579,2579
28001,No outbreak,9,-0.4363773,32.84939,2022-09-26 22:26:55.429687495,1924,1924
28003,No outbreak,9,-1.2306933,36.2691,2023-01-09 00:45:10.546875000,2560,2560
28005,No outbreak,9,-0.997167,35.228336,2022-12-08 08:24:50.625000000,2387,2387
28007,No outbreak,9,-0.19874224,31.890411,2022-08-28 17:51:33.750000000,1722,1722
28009,No outbreak,9,-2.8178043,44.20521,2023-09-07 14:33:37.968750000,3145,3145
28011,No outbreak,9,1.9712441,24.331152,2022-01-10 15:21:58.359375000,485,485
28013,No outbreak,9,-0.7368898,34.1035,2022-11-04 02:39:15.468750000,2179,2179
28015,No outbreak,9,-1.0484254,35.454193,2022-12-15 05:25:01.171875000,2424,2424
28017,No outbreak,9,1.2576795,26.594986,2022-03-20 13:14:00.234375000,750,750
28019,No outbreak,9,1.5451188,25.658775,2022-02-20 01:16:33.164062504,635,635
28021,No outbreak,9,-1.8855379,39.3545,2023-04-12 22:49:30.703125000,2929,2929
28023,No outbreak,9,-0.52312636,33.2066,2022-10-07 19:24:48.867187495,1992,1992
28025,No outbreak,9,-0.07691857,31.409698,2022-08-14 02:40:13.476562504,1638,1638
28027,No outbreak,9,-0.6395439,33.692093,2022-10-22 14:05:41.015625000,2101,2101
28029,No outbreak,9,-0.7712005,34.2497,2022-11-08 13:27:32.343750000,2209,2209
28031,No outbreak,9,-1.7836511,38.857746,2023-03-28 19:54:57.656250000,2879,2879
28033,No outbreak,9,0.6044445,28.851624,2022-05-28 05:50:30.468750000,1104,1104
28035,No outbreak,9,0.40190682,29.589455,2022-06-19 16:52:19.453125000,1259,1259
28037,No outbreak,9,-0.03412752,31.242573,2022-08-09 00:34:27.187500000,1606,1606
28039,No outbreak,9,0.166264,30.471668,2022-07-16 13:22:58.125000000,1440,1440
28041,No outbreak,9,-0.9965171,35.22548,2022-12-08 06:19:30.703125000,2386,2386
28043,No outbreak,9,1.0491748,27.29541,2022-04-10 20:56:07.968750000,842,842
28045,No outbreak,9,0.9516538,27.62931,2022-04-21 00:52:12.421875000,900,900
28047,No outbreak,9,-0.18395996,31.83169,2022-08-26 22:57:35.859375000,1713,1713
28049,No outbreak,9,1.4697843,25.90091,2022-02-27 10:10:08.203125000,667,667
28051,No outbreak,9,-0.25807166,32.12718,2022-09-04 22:49:51.796875000,1767,1767
28053,No outbreak,9,0.50558347,29.20944,2022-06-08 03:14:56.484375000,1176,1176
28055,No outbreak,9,-1.1709446,35.999924,2022-12-31 20:06:12.656250000,2517,2517
28057,No outbreak,9,0.9414224,27.664576,2022-04-22 02:37:56.367187495,912,912
28059,No outbreak,9,-0.0048033,31.128555,2022-08-05 13:16:38.437500000,1578,1578
28061,No outbreak,9,-0.53691375,33.26373,2022-10-09 13:08:59.648437495,2005,2005
28063,No outbreak,9,-2.1910977,40.882683,2023-05-29 11:15:10.546875000,3027,3027
28065,No outbreak,9,-0.6372967,33.682655,2022-10-22 07:12:04.218750000,2097,2097
28067,No outbreak,9,-1.5957167,37.957844,2023-03-01 10:28:56.718750000,2784,2784
28069,No outbreak,9,0.8689113,27.915812,2022-04-29 18:10:32.812500000,954,954
28071,No outbreak,9,-0.7857015,34.31168,2022-11-10 10:44:24.843750000,2225,2225
28073,No outbreak,9,1.8900113,24.578827,2022-01-18 04:18:29.179687495,518,518
28075,No outbreak,9,0.41553465,29.539223,2022-06-18 04:10:29.296875000,1250,1250
28077,No outbreak,9,-2.3721318,41.815933,2023-06-26 21:02:59.296875000,3071,3071
28079,No outbreak,9,-1.0373391,35.40522,2022-12-13 17:38:12.187500000,2411,2411
28081,No outbreak,9,0.50760114,29.202093,2022-06-07 21:52:54.609375000,1172,1172
28083,No outbreak,9,1.0368421,27.337412,2022-04-12 03:37:10.664062504,854,854
28085,No outbreak,9,0.49991596,29.230087,2022-06-08 18:19:57.070312504,1182,1182
28087,No outbreak,9,0.38864648,29.638416,2022-06-21 04:38:31.523437495,1271,1271
28089,No outbreak,9,1.2976669,26.462729,2022-03-16 12:36:39.023437495,736,736
28091,No outbreak,9,-0.6313164,33.65755,2022-10-21 12:51:40.781250000,2090,2090
28093,No outbreak,9,-0.052058086,31.312494,2022-08-11 03:39:22.500000000,1616,1616
28095,No outbreak,9,-1.2828815,36.50586,2023-01-16 05:43:18.046875000,2605,2605
28097,No outbreak,9,-1.4734857,37.383774,2023-02-11 23:05:19.921875000,2728,2728
28099,No outbreak,9,-0.01794076,31.179583,2022-08-07 02:33:22.148437495,1592,1592
28101,No outbreak,9,0.08143832,30.79564,2022-07-26 10:03:48.515625000,1517,1517
28103,No outbreak,9,1.091467,27.151863,2022-04-06 12:03:57.304687495,827,827
28105,No outbreak,9,-1.9241774,39.544544,2023-04-18 17:39:47.109375000,2948,2948
28107,No outbreak,9,-0.9921295,35.206215,2022-12-07 16:15:14.062500000,2380,2380
28109,No outbreak,9,-1.9051316,39.450752,2023-04-15 21:08:26.250000000,2934,2934
28111,No outbreak,9,-0.56742203,33.390495,2022-10-13 09:45:36.914062504,2035,2035
28113,No outbreak,9,-0.3102951,32.337044,2022-09-11 08:09:01.406250000,1815,1815
28115,No outbreak,9,-1.8380743,39.122303,2023-04-05 21:11:25.546875000,2907,2907
28117,No outbreak,9,1.9389071,24.429441,2022-01-13 15:10:22.265625000,498,498
28119,No outbreak,9,-1.0013914,35.246895,2022-12-08 21:58:21.562500000,2390,2390
28121,No outbreak,9,1.943568,24.415253,2022-01-13 04:48:27.421875000,495,495
28123,No outbreak,9,-0.51930404,33.19078,2022-10-07 07:51:26.718750000,1987,1987
28125,No outbreak,9,0.87936014,27.879469,2022-04-28 15:37:31.757812504,948,948
28127,No outbreak,9,0.49689004,29.241116,2022-06-09 02:23:20.976562504,1183,1183
28129,No outbreak,9,-1.2700205,36.447372,2023-01-14 10:59:31.875000000,2593,2593
28131,No outbreak,9,-2.1032414,40.437313,2023-05-15 21:53:05.156250000,3006,3006
28133,No outbreak,9,-0.9628056,35.077736,2022-12-03 18:23:33.281250000,2361,2361
28135,No outbreak,9,-0.9798848,35.152508,2022-12-06 01:00:59.765625000,2374,2374
28137,No outbreak,9,-1.5385435,37.68824,2023-02-21 05:31:20.859375000,2749,2749
28139,No outbreak,9,0.26672006,30.092405,2022-07-05 00:18:27.421875000,1354,1354
28141,No outbreak,9,-2.40076,41.965454,2023-07-01 10:16:59.531250000,3079,3079
28143,No outbreak,9,-2.3626704,41.76664,2023-06-25 09:02:17.109375000,3066,3066
28145,No outbreak,9,-0.95073855,35.025,2022-12-02 03:51:51.328125000,2350,2350
28147,No outbreak,9,-1.0990741,35.678783,2022-12-22 01:29:28.359375000,2457,2457
28149,No outbreak,9,-0.56272495,33.37095,2022-10-12 19:28:51.445312504,2031,2031
28151,No outbreak,9,0.6836298,28.568182,2022-05-19 14:46:17.343750000,1070,1070
28153,No outbreak,9,-0.12955533,31.616505,2022-08-20 09:45:15.820312504,1670,1670
28155,No outbreak,9,-0.6235579,33.62501,2022-10-20 13:05:18.164062504,2082,2082
28157,No outbreak,9,-1.0722634,35.55972,2022-12-18 10:30:31.640625000,2439,2439
28159,No outbreak,9,0.76073056,28.294882,2022-05-11 07:06:31.992187495,1026,1026
28161,No outbreak,9,-0.33513612,32.43735,2022-09-14 09:25:55.664062504,1838,1838
28163,No outbreak,9,0.8410046,28.01311,2022-05-02 17:15:26.367187495,967,967
29001,No outbreak,9,-0.31654572,32.36225,2022-09-12 02:33:59.062500000,1823,1823
29003,No outbreak,9,-1.0417076,35.42451,2022-12-14 07:43:53.203125000,2419,2419
29005,No outbreak,9,0.0074938834,31.080866,2022-08-04 02:26:15.000000000,1569,1569
29007,No outbreak,9,1.3206694,26.386944,2022-03-14 05:14:44.179687495,730,730
29009,No outbreak,9,-1.8416079,39.139545,2023-04-06 09:47:17.109375000,2908,2908
29011,No outbreak,9,-1.5987706,37.972305,2023-03-01 21:02:48.750000000,2788,2788
29013,No outbreak,9,-0.8914535,34.76707,2022-11-24 07:25:57.421875000,2300,2300
29015,No outbreak,9,-1.1177204,35.761826,2022-12-24 14:09:33.046875000,2472,2472
29017,No outbreak,9,-0.5043306,33.128876,2022-10-05 10:37:54.609375000,1977,1977
29019,No outbreak,9,1.67517,25.246086,2022-02-07 11:46:48.984375000,592,592
29021,No outbreak,9,0.6039648,28.853348,2022-05-28 07:06:05.625000000,1105,1105
29023,No outbreak,9,2.2406998,23.527327,2021-12-17 04:07:24.726562504,415,415
29025,No outbreak,9,-0.51955813,33.19183,2022-10-07 08:37:24.726562504,1988,1988
29027,No outbreak,9,1.0466388,27.30404,2022-04-11 03:14:24.843750000,844,844
29029,No outbreak,9,1.6904835,25.197933,2022-02-06 00:36:07.382812504,583,583
29031,No outbreak,9,3.0576854,21.248856,2021-10-08 19:33:52.031250000,240,240
29033,No outbreak,9,2.3000724,23.353807,2021-12-11 21:21:26.718750000,397,397
29035,No outbreak,9,-0.21569784,31.957895,2022-08-30 19:09:36.562500000,1735,1735
29037,No outbreak,9,0.6170238,28.806408,2022-05-26 20:48:34.453125000,1100,1100
29039,Had outbreak,6,-0.1843004,31.833042,2022-08-26 23:56:50.156250000,1714,1714
29041,No outbreak,9,-0.8954566,34.784428,2022-11-24 20:06:44.296875000,2305,2305
29043,No outbreak,9,2.705597,22.2024,2021-11-06 20:11:07.968750000,316,316
29045,No outbreak,9,-1.8158464,39.01403,2023-04-02 14:05:30.468750000,2896,2896
29047,No outbreak,9,1.5208087,25.73666,2022-02-22 10:10:29.296875000,645,645
29049,No outbreak,9,-0.7393505,34.113964,2022-11-04 10:17:52.265625000,2180,2180
29051,No outbreak,9,0.9351759,27.68613,2022-04-22 18:22:45.820312504,916,916
29053,No outbreak,9,-0.08814764,31.453701,2022-08-15 10:48:59.062500000,1644,1644
29055,No outbreak,9,2.1111262,23.910494,2021-12-28 20:03:02.812500000,455,455
29057,No outbreak,9,-1.7926195,38.90122,2023-03-30 03:40:25.781250000,2887,2887
29059,No outbreak,9,0.47746587,29.31202,2022-06-11 06:11:20.273437495,1200,1200
29061,No outbreak,9,0.5256628,29.13641,2022-06-05 21:53:47.343750000,1161,1161
29063,No outbreak,9,-0.88172674,34.724934,2022-11-23 00:38:50.859375000,2294,2294
29065,No outbreak,9,-0.3030788,32.307964,2022-09-10 10:54:26.015625000,1809,1809
29067,No outbreak,9,-0.31378067,32.3511,2022-09-11 18:25:13.476562504,1819,1819
29069,No outbreak,9,0.5492279,29.05093,2022-06-03 07:26:50.156250000,1136,1136
29071,No outbreak,9,0.78209627,28.219608,2022-05-09 00:07:01.875000000,1008,1008
29073,No outbreak,9,0.42425376,29.50713,2022-06-17 04:43:42.656250000,1240,1240
29075,No outbreak,9,-0.012706041,31.159239,2022-08-06 11:41:37.851562504,1584,1584
29077,No outbreak,9,2.6962702,22.228233,2021-11-07 15:03:30.937500000,321,321
29079,No outbreak,9,2.0197701,24.184391,2022-01-06 04:08:54.375000000,476,476
29081,No outbreak,9,-0.80851614,34.409416,2022-11-13 10:08:33.281250000,2236,2236
29083,No outbreak,9,-0.69042337,33.9065,2022-10-29 02:44:00.234375000,2153,2153
29085,No outbreak,9,-0.45880046,32.94135,2022-09-29 17:37:56.367187495,1939,1939
29087,No outbreak,9,-0.89348185,34.77586,2022-11-24 13:51:05.625000000,2302,2302
29089,No outbreak,9,1.202813,26.777534,2022-03-26 02:35:44.531250000,779,779
29091,No outbreak,9,2.2539563,23.488474,2021-12-15 23:44:21.328125000,412,412
29093,No outbreak,9,-0.56756103,33.391075,2022-10-13 10:11:00.937500000,2036,2036
29095,No outbreak,9,3.1956785,20.886402,2021-09-27 18:46:13.828125000,220,220
29097,No outbreak,9,1.8852057,24.593555,2022-01-18 15:04:07.851562504,522,522
29099,No outbreak,9,1.5032929,25.792927,2022-02-24 03:16:52.500000000,653,653
29101,No outbreak,9,1.0584925,27.263718,2022-04-09 21:46:56.015625000,839,839
29103,No outbreak,9,-3.1615422,46.14086,2023-11-05 12:40:04.687500000,3173,3173
29105,No outbreak,9,1.46118,25.92871,2022-02-28 06:28:44.414062504,674,674
29107,No outbreak,9,0.8252108,28.068325,2022-05-04 09:35:46.289062504,983,983
29109,No outbreak,9,0.86877024,27.916306,2022-04-29 18:32:10.078125000,955,955
29111,No outbreak,9,-0.65374637,33.75181,2022-10-24 09:43:14.531250000,2114,2114
29113,No outbreak,9,0.20359558,30.33017,2022-07-12 06:00:31.640625000,1411,1411
29115,No outbreak,9,0.27276665,30.069729,2022-07-04 07:44:30.117187495,1348,1348
29117,No outbreak,9,2.1335604,23.84371,2021-12-26 19:15:40.429687495,446,446
29119,No outbreak,9,-1.5826325,37.895973,2023-02-27 13:16:59.531250000,2775,2775
29121,No outbreak,9,0.4627013,29.366026,2022-06-12 21:38:40.312500000,1215,1215
29123,No outbreak,9,-0.49842107,33.104477,2022-10-04 16:48:27.421875000,1973,1973
29125,No outbreak,9,-1.2190166,36.216335,2023-01-07 10:12:25.312500000,2549,2549
29127,No outbreak,9,1.1728579,26.87773,2022-03-29 03:47:38.203125000,799,799
29129,No outbreak,9,-0.08987948,31.460495,2022-08-15 15:46:45.468750000,1646,1646
29131,No outbreak,9,-0.39374036,32.675224,2022-09-21 15:12:44.648437495,1891,1891
29133,No outbreak,9,0.61983013,28.796333,2022-05-26 13:27:00.703125000,1099,1099
29135,No outbreak,9,1.623428,25.409475,2022-02-12 11:08:45.585937495,613,613
29137,No outbreak,9,-0.3260246,32.40052,2022-09-13 06:31:27.890625000,1831,1831
29139,No outbreak,9,-1.3238239,36.692684,2023-01-21 22:12:25.312500000,2638,2638
29141,No outbreak,9,0.700629,28.5077,2022-05-17 18:35:09.375000000,1057,1057
29143,Had outbreak,5,3.545792,19.9943,2021-08-31 15:02:11.835937495,165,165
29145,No outbreak,9,-1.7293689,38.595654,2023-03-20 20:26:25.546875000,2856,2856
29147,No outbreak,9,1.8871776,24.587511,2022-01-18 10:39:08.437500000,521,521
29149,No outbreak,9,0.26932195,30.082644,2022-07-04 17:10:36.328125000,1352,1352
29151,No outbreak,9,-0.25937948,32.132416,2022-09-05 02:39:31.289062504,1770,1770
29153,No outbreak,9,-0.3154386,32.357788,2022-09-11 23:18:20.390625000,1822,1822
29155,No outbreak,9,0.79238385,28.183437,2022-05-07 21:41:34.335937495,998,998
29157,No outbreak,9,-1.0372835,35.404972,2022-12-13 17:27:28.828125000,2410,2410
29159,No outbreak,9,-0.44576287,32.887844,2022-09-28 02:32:39.960937495,1931,1931
29161,No outbreak,9,1.7541115,24.998829,2022-01-30 23:08:40.312500000,560,560
29163,No outbreak,9,1.534228,25.693638,2022-02-21 02:44:42.421875000,640,640
29165,No outbreak,9,0.7481415,28.339329,2022-05-12 15:34:48.281250000,1029,1029
29167,No outbreak,9,2.1170523,23.892834,2021-12-28 07:08:54.375000000,450,450
29169,No outbreak,9,-1.2133288,36.190666,2023-01-06 15:27:14.765625000,2545,2545
29171,No outbreak,9,-0.8780554,34.70904,2022-11-22 13:02:13.593750000,2291,2291
29173,No outbreak,9,-0.3436994,32.472004,2022-09-15 10:44:51.210937495,1846,1846
29175,No outbreak,9,0.5386574,29.089243,2022-06-04 11:26:15.000000000,1146,1146
29177,No outbreak,9,-0.6752448,33.842396,2022-10-27 03:54:08.437500000,2138,2138
29179,No outbreak,9,0.17938493,30.421862,2022-07-15 00:59:45.937500000,1429,1429
29181,No outbreak,9,-0.60860133,33.562366,2022-10-18 15:19:20.156250000,2069,2069
29183,No outbreak,9,0.71711075,28.44918,2022-05-15 23:50:04.101562504,1046,1046
29185,No outbreak,9,-1.1630296,35.964417,2022-12-30 18:09:50.625000000,2508,2508
29186,No outbreak,9,-2.1582942,40.715824,2023-05-24 09:21:05.625000000,3014,3014
29187,No outbreak,9,2.144246,23.81196,2021-12-25 20:03:55.546875000,441,441
29189,No outbreak,9,3.1552644,20.991913,2021-09-30 23:51:07.382812504,224,224
29195,No outbreak,9,0.78635514,28.20463,2022-05-08 13:10:29.296875000,1005,1005
29197,No outbreak,9,-0.33726808,32.445972,2022-09-14 15:43:46.171875000,1841,1841
29199,No outbreak,9,1.6673353,25.270758,2022-02-08 05:48:18.632812504,596,596
29201,No outbreak,9,2.3416054,23.233192,2021-12-08 05:14:28.359375000,392,392
29203,No outbreak,9,-0.06104502,31.347597,2022-08-12 05:18:04.570312504,1624,1624
29205,No outbreak,9,-0.5338162,33.250885,2022-10-09 03:46:03.281250000,2000,2000
29207,No outbreak,9,2.172121,23.729351,2021-12-23 07:42:55.195312504,436,436
29209,No outbreak,9,1.0809841,27.187372,2022-04-07 14:00:24.609375000,829,829
29211,No outbreak,9,-1.7018538,38.463478,2023-03-16 19:52:40.546875000,2847,2847
29213,Had outbreak,4,5.1672573,16.334631,2021-05-12 05:25:40.722656252,52,52
29215,No outbreak,9,-0.014219046,31.165121,2022-08-06 15:59:30.117187495,1588,1588
29217,No outbreak,9,2.1374094,23.832268,2021-12-26 10:54:04.921875000,444,444
29219,No outbreak,9,0.7852901,28.208376,2022-05-08 15:54:40.078125000,1006,1006
29221,No outbreak,9,0.7244322,28.423223,2022-05-15 04:52:14.179687495,1039,1039
29223,No outbreak,9,-0.13481043,31.637228,2022-08-21 00:53:36.796875000,1675,1675
29225,No outbreak,9,2.939412,21.564512,2021-10-18 10:10:13.476562504,258,258
29227,No outbreak,9,-1.8802004,39.32832,2023-04-12 03:41:50.156250000,2926,2926
29229,No outbreak,9,0.65844613,28.658024,2022-05-22 08:24:24.257812504,1083,1083
29510,No outbreak,9,1.1369078,26.998472,2022-04-01 20:00:14.062500000,810,810
30001,No outbreak,9,-1.223351,36.235916,2023-01-08 00:30:45.703125000,2555,2555
30003,No outbreak,9,-1.080734,35.597294,2022-12-19 13:57:35.859375000,2446,2446
30005,No outbreak,9,1.6239452,25.40784,2022-02-12 09:57:07.734375000,611,611
30007,No outbreak,9,1.781945,24.912226,2022-01-28 07:52:35.273437495,553,553
30009,No outbreak,9,-0.3811106,32.623814,2022-09-20 01:39:13.710937495,1880,1880
30011,No outbreak,9,-0.5816003,33.44957,2022-10-15 04:55:02.929687495,2052,2052
30013,Had outbreak,7,4.4458184,17.871988,2021-06-28 00:33:34.453125000,81,81
30015,No outbreak,9,0.69208276,28.538092,2022-05-18 16:47:18.867187495,1064,1064
30017,No outbreak,9,0.045549676,30.933746,2022-07-30 14:57:27.070312504,1541,1541
30019,No outbreak,9,-1.5794189,37.880795,2023-02-27 02:11:39.609375000,2774,2774
30021,No outbreak,9,-0.003974706,31.12534,2022-08-05 10:55:39.843750000,1577,1577
30023,No outbreak,9,-0.73567146,34.098324,2022-11-03 22:52:19.453125000,2178,2178
30025,No outbreak,9,-2.2797534,41.337086,2023-06-12 07:13:18.046875000,3046,3046
30027,No outbreak,9,1.7094805,25.13832,2022-02-04 05:03:08.085937495,574,574
30029,Had outbreak,5,4.007275,18.87637,2021-07-28 14:19:13.125000000,120,120
30031,Had outbreak,4,5.6899467,15.304087,2021-04-10 20:33:14.238281252,32,32
30033,No outbreak,9,2.024399,24.170437,2022-01-05 17:57:16.523437495,473,473
30035,No outbreak,9,-3.1292028,45.955196,2023-10-30 21:01:45.468750000,3171,3171
30037,No outbreak,9,1.7631792,24.970585,2022-01-30 02:30:38.671875000,558,558
30039,No outbreak,9,-2.482852,42.397175,2023-07-14 13:40:53.906250000,3092,3092
30041,Had outbreak,5,4.554066,17.632408,2021-06-20 17:31:57.773437495,75,75
30043,No outbreak,9,-1.8719475,39.287872,2023-04-10 22:08:54.375000000,2921,2921
30045,No outbreak,9,-0.31351948,32.350044,2022-09-11 17:38:54.375000000,1818,1818
30047,No outbreak,9,-0.7560166,34.184925,2022-11-06 14:08:19.218750000,2193,2193
30049,Had outbreak,8,4.241074,18.334076,2021-07-12 02:08:35.039062504,95,95
30051,No outbreak,9,1.4886862,25.839941,2022-02-25 13:37:38.789062504,659,659
30053,No outbreak,9,1.661265,25.289892,2022-02-08 19:47:03.046875000,599,599
30055,No outbreak,9,0.7684294,28.267736,2022-05-10 11:16:40.195312504,1017,1017
30057,No outbreak,9,0.31038716,29.929018,2022-06-30 00:56:36.093750000,1322,1322
30059,No outbreak,9,1.7048936,25.152704,2022-02-04 15:33:34.453125000,576,576
30061,No outbreak,9,1.8896623,24.579897,2022-01-18 05:05:25.195312504,519,519
30063,No outbreak,9,3.1872349,20.908405,2021-09-28 10:50:39.257812504,221,221
30065,No outbreak,9,-1.3757143,36.93084,2023-01-29 04:11:43.125000000,2674,2674
30067,No outbreak,9,-0.363396,32.55184,2022-09-17 21:04:23.671875000,1867,1867
30069,No outbreak,9,0.5412307,29.079912,2022-06-04 04:37:17.695312504,1145,1145
30071,No outbreak,9,1.2183605,26.725681,2022-03-24 12:42:48.164062504,771,771
30073,No outbreak,9,1.9546968,24.381401,2022-01-12 04:04:35.976562504,494,494
30075,No outbreak,9,-0.61226827,33.577717,2022-10-19 02:32:13.593750000,2072,2072
30077,No outbreak,9,0.0887762,30.767483,2022-07-25 13:29:33.632812504,1509,1509
30079,No outbreak,9,-0.6381282,33.68615,2022-10-22 09:45:10.546875000,2099,2099
30081,No outbreak,9,-0.23575877,32.03793,2022-09-02 05:37:51.093750000,1750,1750
30083,No outbreak,9,2.3009093,23.351374,2021-12-11 19:34:50.039062504,395,395
30085,No outbreak,9,0.5733741,28.963604,2022-05-31 15:39:01.406250000,1115,1115
30087,No outbreak,9,0.7234167,28.42682,2022-05-15 07:29:54.726562504,1042,1042
30089,No outbreak,9,-0.88847625,34.754166,2022-11-23 22:00:17.578125000,2298,2298
30091,No outbreak,9,3.5461392,19.993435,2021-08-31 14:24:13.710937495,164,164
30093,No outbreak,9,1.6911345,25.195889,2022-02-05 23:06:28.476562504,582,582
30095,No outbreak,9,2.5899992,22.524706,2021-11-16 15:38:56.132812504,338,338
30097,No outbreak,9,3.8129716,19.339237,2021-08-11 16:28:25.078125000,137,137
30099,No outbreak,9,3.3720942,20.432024,2021-09-13 22:49:09.609375000,186,186
30101,No outbreak,9,0.24310571,30.18113,2022-07-07 17:07:37.031250000,1371,1371
30103,No outbreak,9,0.88430667,27.862282,2022-04-28 03:04:07.851562504,946,946
30105,No outbreak,9,1.4301732,26.02914,2022-03-03 07:50:55.078125000,688,688
30107,No outbreak,9,-1.221535,36.227707,2023-01-07 18:30:45.703125000,2553,2553
30109,No outbreak,9,1.464146,25.919125,2022-02-27 23:28:32.109375000,671,671
30111,Had outbreak,6,3.7850304,19.406725,2021-08-13 17:46:38.437500000,139,139
31001,No outbreak,9,-1.3437163,36.7838,2023-01-24 16:46:20.859375000,2653,2653
31003,No outbreak,9,-0.24557708,32.07717,2022-09-03 10:17:57.539062504,1756,1756
31005,No outbreak,9,1.5584513,25.616156,2022-02-18 18:08:20.976562504,630,630
31007,No outbreak,9,0.99907625,27.466433,2022-04-16 01:52:40.546875000,873,873
31009,No outbreak,9,0.056864392,30.89014,2022-07-29 07:06:05.625000000,1532,1532
31011,No outbreak,9,-0.52958417,33.233345,2022-10-08 14:57:11.250000000,1996,1996
31013,No outbreak,9,0.1544605,30.516546,2022-07-17 22:10:08.203125000,1449,1449
31015,No outbreak,9,-0.93367416,34.950565,2022-11-29 21:29:10.781250000,2337,2337
31017,No outbreak,9,-2.902246,44.67306,2023-09-21 20:21:09.140625000,3153,3153
31019,No outbreak,9,2.2597246,23.471584,2021-12-15 11:24:03.164062504,410,410
31021,No outbreak,9,-0.3013838,32.301136,2022-09-10 05:55:04.687500000,1808,1808
31023,No outbreak,9,-3.872983,50.42058,2024-03-14 19:15:35.156250000,3204,3204
31025,No outbreak,9,0.1653436,30.475164,2022-07-16 15:56:09.726562504,1444,1444
31027,No outbreak,9,-1.4195534,37.133244,2023-02-04 08:03:45.000000000,2699,2699
31029,No outbreak,9,-1.2849879,36.51545,2023-01-16 12:43:35.625000000,2606,2606
31031,No outbreak,9,2.693076,22.237087,2021-11-07 21:31:38.437500000,322,322
31033,No outbreak,9,0.1662372,30.47177,2022-07-16 13:27:21.796875000,1441,1441
31035,No outbreak,9,-1.7612627,38.74943,2023-03-25 12:47:06.562500000,2866,2866
31037,No outbreak,9,-5.01299,58.121307,2024-11-04 05:06:12.656250000,3220,3220
31039,No outbreak,9,-0.7523819,34.169434,2022-11-06 02:49:16.640625000,2189,2189
31041,No outbreak,9,-1.5782249,37.875156,2023-02-26 22:04:30.703125000,2773,2773
31043,No outbreak,9,-2.4682713,42.32017,2023-07-12 05:25:32.812500000,3091,3091
31045,No outbreak,9,-0.055239648,31.324917,2022-08-11 12:43:51.445312504,1619,1619
31047,No outbreak,9,-0.7474934,34.148617,2022-11-05 11:36:47.812500000,2185,2185
31049,No outbreak,9,-0.6892122,33.901382,2022-10-28 22:59:42.421875000,2150,2150
31051,No outbreak,9,-2.179713,40.824703,2023-05-27 16:53:43.828125000,3020,3020
31053,No outbreak,9,-4.3130083,53.263992,2024-06-09 08:32:34.687500000,3214,3214
31055,No outbreak,9,2.9002419,21.670084,2021-10-21 15:17:50.507812504,271,271
31057,No outbreak,9,-0.4435683,32.87885,2022-09-27 19:58:18.046875000,1928,1928
31059,No outbreak,9,-2.804884,44.13406,2023-09-05 10:34:44.765625000,3143,3143
31061,No outbreak,9,-1.0833937,35.6091,2022-12-19 22:35:05.859375000,2448,2448
31063,No outbreak,9,-1.7096205,38.500736,2023-03-17 23:05:51.562500000,2849,2849
31065,No outbreak,9,-1.5760579,37.864925,2023-02-26 14:36:05.625000000,2772,2772
31067,No outbreak,9,-2.5592732,42.803066,2023-07-26 22:12:35.859375000,3103,3103
31069,No outbreak,9,-0.63717854,33.68216,2022-10-22 06:50:16.406250000,2096,2096
31071,No outbreak,9,0.14887689,30.537798,2022-07-18 13:41:36.093750000,1453,1453
31073,No outbreak,9,0.31244734,29.921331,2022-06-29 19:19:43.007812504,1321,1321
31075,No outbreak,9,3.3217506,20.560673,2021-09-17 20:48:18.632812504,195,195
31077,No outbreak,9,-1.0127792,35.29697,2022-12-10 10:33:20.390625000,2395,2395
31079,No outbreak,9,-1.0585433,35.498943,2022-12-16 14:06:33.750000000,2431,2431
31081,No outbreak,9,-1.2339768,36.28395,2023-01-09 11:36:16.171875000,2564,2564
31083,No outbreak,9,1.0064789,27.441095,2022-04-15 07:22:00.117187495,869,869
31085,No outbreak,9,0.15656903,30.508524,2022-07-17 16:18:29.179687495,1448,1448
31087,No outbreak,9,-1.0951724,35.66143,2022-12-21 12:48:52.031250000,2454,2454
31089,No outbreak,9,-0.81523144,34.438236,2022-11-14 07:11:53.671875000,2241,2241
31091,No outbreak,9,-1.1560824,35.933277,2022-12-29 19:24:54.140625000,2506,2506
31093,No outbreak,9,-3.6131058,48.813095,2024-01-25 20:53:40.312500000,3195,3195
31095,No outbreak,9,-0.41713664,32.77068,2022-09-24 12:56:51.914062504,1908,1908
31097,No outbreak,9,-1.9145595,39.497154,2023-04-17 07:02:34.687500000,2942,2942
31099,No outbreak,9,0.41941687,29.52493,2022-06-17 17:43:54.960937495,1246,1246
31101,No outbreak,9,-1.8636367,39.247185,2023-04-09 16:25:25.781250000,2918,2918
31103,No outbreak,9,-1.1482751,35.89832,2022-12-28 17:52:37.031250000,2501,2501
31105,No outbreak,9,-0.14503583,31.677586,2022-08-22 06:22:40.546875000,1681,1681
31107,No outbreak,9,-2.2789764,41.33308,2023-06-12 04:17:41.718750000,3045,3045
31109,No outbreak,9,2.5442052,22.653679,2021-11-20 13:52:19.453125000,345,345
31111,No outbreak,9,2.3437972,23.226843,2021-12-08 00:36:07.382812504,391,391
31113,No outbreak,9,1.8696237,24.641384,2022-01-20 02:00:35.156250000,526,526
31115,No outbreak,9,-0.43546653,32.845657,2022-09-26 19:43:26.835937495,1923,1923
31117,No outbreak,9,4.4278355,17.912102,2021-06-29 05:51:54.843750000,85,85
31119,No outbreak,9,-2.463267,42.29378,2023-07-11 10:08:43.828125000,3090,3090
31121,No outbreak,9,0.39945075,29.598518,2022-06-19 23:29:40.664062504,1260,1260
31123,No outbreak,9,-1.2429593,36.324608,2023-01-10 17:18:20.390625000,2573,2573
31125,No outbreak,9,-0.20920715,31.932045,2022-08-30 00:16:31.406250000,1730,1730
31127,No outbreak,9,2.3655567,23.163916,2021-12-06 02:37:51.093750000,386,386
31129,No outbreak,9,-1.7678757,38.78139,2023-03-26 12:08:05.156250000,2869,2869
31131,No outbreak,9,-0.9628509,35.077934,2022-12-03 18:32:10.078125000,2362,2362
31133,No outbreak,9,-2.57905,42.90874,2023-07-30 03:24:36.562500000,3111,3111
31135,No outbreak,9,-0.38212708,32.62795,2022-09-20 04:40:27.539062504,1882,1882
31137,No outbreak,9,-1.5634685,37.80554,2023-02-24 19:12:56.953125000,2765,2765
31139,No outbreak,9,-0.98493445,35.17465,2022-12-06 17:11:29.062500000,2376,2376
31141,No outbreak,9,-2.9576268,44.982586,2023-10-01 06:28:39.140625000,3160,3160
31143,No outbreak,9,-0.47541034,33.009636,2022-10-01 19:31:13.828125000,1953,1953
31145,No outbreak,9,-2.3259168,41.575687,2023-06-19 13:32:06.562500000,3059,3059
31147,No outbreak,9,-1.6831323,38.373802,2023-03-14 02:21:51.328125000,2839,2839
31149,No outbreak,9,1.9856982,24.287342,2022-01-09 07:21:39.023437495,480,480
31151,No outbreak,9,-2.1973507,40.91457,2023-05-30 10:32:59.296875000,3028,3028
31153,No outbreak,9,0.7048763,28.492609,2022-05-17 07:33:41.484375000,1053,1053
31155,No outbreak,9,-2.5853133,42.942257,2023-07-31 03:53:47.343750000,3112,3112
31157,No outbreak,9,3.171449,20.949594,2021-09-29 16:56:11.484375000,223,223
31159,No outbreak,9,0.22543758,30.24769,2022-07-09 17:45:08.789062504,1388,1388
31161,Had outbreak,5,4.997197,16.684668,2021-05-22 21:09:03.164062504,58,58
31163,No outbreak,9,-2.0570107,40.204906,2023-05-08 20:05:51.562500000,2988,2988
31165,No outbreak,9,0.25411332,30.13974,2022-07-06 10:53:17.460937495,1363,1363
31167,No outbreak,9,-2.8816967,44.558754,2023-09-18 08:50:41.015625000,3150,3150
31169,No outbreak,9,-1.7687548,38.785645,2023-03-26 15:14:24.843750000,2870,2870
31171,No outbreak,9,0.8105535,28.119663,2022-05-05 23:06:07.382812504,987,987
31173,No outbreak,9,0.036412485,30.969004,2022-07-31 16:42:55.195312504,1545,1545
31175,No outbreak,9,-1.7838265,38.85859,2023-03-28 20:31:52.500000000,2880,2880
31177,No outbreak,9,-1.6357669,38.147858,2023-03-07 05:17:59.296875000,2815,2815
31179,No outbreak,9,-2.290103,41.390457,2023-06-13 22:12:46.406250000,3050,3050
31181,No outbreak,9,-1.1489772,35.901463,2022-12-28 20:10:25.781250000,2502,2502
31183,No outbreak,9,-1.2145542,36.19619,2023-01-06 19:29:17.812500000,2546,2546
31185,No outbreak,9,-1.4149561,37.111965,2023-02-03 16:31:03.281250000,2697,2697
32001,No outbreak,9,-2.0075002,39.957493,2023-05-01 07:20:51.562500000,2979,2979
32003,No outbreak,9,2.6004367,22.495415,2021-11-15 18:15:01.757812504,334,334
32005,No outbreak,9,0.97865117,27.536469,2022-04-18 05:02:36.445312504,884,884
32007,No outbreak,9,0.9379804,27.67645,2022-04-22 11:18:30.937500000,915,915
32009,No outbreak,9,-6.7304955,72.0,2025-12-31 16:19:06.093750000,3222,3222
32011,No outbreak,9,-1.9701483,39.771847,2023-04-25 15:43:14.531250000,2961,2961
32013,No outbreak,9,0.70156705,28.504366,2022-05-17 16:08:59.648437495,1055,1055
32015,No outbreak,9,-0.31826103,32.369175,2022-09-12 07:37:28.242187495,1824,1824
32017,No outbreak,9,-0.04184088,31.272633,2022-08-09 22:32:06.562500000,1610,1610
32019,No outbreak,9,-0.6752126,33.842262,2022-10-27 03:48:09.843750000,2137,2137
32021,No outbreak,9,-1.558002,37.77978,2023-02-24 00:23:54.375000000,2761,2761
32023,No outbreak,9,-1.3693827,36.9017,2023-01-28 06:54:18.984375000,2668,2668
32027,No outbreak,9,-1.3874941,36.98512,2023-01-30 19:50:55.078125000,2680,2680
32029,No outbreak,9,-3.051004,45.50933,2023-10-17 07:17:52.265625000,3167,3167
32031,No outbreak,9,2.4170694,23.015621,2021-12-01 14:17:32.929687495,369,369
32033,No outbreak,9,-1.112226,35.737335,2022-12-23 20:16:03.281250000,2468,2468
32510,No outbreak,9,1.3877234,26.167265,2022-03-07 12:45:26.367187495,708,708
33001,No outbreak,9,-0.5072555,33.140957,2022-10-05 19:27:27.070312504,1980,1980
33003,No outbreak,9,-1.0377134,35.40687,2022-12-13 18:50:37.500000000,2412,2412
33005,No outbreak,9,0.019045278,31.036135,2022-08-02 17:45:29.882812504,1565,1565
33007,No outbreak,9,-1.1196924,35.77062,2022-12-24 20:35:02.343750000,2475,2475
33009,No outbreak,9,0.6142781,28.816273,2022-05-27 04:00:59.765625000,1102,1102
33011,No outbreak,9,1.2771738,26.530424,2022-03-18 14:04:00.820312504,742,742
33013,No outbreak,9,-0.4571296,32.934486,2022-09-29 12:37:05.390625000,1938,1938
33015,No outbreak,9,1.1917763,26.814407,2022-03-27 05:32:03.046875000,785,785
33017,No outbreak,9,-0.15206039,31.705341,2022-08-23 02:39:15.468750000,1688,1688
33019,No outbreak,9,-1.8508543,39.18469,2023-04-07 18:46:03.281250000,2912,2912
34001,No outbreak,9,1.1325171,27.013254,2022-04-02 06:48:09.843750000,813,813
34003,Had outbreak,2,4.267766,18.273163,2021-07-10 05:38:33.281250000,92,92
34005,No outbreak,9,2.0648685,24.04879,2022-01-02 01:05:02.343750000,464,464
34007,No outbreak,9,2.8579159,21.78474,2021-10-25 03:03:36.210937495,286,286
34009,No outbreak,9,-0.5050809,33.131973,2022-10-05 12:53:42.070312504,1978,1978
34011,No outbreak,9,0.38269353,29.660421,2022-06-21 20:43:02.226562504,1274,1274
34013,No outbreak,9,4.132501,18.583942,2021-07-19 16:41:04.453125000,106,106
34015,No outbreak,9,1.132441,27.013512,2022-04-02 06:59:30.117187495,814,814
34017,Had outbreak,7,4.1832294,18.46678,2021-07-16 03:05:26.953125000,100,100
34019,No outbreak,9,1.6059308,25.46497,2022-02-14 03:41:18.515625000,619,619
34021,No outbreak,9,3.0137694,21.36552,2021-10-12 08:47:41.718750000,248,248
34023,No outbreak,9,3.5059447,20.09388,2021-09-03 15:47:06.562500000,168,168
34025,No outbreak,9,3.1143484,21.09927,2021-10-04 06:16:57.773437495,232,232
34027,No outbreak,9,2.8447406,21.820553,2021-10-26 05:13:25.078125000,288,288
34029,Had outbreak,7,3.2619576,20.714521,2021-09-22 13:12:04.218750000,207,207
34031,Had outbreak,8,3.6029005,19.852444,2021-08-27 07:24:06.679687495,157,157
34033,No outbreak,9,-0.94591683,35.003952,2022-12-01 12:29:10.781250000,2348,2348
34035,No outbreak,9,2.9521914,21.53018,2021-10-17 09:05:16.406250000,253,253
34037,No outbreak,9,2.1874008,23.684187,2021-12-21 22:43:11.015625000,433,433
34039,No outbreak,9,3.5959082,19.869757,2021-08-27 20:02:57.539062504,158,158
34041,No outbreak,9,0.61574316,28.811008,2022-05-27 00:10:16.992187495,1101,1101
35001,No outbreak,9,3.330091,20.5393,2021-09-17 05:11:29.062500000,194,194
35003,No outbreak,9,-1.659552,38.261154,2023-03-10 16:04:09.609375000,2832,2832
35005,Had outbreak,4,5.293394,16.079758,2021-05-04 11:13:40.898437495,47,47
35006,No outbreak,9,-1.0454291,35.44095,2022-12-14 19:44:24.843750000,2422,2422
35007,No outbreak,9,3.0771751,21.197285,2021-10-07 05:53:19.218750000,237,237
35009,Had outbreak,5,5.3834963,15.900133,2021-04-29 00:00:05.273437495,44,44
35011,No outbreak,9,0.85537493,27.962965,2022-05-01 04:37:28.242187495,962,962
35013,Had outbreak,4,3.825962,19.30794,2021-08-10 17:36:31.992187495,136,136
35015,Had outbreak,3,6.40152,14.004841,2021-03-02 07:22:37.031250000,19,19
35017,No outbreak,9,-0.67628133,33.84677,2022-10-27 07:05:55.078125000,2141,2141
35019,No outbreak,9,-0.35825416,32.53098,2022-09-17 05:49:58.828125000,1861,1861
35021,No outbreak,9,0.44114527,29.445055,2022-06-15 07:22:47.578125000,1227,1227
35023,No outbreak,9,1.6645288,25.279606,2022-02-08 12:16:10.312500000,598,598
35025,Had outbreak,2,6.4310884,13.953306,2021-02-28 17:43:39.140625000,17,17
35027,No outbreak,9,0.78818995,28.19818,2022-05-08 08:27:44.648437495,1002,1002
35028,No outbreak,9,-0.34944522,32.49527,2022-09-16 03:44:38.906250000,1851,1851
35029,Had outbreak,6,0.42021585,29.521992,2022-06-17 15:35:09.375000000,1244,1244
35031,No outbreak,9,-0.7977416,34.363224,2022-11-12 00:23:54.375000000,2229,2229
35033,No outbreak,9,-0.18112904,31.820457,2022-08-26 14:45:14.062500000,1711,1711
35035,No outbreak,9,2.1709898,23.732698,2021-12-23 10:09:36.562500000,437,437
35037,No outbreak,9,0.5420383,29.076982,2022-06-04 02:28:47.929687495,1144,1144
35039,No outbreak,9,0.7988993,28.160553,2022-05-07 04:58:28.593750000,996,996
35041,No outbreak,9,1.1909506,26.817167,2022-03-27 07:32:59.296875000,786,786
35043,Had outbreak,5,3.8421807,19.268938,2021-08-09 13:06:58.359375000,131,131
35045,Had outbreak,6,4.182642,18.468132,2021-07-16 04:04:41.250000000,101,101
35047,No outbreak,9,2.3677115,23.157692,2021-12-05 22:05:02.343750000,384,384
35049,Had outbreak,7,4.8318686,17.03215,2021-06-02 11:00:29.882812504,64,64
35051,No outbreak,9,-1.558347,37.781406,2023-02-24 01:35:05.859375000,2762,2762
35053,No outbreak,9,-0.7708432,34.248173,2022-11-08 12:20:44.531250000,2208,2208
35055,No outbreak,9,1.1245685,27.040037,2022-04-03 02:22:12.421875000,817,817
35057,No outbreak,9,-0.9696907,35.10786,2022-12-04 16:24:01.406250000,2367,2367
35059,No outbreak,9,-2.8391294,44.3229,2023-09-11 04:32:17.109375000,3146,3146
35061,No outbreak,9,2.8952525,21.683567,2021-10-22 01:08:49.101562504,273,273
36001,No outbreak,9,0.9835935,27.519503,2022-04-17 16:38:52.617187495,882,882
36003,No outbreak,9,0.5528341,29.037872,2022-06-02 21:54:29.531250000,1135,1135
36005,No outbreak,9,2.9509945,21.533394,2021-10-17 11:26:09.726562504,254,254
36007,No outbreak,9,-0.36959934,32.577026,2022-09-18 15:28:23.320312504,1870,1870
36009,No outbreak,9,0.9855936,27.512642,2022-04-17 11:38:12.187500000,881,881
36011,No outbreak,9,-0.6775148,33.85198,2022-10-27 10:54:04.921875000,2144,2144
36013,No outbreak,9,0.39199844,29.626034,2022-06-20 19:35:42.773437495,1266,1266
36015,No outbreak,9,0.1481387,30.540607,2022-07-18 15:44:49.453125000,1456,1456
36017,No outbreak,9,-0.13586846,31.641401,2022-08-21 03:56:30.820312504,1677,1677
36019,No outbreak,9,0.90741044,27.782139,2022-04-25 16:31:08.554687495,932,932
36021,No outbreak,9,-0.62959313,33.650322,2022-10-21 07:34:44.765625000,2088,2088
36023,No outbreak,9,-0.015396193,31.169693,2022-08-06 19:19:53.554687495,1591,1591
36025,No outbreak,9,-0.024719715,31.205946,2022-08-07 21:48:57.304687495,1596,1596
36027,No outbreak,9,1.3357118,26.337503,2022-03-12 17:07:37.031250000,725,725
36029,No outbreak,9,3.0269897,21.330332,2021-10-11 07:05:12.890625000,247,247
36031,No outbreak,9,-0.08297761,31.433434,2022-08-14 20:00:35.156250000,1641,1641
36033,No outbreak,9,0.2423492,30.183979,2022-07-07 19:12:30.585937495,1373,1373
36035,No outbreak,9,0.71440077,28.458794,2022-05-16 06:51:24.960937495,1048,1048
36037,No outbreak,9,-0.1998424,31.894785,2022-08-28 21:03:15.117187495,1725,1725
36039,No outbreak,9,-0.623987,33.626812,2022-10-20 14:24:13.710937495,2084,2084
36041,No outbreak,9,-0.51015323,33.152935,2022-10-06 04:12:30.585937495,1981,1981
36043,No outbreak,9,-0.33353114,32.430862,2022-09-14 04:41:30.820312504,1836,1836
36045,No outbreak,9,-0.11918673,31.57566,2022-08-19 03:54:55.898437495,1663,1663
36047,No outbreak,9,3.421563,20.306393,2021-09-10 03:02:17.109375000,178,178
36049,No outbreak,9,0.07553963,30.818298,2022-07-27 02:36:58.359375000,1520,1520
36051,No outbreak,9,0.45833248,29.382025,2022-06-13 09:19:57.070312504,1218,1218
36053,No outbreak,9,0.17486629,30.439007,2022-07-15 13:31:13.828125000,1432,1432
36055,No outbreak,9,3.1259642,21.068737,2021-10-03 07:58:33.867187495,227,227
36057,No outbreak,9,-1.575476,37.86218,2023-02-26 12:35:41.015625000,2771,2771
36059,No outbreak,9,3.2843382,20.656801,2021-09-20 19:01:57.773437495,204,204
36061,Had outbreak,1,3.3666701,20.445843,2021-09-14 08:54:54.140625000,187,187
36063,No outbreak,9,-0.025705427,31.209784,2022-08-08 00:37:10.664062504,1597,1597
36065,No outbreak,9,0.098271355,30.73108,2022-07-24 10:53:49.101562504,1498,1498
36067,No outbreak,9,1.7334368,25.06335,2022-02-01 22:16:54.257812504,566,566
36069,Had outbreak,5,0.35238767,29.772705,2022-06-25 06:44:54.726562504,1300,1300
36071,Had outbreak,5,3.3481731,20.49305,2021-09-15 19:24:11.953125000,190,190
36073,No outbreak,9,-0.26674682,32.161945,2022-09-06 00:13:53.203125000,1780,1780
36075,No outbreak,9,1.1061039,27.10236,2022-04-04 23:54:01.406250000,823,823
36077,No outbreak,9,-0.7029137,33.959343,2022-10-30 17:20:16.406250000,2159,2159
36079,Had outbreak,6,2.971385,21.47872,2021-10-15 19:29:38.906250000,251,251
36081,No outbreak,9,3.0271335,21.329948,2021-10-11 06:48:25.664062504,246,246
36083,No outbreak,9,-0.23947081,32.05276,2022-09-02 16:27:53.437500000,1754,1754
36085,No outbreak,9,2.4888,22.810707,2021-11-25 08:35:23.437500000,358,358
36087,Had outbreak,8,4.5095096,17.730629,2021-06-23 17:17:17.109375000,77,77
36089,No outbreak,9,1.014065,27.415154,2022-04-14 12:24:52.382812504,861,861
36091,No outbreak,9,0.20021082,30.342972,2022-07-12 15:21:42.539062504,1415,1415
36093,No outbreak,9,-0.17445512,31.79399,2022-08-25 19:24:59.414062504,1705,1705
36095,No outbreak,9,1.3321097,26.349333,2022-03-13 01:46:10.312500000,726,726
36097,No outbreak,9,-1.0223006,35.3389,2022-12-11 17:11:18.515625000,2402,2402
36099,No outbreak,9,0.6672473,28.626595,2022-05-21 09:26:43.125000000,1075,1075
36101,No outbreak,9,0.36947137,29.709358,2022-06-23 08:28:11.015625000,1285,1285
36103,Had outbreak,3,3.7525504,19.485472,2021-08-16 03:18:22.148437495,141,141
36105,No outbreak,9,1.2880743,26.494392,2022-03-17 11:44:37.148437495,740,740
36107,No outbreak,9,-0.4451338,32.885265,2022-09-28 00:39:33.046875000,1930,1930
36109,No outbreak,9,-0.35533392,32.51914,2022-09-16 21:10:53.906250000,1858,1858
36111,No outbreak,9,0.83856,28.021648,2022-05-02 23:29:45.937500000,970,970
36113,No outbreak,9,0.48558867,29.282349,2022-06-10 08:30:49.218750000,1192,1192
36115,No outbreak,9,0.13813965,30.578705,2022-07-19 19:34:44.765625000,1463,1463
36117,No outbreak,9,1.1769013,26.864183,2022-03-28 17:53:50.859375000,796,796
36119,No outbreak,9,3.6269627,19.792974,2021-08-25 11:57:21.796875000,156,156
36121,No outbreak,9,0.38327885,29.658257,2022-06-21 19:08:12.187500000,1273,1273
36123,No outbreak,9,2.196088,23.65855,2021-12-21 03:59:24.843750000,429,429
37001,No outbreak,9,0.16617927,30.471992,2022-07-16 13:37:07.148437495,1442,1442
37003,No outbreak,9,0.98871326,27.501944,2022-04-17 03:49:13.125000000,878,878
37005,No outbreak,9,0.4096982,29.560728,2022-06-18 19:53:06.914062504,1255,1255
37007,No outbreak,9,-0.22505517,31.995203,2022-08-31 22:24:59.414062504,1740,1740
37009,No outbreak,9,-0.2467697,32.08194,2022-09-03 13:46:57.773437495,1757,1757
37011,No outbreak,9,0.12919344,30.612833,2022-07-20 20:30:43.945312504,1469,1469
37013,No outbreak,9,-0.45441347,32.923336,2022-09-29 04:28:19.804687495,1936,1936
37015,No outbreak,9,-0.54263765,33.28748,2022-10-10 06:30:03.515625000,2014,2014
37017,No outbreak,9,-1.3470652,36.79916,2023-01-25 03:59:45.937500000,2657,2657
37019,No outbreak,9,0.16469702,30.477623,2022-07-16 17:43:54.960937495,1445,1445
37021,No outbreak,9,-0.46104988,32.95059,2022-09-30 00:22:56.367187495,1942,1942
37023,No outbreak,9,-1.2850311,36.515644,2023-01-16 12:52:12.421875000,2607,2607
37025,No outbreak,9,0.5065836,29.205797,2022-06-08 00:35:14.648437495,1174,1174
37027,No outbreak,9,0.11700988,30.659369,2022-07-22 06:30:29.882812504,1480,1480
37029,No outbreak,9,-3.7242079,49.493958,2024-02-15 14:18:20.390625000,3201,3201
37031,No outbreak,9,0.078703254,30.806145,2022-07-26 17:44:16.054687495,1518,1518
37033,No outbreak,9,-1.3302356,36.722023,2023-01-22 19:38:26.250000000,2640,2640
37035,No outbreak,9,0.061816514,30.871073,2022-07-28 17:10:15.234375000,1529,1529
37037,No outbreak,9,-1.6550853,38.23985,2023-03-10 00:30:14.062500000,2829,2829
37039,No outbreak,9,-1.07715,35.58139,2022-12-19 02:20:26.953125000,2443,2443
37041,No outbreak,9,-2.0894852,40.36802,2023-05-13 19:15:35.156250000,3001,3001
37043,No outbreak,9,-2.2200823,41.030693,2023-06-02 23:23:05.156250000,3032,3032
37045,No outbreak,9,-0.5183257,33.186733,2022-10-07 04:53:59.648437495,1985,1985
37047,No outbreak,9,-0.33333755,32.430077,2022-09-14 04:07:03.632812504,1835,1835
37049,No outbreak,9,-0.48950884,33.06771,2022-10-03 13:56:48.398437495,1966,1966
37051,No outbreak,9,0.34363434,29.805216,2022-06-26 06:29:58.242187495,1306,1306
37053,No outbreak,9,-1.5033188,37.523083,2023-02-16 04:51:47.812500000,2737,2737
37055,No outbreak,9,-0.89504683,34.78265,2022-11-24 18:48:52.031250000,2304,2304
37057,No outbreak,9,0.6258514,28.774721,2022-05-25 21:39:38.320312504,1094,1094
37059,No outbreak,9,-2.8500125,44.38308,2023-09-13 00:30:14.062500000,3147,3147
37061,No outbreak,9,0.78782374,28.199467,2022-05-08 09:24:10.195312504,1003,1003
37063,No outbreak,9,2.530777,22.691639,2021-11-21 17:36:16.171875000,346,346
37065,No outbreak,9,-0.18628308,31.840912,2022-08-27 05:41:48.398437495,1716,1716
37067,No outbreak,9,1.1753523,26.869371,2022-03-28 21:41:18.515625000,798,798
37069,No outbreak,9,-0.84703124,34.575047,2022-11-18 11:08:50.859375000,2266,2266
37071,No outbreak,9,0.624443,28.779778,2022-05-26 01:21:17.929687495,1096,1096
37073,No outbreak,9,-1.9717215,39.779648,2023-04-25 21:25:08.203125000,2962,2962
37075,No outbreak,9,-0.06775664,31.37384,2022-08-13 00:28:23.320312504,1630,1630
37077,No outbreak,9,-1.4898865,37.460293,2023-02-14 06:59:35.390625000,2732,2732
37079,No outbreak,9,-1.0800836,35.59441,2022-12-19 11:51:12.656250000,2445,2445
37081,Had outbreak,6,2.8928127,21.690165,2021-10-22 05:57:58.710937495,274,274
37083,No outbreak,9,0.21146762,30.300417,2022-07-11 08:16:24.375000000,1399,1399
37085,No outbreak,9,-0.87939394,34.714836,2022-11-22 17:16:13.828125000,2293,2293
37087,No outbreak,9,-1.2376008,36.300346,2023-01-09 23:34:51.796875000,2568,2568
37089,No outbreak,9,-0.2851404,32.235786,2022-09-08 06:10:38.085937495,1794,1794
37091,No outbreak,9,-0.53830004,33.26948,2022-10-09 17:21:09.140625000,2006,2006
37093,No outbreak,9,-1.1771243,36.027668,2023-01-01 16:22:26.484375000,2525,2525
37095,No outbreak,9,-0.57586914,33.425682,2022-10-14 11:28:00.468750000,2047,2047
37097,No outbreak,9,0.24614705,30.169691,2022-07-07 08:46:12.070312504,1368,1368
37099,No outbreak,9,0.59192204,28.896704,2022-05-29 14:46:33.164062504,1110,1110
37101,No outbreak,9,0.34941062,29.783758,2022-06-25 14:49:21.914062504,1302,1302
37103,No outbreak,9,-1.6135039,38.042118,2023-03-04 00:02:59.296875000,2797,2797
37105,No outbreak,9,-1.6859405,38.387238,2023-03-14 12:10:53.906250000,2840,2840
37107,No outbreak,9,-0.8607904,34.634407,2022-11-20 06:30:45.703125000,2272,2272
37109,No outbreak,9,-0.81920075,34.45528,2022-11-14 19:38:57.890625000,2246,2246
37111,No outbreak,9,-0.81985307,34.458084,2022-11-14 21:41:50.156250000,2247,2247
37113,No outbreak,9,-0.88617456,34.744194,2022-11-23 14:43:07.500000000,2296,2296
37115,No outbreak,9,-0.918926,34.886356,2022-11-27 22:34:34.218750000,2323,2323
37117,No outbreak,9,-1.3362756,36.74969,2023-01-23 15:51:19.687500000,2646,2646
37119,No outbreak,9,3.4450548,20.247005,2021-09-08 07:39:08.437500000,175,175
37121,No outbreak,9,-2.1861534,40.857494,2023-05-28 16:51:05.625000000,3025,3025
37123,No outbreak,9,-0.9209912,34.89534,2022-11-28 05:08:19.218750000,2326,2326
37125,No outbreak,9,-0.6034584,33.540855,2022-10-17 23:36:26.718750000,2065,2065
37127,No outbreak,9,-0.35252184,32.507736,2022-09-16 12:51:09.140625000,1854,1854
37129,No outbreak,9,0.9080342,27.779978,2022-04-25 14:56:29.062500000,931,931
37131,No outbreak,9,-1.3195553,36.67316,2023-01-21 07:56:43.125000000,2634,2634
37133,No outbreak,9,-0.17042172,31.778006,2022-08-25 07:44:24.843750000,1702,1702
37135,No outbreak,9,1.0321559,27.353386,2022-04-12 15:17:24.140625000,855,855
37137,No outbreak,9,-0.99601454,35.223274,2022-12-08 04:43:00.468750000,2383,2383
37139,No outbreak,9,0.53815573,29.09106,2022-06-04 12:45:58.007812504,1148,1148
37141,No outbreak,9,-0.5252626,33.215446,2022-10-08 01:52:35.273437495,1993,1993
37143,No outbreak,9,-2.2172205,41.016056,2023-06-02 12:41:29.062500000,3031,3031
37145,No outbreak,9,-1.4531839,37.289272,2023-02-09 02:03:02.812500000,2720,2720
37147,No outbreak,9,0.54287416,29.073952,2022-06-04 00:15:59.765625000,1143,1143
37149,No outbreak,9,-3.4668314,47.930958,2023-12-30 00:26:32.578125000,3187,3187
37151,No outbreak,9,-0.18924248,31.852661,2022-08-27 14:16:50.742187495,1719,1719
37153,No outbreak,9,-0.95414734,35.03989,2022-12-02 14:44:31.875000000,2353,2353
37155,No outbreak,9,-0.83574915,34.526447,2022-11-16 23:38:33.281250000,2259,2259
37157,No outbreak,9,-0.619773,33.609146,2022-10-20 01:29:54.726562504,2079,2079
37159,No outbreak,9,-0.34000817,32.45706,2022-09-14 23:49:53.554687495,1844,1844
37161,No outbreak,9,-0.987031,35.183846,2022-12-06 23:54:33.046875000,2377,2377
37163,No outbreak,9,-1.9152849,39.50073,2023-04-17 09:39:11.953125000,2943,2943
37165,No outbreak,9,-0.21012291,31.935692,2022-08-30 02:56:23.789062504,1732,1732
37167,No outbreak,9,-0.797796,34.363457,2022-11-12 00:34:06.093750000,2230,2230
37169,No outbreak,9,-1.3163342,36.658436,2023-01-20 21:11:15.000000000,2632,2632
37171,No outbreak,9,-0.10730854,31.528934,2022-08-17 17:46:43.710937495,1652,1652
37173,No outbreak,9,-0.3678164,32.569786,2022-09-18 10:11:00.937500000,1869,1869
37175,No outbreak,9,-2.4204907,42.068817,2023-07-04 13:47:45.234375000,3082,3082
37177,No outbreak,9,-2.1768858,40.810307,2023-05-27 06:22:40.546875000,3019,3019
37179,No outbreak,9,0.4324246,29.477087,2022-06-16 06:46:50.742187495,1235,1235
37181,No outbreak,9,-0.3000744,32.295864,2022-09-10 02:04:00.820312504,1807,1807
37183,No outbreak,9,3.1989508,20.877884,2021-09-27 12:32:52.265625000,219,219
37185,No outbreak,9,-1.3508279,36.81643,2023-01-25 16:36:40.781250000,2659,2659
37187,No outbreak,9,-2.4339094,42.139256,2023-07-06 17:15:21.093750000,3086,3086
37189,No outbreak,9,-1.4810805,37.41919,2023-02-13 00:57:49.921875000,2730,2730
37191,No outbreak,9,-0.6292304,33.6488,2022-10-21 06:28:07.500000000,2087,2087
37193,No outbreak,9,-0.43788797,32.85557,2022-09-27 02:57:58.710937495,1925,1925
37195,No outbreak,9,-0.51027894,33.15345,2022-10-06 04:35:05.859375000,1983,1983
37197,No outbreak,9,-1.1865952,36.070236,2023-01-02 23:28:21.562500000,2533,2533
37199,No outbreak,9,-0.9453218,35.001354,2022-12-01 10:35:26.953125000,2346,2346
38001,No outbreak,9,-3.1339457,45.982384,2023-10-31 16:53:22.734375000,3172,3172
38003,No outbreak,9,0.7205014,28.437155,2022-05-15 15:02:54.023437495,1044,1044
38005,No outbreak,9,0.21343863,30.292974,2022-07-11 02:50:09.375000000,1398,1398
38007,No outbreak,9,-4.0085382,51.27996,2024-04-09 23:05:19.921875000,3211,3211
38009,No outbreak,9,1.2857137,26.502195,2022-03-17 17:26:41.367187495,741,741
38011,No outbreak,9,-2.678017,43.441463,2023-08-15 08:35:44.531250000,3126,3126
38013,Had outbreak,5,4.9699326,16.741478,2021-05-24 14:39:15.468750000,61,61
38015,No outbreak,9,3.917889,19.087914,2021-08-04 00:51:56.601562504,125,125
38017,Had outbreak,5,4.17105,18.494843,2021-07-16 23:35:33.984375000,102,102
38019,No outbreak,9,0.40406436,29.581497,2022-06-19 11:03:34.453125000,1257,1257
38021,No outbreak,9,3.8325207,19.29216,2021-08-10 06:04:50.039062504,134,134
38023,No outbreak,9,0.2536754,30.141386,2022-07-06 12:05:26.953125000,1364,1364
38025,No outbreak,9,-1.629602,38.118546,2023-03-06 07:53:01.640625000,2809,2809
38027,No outbreak,9,0.96679765,27.577192,2022-04-19 10:47:39.960937495,894,894
38029,No outbreak,9,-1.522558,37.613197,2023-02-18 22:41:57.187500000,2743,2743
38031,No outbreak,9,-0.37404323,32.59508,2022-09-19 04:39:45.351562504,1874,1874
38033,No outbreak,9,-1.9732361,39.787163,2023-04-26 02:54:33.046875000,2963,2963
38035,Had outbreak,5,4.2077937,18.410307,2021-07-14 09:50:00.585937495,99,99
38037,No outbreak,9,0.56979257,28.976542,2022-06-01 01:06:10.898437495,1119,1119
38039,No outbreak,9,-1.2859492,36.519825,2023-01-16 15:55:22.265625000,2608,2608
38041,No outbreak,9,0.53638214,29.097496,2022-06-04 17:28:00.468750000,1153,1153
38043,No outbreak,9,0.14835411,30.539787,2022-07-18 15:08:52.617187495,1455,1455
38045,No outbreak,9,0.09285797,30.75183,2022-07-25 02:03:23.906250000,1503,1503
38047,No outbreak,9,-1.8630679,39.2444,2023-04-09 14:23:26.250000000,2917,2917
38049,No outbreak,9,-1.3913821,37.00305,2023-01-31 08:57:00.703125000,2683,2683
38051,No outbreak,9,-2.998702,45.21354,2023-10-08 07:12:14.765625000,3162,3162
38053,No outbreak,9,0.78956175,28.193356,2022-05-08 04:56:16.757812504,1001,1001
38055,No outbreak,9,1.0103768,27.427763,2022-04-14 21:37:37.031250000,865,865
38057,No outbreak,9,-1.5524397,37.75359,2023-02-23 05:15:42.187500000,2757,2757
38059,No outbreak,9,1.5202417,25.738482,2022-02-22 11:30:17.578125000,646,646
38061,No outbreak,9,0.6865625,28.557741,2022-05-19 07:08:38.554687495,1066,1066
38063,No outbreak,9,-0.9120345,34.856396,2022-11-27 00:41:18.515625000,2316,2316
38065,No outbreak,9,0.15908578,30.498953,2022-07-17 09:18:53.789062504,1446,1446
38067,No outbreak,9,-1.1429117,35.87432,2022-12-28 00:20:44.531250000,2494,2494
38069,No outbreak,9,-0.53310895,33.247955,2022-10-09 01:37:33.515625000,1999,1999
38071,No outbreak,9,1.390158,26.159327,2022-03-07 06:57:28.828125000,706,706
38073,No outbreak,9,0.30193996,29.960556,2022-06-30 23:59:01.992187495,1330,1330
38075,No outbreak,9,-0.8500079,34.587883,2022-11-18 20:31:31.406250000,2267,2267
38077,No outbreak,9,0.35648036,29.757515,2022-06-24 19:39:03.164062504,1298,1298
38079,No outbreak,9,2.0392194,24.125818,2022-01-04 09:21:26.718750000,468,468
38081,No outbreak,9,-1.3799319,36.95026,2023-01-29 18:23:01.640625000,2675,2675
38083,No outbreak,9,0.073058486,30.827835,2022-07-27 09:34:58.828125000,1523,1523
38085,No outbreak,9,-1.9895773,39.8683,2023-04-28 14:11:07.968750000,2971,2971
38087,No outbreak,9,-1.8235261,39.051407,2023-04-03 17:23:47.343750000,2900,2900
38089,No outbreak,9,0.46652094,29.352043,2022-06-12 11:25:43.359375000,1209,1209
38091,No outbreak,9,-1.6491596,38.21161,2023-03-09 03:52:22.968750000,2824,2824
38093,No outbreak,9,0.89157856,27.837029,2022-04-27 08:37:14.179687495,941,941
38095,No outbreak,9,-2.5922098,42.9792,2023-08-01 06:53:05.156250000,3113,3113
38097,No outbreak,9,-0.40368882,32.715782,2022-09-22 20:50:30.468750000,1901,1901
38099,No outbreak,9,-0.3051333,32.31624,2022-09-10 16:57:04.218750000,1811,1811
38101,No outbreak,9,4.7512207,17.204271,2021-06-07 16:45:07.031250000,68,68
38103,No outbreak,9,-1.1257983,35.79786,2022-12-25 16:29:07.265625000,2480,2480
38105,Had outbreak,4,5.435479,15.797414,2021-04-25 20:57:32.343750000,40,40
39001,No outbreak,9,0.5099008,29.193722,2022-06-07 15:45:58.007812504,1168,1168
39003,Had outbreak,3,3.5446773,19.997076,2021-08-31 17:03:50.273437495,166,166
39005,No outbreak,9,1.2518823,26.614214,2022-03-21 03:16:47.226562504,755,755
39007,Had outbreak,2,3.629729,19.78615,2021-08-25 06:58:11.015625000,155,155
39009,No outbreak,9,-1.1994231,36.127968,2023-01-04 17:38:54.375000000,2537,2537
39011,No outbreak,9,0.30236617,29.958961,2022-06-30 22:49:09.609375000,1329,1329
39013,No outbreak,9,-0.3123007,32.34513,2022-09-11 14:03:34.453125000,1817,1817
39015,No outbreak,9,-0.068213806,31.375628,2022-08-13 01:46:41.953125000,1631,1631
39017,No outbreak,9,1.6608747,25.291126,2022-02-08 20:41:06.210937495,600,600
39019,No outbreak,9,0.49147356,29.26087,2022-06-09 16:49:20.156250000,1186,1186
39021,No outbreak,9,-0.16085209,31.740114,2022-08-24 04:03:27.421875000,1695,1695
39023,No outbreak,9,1.9850595,24.289276,2022-01-09 08:46:27.890625000,483,483
39025,No outbreak,9,0.7555226,28.31326,2022-05-11 20:32:08.320312504,1028,1028
39027,No outbreak,9,0.19419345,30.365747,2022-07-13 08:00:03.515625000,1419,1419
39029,No outbreak,9,0.4112786,29.554903,2022-06-18 15:37:47.578125000,1253,1253
39031,No outbreak,9,2.0277627,24.160305,2022-01-05 10:33:09.843750000,472,472
39033,No outbreak,9,0.4345284,29.469355,2022-06-16 01:07:56.367187495,1233,1233
39035,Had outbreak,4,4.8069234,17.085205,2021-06-04 01:46:05.039062504,65,65
39037,No outbreak,9,0.13186489,30.602636,2022-07-20 13:03:43.242187495,1466,1466
39039,Had outbreak,4,0.047826737,30.924967,2022-07-30 08:32:39.960937495,1538,1538
39041,No outbreak,9,1.413334,26.083845,2022-03-04 23:48:50.273437495,696,696
39043,No outbreak,9,0.49576113,29.245234,2022-06-09 05:23:52.617187495,1184,1184
39045,No outbreak,9,0.4855282,29.282568,2022-06-10 08:40:24.023437495,1193,1193
39047,No outbreak,9,2.272161,23.435219,2021-12-14 08:50:04.101562504,406,406
39049,Had outbreak,5,4.0985246,18.662836,2021-07-22 02:19:18.398437495,109,109
39051,No outbreak,9,0.11684203,30.66001,2022-07-22 06:58:37.382812504,1481,1481
39053,No outbreak,9,1.8331798,24.753601,2022-01-23 11:59:28.359375000,532,532
39055,No outbreak,9,1.1603963,26.919521,2022-03-30 10:19:32.460937495,802,802
39057,No outbreak,9,1.0612519,27.25434,2022-04-09 14:55:46.875000000,838,838
39059,No outbreak,9,0.6768925,28.592194,2022-05-20 08:18:46.757812504,1072,1072
39061,No outbreak,9,3.2136722,20.8396,2021-09-26 08:34:41.250000000,216,216
39063,No outbreak,9,0.27947706,30.04458,2022-07-03 13:22:10.664062504,1344,1344
39065,No outbreak,9,0.83425796,28.036682,2022-05-03 10:28:46.171875000,975,975
39067,No outbreak,9,-0.9976573,35.230488,2022-12-08 09:59:03.750000000,2388,2388
39069,No outbreak,9,-1.7136185,38.51993,2023-03-18 13:07:19.453125000,2852,2852
39071,No outbreak,9,0.70243394,28.501286,2022-05-17 13:53:59.648437495,1054,1054
39073,No outbreak,9,1.9275768,24.46398,2022-01-14 16:24:17.226562504,504,504
39075,Had outbreak,4,5.464111,15.741123,2021-04-24 03:50:05.859375000,38,38
39077,No outbreak,9,0.24973139,30.156208,2022-07-06 22:55:13.476562504,1366,1366
39079,No outbreak,9,0.80603015,28.135527,2022-05-06 10:41:25.546875000,989,989
39081,No outbreak,9,-0.038329676,31.258942,2022-08-09 12:31:59.531250000,1608,1608
39083,Had outbreak,3,3.3921993,20.38087,2021-09-12 09:26:58.945312504,183,183
39085,No outbreak,9,0.7230503,28.428122,2022-05-15 08:26:57.187500000,1043,1043
39087,No outbreak,9,1.1851451,26.836584,2022-03-27 21:44:07.265625000,790,790
39089,No outbreak,9,1.006686,27.440386,2022-04-15 06:50:53.320312504,868,868
39091,No outbreak,9,-0.78594565,34.312725,2022-11-10 11:30:17.578125000,2226,2226
39093,No outbreak,9,0.9940152,27.48377,2022-04-16 14:32:34.687500000,875,875
39095,No outbreak,9,2.807303,21.922646,2021-10-29 07:48:27.421875000,292,292
39097,No outbreak,9,0.27248973,30.070766,2022-07-04 08:29:56.484375000,1349,1349
39099,No outbreak,9,0.09631932,30.73856,2022-07-24 16:21:44.296875000,1499,1499
39101,No outbreak,9,1.9589746,24.368399,2022-01-11 18:34:37.734375000,491,491
39103,No outbreak,9,-0.2944109,32.273064,2022-09-09 09:24:36.562500000,1800,1800
39105,No outbreak,9,-1.203712,36.147297,2023-01-05 07:46:10.312500000,2540,2540
39107,No outbreak,9,-0.0017598867,31.116747,2022-08-05 04:39:03.164062504,1575,1575
39109,No outbreak,9,0.7243554,28.423496,2022-05-15 05:04:11.367187495,1041,1041
39111,No outbreak,9,-0.94039947,34.97988,2022-11-30 18:54:08.437500000,2343,2343
39113,No outbreak,9,2.929007,21.592506,2021-10-19 06:37:15.937500000,263,263
39115,No outbreak,9,0.29644287,29.981094,2022-07-01 14:59:17.812500000,1335,1335
39117,No outbreak,9,-0.258353,32.128307,2022-09-04 23:39:26.015625000,1768,1768
39119,Had outbreak,8,2.3997808,23.065287,2021-12-03 02:34:35.976562504,373,373
39121,No outbreak,9,-1.2190747,36.2166,2023-01-07 10:23:50.859375000,2550,2550
39123,No outbreak,9,1.0391265,27.329626,2022-04-11 21:55:53.906250000,851,851
39125,No outbreak,9,-1.088079,35.629906,2022-12-20 13:47:03.046875000,2452,2452
39127,No outbreak,9,0.86297697,27.936474,2022-04-30 09:16:15.585937495,959,959
39129,No outbreak,9,1.9359573,24.43843,2022-01-13 21:44:23.085937495,499,499
39131,No outbreak,9,-0.6164228,33.59511,2022-10-19 15:14:40.664062504,2076,2076
39133,No outbreak,9,1.9621303,24.358812,2022-01-11 11:34:25.429687495,490,490
39135,No outbreak,9,1.2157135,26.734503,2022-03-24 19:09:31.289062504,773,773
39137,No outbreak,9,-1.1761969,36.023506,2023-01-01 13:19:58.828125000,2523,2523
39139,No outbreak,9,1.8271112,24.772337,2022-01-24 01:40:43.359375000,539,539
39141,No outbreak,9,1.680308,25.229918,2022-02-06 23:58:09.257812504,589,589
39143,No outbreak,9,-0.08927028,31.458103,2022-08-15 14:01:54.257812504,1645,1645
39145,No outbreak,9,-0.17754745,31.80625,2022-08-26 04:22:26.484375000,1708,1708
39147,No outbreak,9,0.32318056,29.881317,2022-06-28 14:05:41.015625000,1317,1317
39149,No outbreak,9,-0.5854141,33.46548,2022-10-15 16:32:32.929687495,2055,2055
39151,No outbreak,9,1.7553086,24.995098,2022-01-30 20:25:11.718750000,559,559
39153,No outbreak,9,2.8621807,21.773157,2021-10-24 18:35:51.562500000,285,285
39155,No outbreak,9,1.2751491,26.537125,2022-03-18 18:57:44.648437495,743,743
39157,No outbreak,9,1.0932765,27.145737,2022-04-06 07:35:21.679687495,826,826
39159,No outbreak,9,0.81193495,28.114822,2022-05-05 19:33:52.031250000,986,986
39161,No outbreak,9,-0.68997383,33.904602,2022-10-29 01:20:51.562500000,2152,2152
39163,No outbreak,9,-0.8003216,34.37428,2022-11-12 08:28:21.562500000,2232,2232
39165,No outbreak,9,0.87750554,27.885916,2022-04-28 20:20:05.859375000,949,949
39167,No outbreak,9,0.94064504,27.66726,2022-04-22 04:35:37.500000000,914,914
39169,No outbreak,9,2.5193634,22.723951,2021-11-22 17:12:37.617187495,350,350
39171,No outbreak,9,0.02842176,30.999876,2022-08-01 15:16:10.312500000,1553,1553
39173,No outbreak,9,1.8070089,24.8345,2022-01-25 23:05:30.468750000,545,545
39175,No outbreak,9,-1.2363566,36.294716,2023-01-09 19:28:03.984375000,2566,2566
40001,No outbreak,9,-1.639555,38.16588,2023-03-07 18:27:56.953125000,2818,2818
40003,No outbreak,9,-2.0576706,40.208218,2023-05-08 22:30:52.734375000,2990,2990
40005,No outbreak,9,0.29879498,29.972305,2022-07-01 08:34:04.335937495,1334,1334
40007,No outbreak,9,-0.4238291,32.79803,2022-09-25 08:55:46.875000000,1917,1917
40009,No outbreak,9,-0.8761624,34.70085,2022-11-22 07:03:16.875000000,2289,2289
40011,No outbreak,9,-1.6750948,38.33536,2023-03-12 22:16:59.531250000,2836,2836
40013,No outbreak,9,2.9509358,21.533552,2021-10-17 11:33:06.328125000,255,255
40015,No outbreak,9,-0.74397206,34.133625,2022-11-05 00:39:43.593750000,2183,2183
40017,No outbreak,9,3.2359042,20.781914,2021-09-24 14:26:04.453125000,209,209
40019,No outbreak,9,1.9100188,24.51759,2022-01-16 07:34:13.125000000,508,508
40021,No outbreak,9,0.30639216,29.943928,2022-06-30 11:50:09.375000000,1325,1325
40023,No outbreak,9,0.27592924,30.057873,2022-07-03 23:04:48.281250000,1346,1346
40025,No outbreak,9,1.7396934,25.043808,2022-02-01 08:00:19.335937495,563,563
40027,No outbreak,9,3.436019,20.269827,2021-09-09 00:19:30.703125000,176,176
40029,No outbreak,9,-0.88642496,34.745277,2022-11-23 15:30:35.156250000,2297,2297
40031,No outbreak,9,-0.0308408,31.229773,2022-08-08 15:13:21.562500000,1603,1603
40033,No outbreak,9,-2.561767,42.816376,2023-07-27 07:55:50.390625000,3106,3106
40035,No outbreak,9,-0.5144312,33.17062,2022-10-06 17:07:42.304687495,1984,1984
40037,No outbreak,9,0.6241263,28.780912,2022-05-26 02:11:02.695312504,1097,1097
40039,No outbreak,9,2.550516,22.635864,2021-11-20 00:51:24.960937495,344,344
40041,No outbreak,9,0.2752638,30.060368,2022-07-04 00:54:08.437500000,1347,1347
40043,No outbreak,9,-1.3235418,36.69139,2023-01-21 21:15:49.218750000,2637,2637
40045,No outbreak,9,-0.40869367,32.736202,2022-09-23 11:45:35.156250000,1905,1905
40047,No outbreak,9,0.20890829,30.31009,2022-07-11 15:20:18.164062504,1406,1406
40049,No outbreak,9,0.8766285,27.888966,2022-04-28 22:33:46.757812504,950,950
40051,No outbreak,9,2.5219433,22.716642,2021-11-22 11:52:15.937500000,348,348
40053,No outbreak,9,1.3549316,26.274464,2022-03-10 19:04:20.156250000,721,721
40055,No outbreak,9,-0.47562847,33.010536,2022-10-01 20:10:41.601562504,1954,1954
40057,No outbreak,9,0.99921155,27.465971,2022-04-16 01:32:22.382812504,872,872
40059,No outbreak,9,-2.2864084,41.371395,2023-06-13 08:17:17.109375000,3049,3049
40061,No outbreak,9,-0.7801058,34.28775,2022-11-09 17:15:31.640625000,2218,2218
40063,No outbreak,9,-0.6752557,33.84244,2022-10-27 03:56:04.453125000,2139,2139
40065,No outbreak,9,3.0868027,21.171858,2021-10-06 11:18:46.757812504,235,235
40067,No outbreak,9,0.57270586,28.966019,2022-05-31 17:24:55.898437495,1117,1117
40069,No outbreak,9,-1.3454441,36.791725,2023-01-24 22:33:52.031250000,2654,2654
40071,No outbreak,9,0.11730219,30.658249,2022-07-22 05:41:27.304687495,1479,1479
40073,No outbreak,9,3.1197991,21.084938,2021-10-03 19:48:43.242187495,231,231
40075,No outbreak,9,1.6934189,25.188715,2022-02-05 17:52:05.390625000,581,581
40077,No outbreak,9,0.5954989,28.88382,2022-05-29 05:21:51.328125000,1107,1107
40079,No outbreak,9,-0.38778174,32.65096,2022-09-20 21:29:05.507812504,1886,1886
40081,No outbreak,9,0.36416346,29.729025,2022-06-23 22:50:12.890625000,1288,1288
40083,No outbreak,9,2.6022942,22.490208,2021-11-15 14:26:46.640625000,333,333
40085,No outbreak,9,1.642636,25.348698,2022-02-10 14:44:42.421875000,606,606
40087,No outbreak,9,2.4784715,22.840097,2021-11-26 06:03:41.484375000,359,359
40089,No outbreak,9,-1.0919,35.646885,2022-12-21 02:11:18.515625000,2453,2453
40091,No outbreak,9,-1.2817924,36.500904,2023-01-16 02:06:02.109375000,2604,2604
40093,No outbreak,9,0.33831528,29.824986,2022-06-26 20:56:29.062500000,1312,1312
40095,No outbreak,9,0.94756866,27.643385,2022-04-21 11:09:06.679687495,904,904
40097,No outbreak,9,0.32971245,29.856993,2022-06-27 20:19:28.945312504,1316,1316
40099,No outbreak,9,-1.9238026,39.542694,2023-04-18 16:18:45.000000000,2947,2947
40101,No outbreak,9,0.36585522,29.722754,2022-06-23 18:15:17.578125000,1287,1287
40103,No outbreak,9,-1.8252599,39.059845,2023-04-03 23:33:37.968750000,2902,2902
40105,No outbreak,9,-0.84194106,34.55311,2022-11-17 19:07:08.906250000,2263,2263
40107,No outbreak,9,-0.06906335,31.37895,2022-08-13 04:12:20.039062504,1632,1632
40109,Had outbreak,3,3.6735497,19.678345,2021-08-22 00:12:44.648437495,147,147
40111,No outbreak,9,-0.25471985,32.113754,2022-09-04 13:01:31.406250000,1765,1765
40113,No outbreak,9,-0.861874,34.639088,2022-11-20 09:55:53.906250000,2276,2276
40115,No outbreak,9,-0.26328164,32.148052,2022-09-05 14:04:53.554687495,1774,1774
40117,No outbreak,9,-0.83677363,34.530857,2022-11-17 02:51:44.296875000,2260,2260
40119,No outbreak,9,3.2739077,20.683681,2021-09-21 14:40:13.476562504,206,206
40121,No outbreak,9,-0.66822326,33.812782,2022-10-26 06:15:59.765625000,2130,2130
40123,No outbreak,9,2.2215831,23.583466,2021-12-18 21:08:10.429687495,423,423
40125,No outbreak,9,1.6548654,25.310078,2022-02-09 10:31:50.742187495,602,602
40127,No outbreak,9,0.5536388,29.034958,2022-06-02 19:46:47.226562504,1133,1133
40129,No outbreak,9,-0.26589307,32.158524,2022-09-05 21:43:51.445312504,1778,1778
40131,No outbreak,9,2.3552022,23.19384,2021-12-07 00:29:31.875000000,389,389
40133,No outbreak,9,0.015223563,31.050928,2022-08-03 04:33:57.304687495,1568,1568
40135,No outbreak,9,0.30068257,29.96525,2022-07-01 03:24:47.109375000,1332,1332
40137,No outbreak,9,1.6713655,25.258064,2022-02-07 20:31:52.500000000,594,594
40139,No outbreak,9,-1.9004946,39.42795,2023-04-15 04:29:07.265625000,2932,2932
40141,No outbreak,9,-0.6969609,33.934147,2022-10-29 22:55:50.390625000,2157,2157
40143,No outbreak,9,3.223752,20.813427,2021-09-25 13:27:27.070312504,215,215
40145,No outbreak,9,2.1136084,23.903095,2021-12-28 14:38:43.828125000,454,454
40147,No outbreak,9,2.1137571,23.90265,2021-12-28 14:19:13.125000000,453,453
40149,No outbreak,9,-0.9583271,35.058155,2022-12-03 04:05:12.890625000,2355,2355
40151,No outbreak,9,0.76009154,28.297136,2022-05-11 08:45:24.609375000,1027,1027
40153,No outbreak,9,1.2552388,26.603083,2022-03-20 19:08:54.375000000,752,752
41001,No outbreak,9,-0.93588233,34.96019,2022-11-30 04:31:03.281250000,2341,2341
41003,No outbreak,9,0.45794654,29.383438,2022-06-13 10:21:54.843750000,1219,1219
41005,No outbreak,9,2.7300177,22.134905,2021-11-04 18:52:33.515625000,309,309
41007,No outbreak,9,0.26497138,30.098967,2022-07-05 05:06:07.382812504,1355,1355
41009,No outbreak,9,0.6862143,28.558979,2022-05-19 08:02:52.265625000,1067,1067
41011,No outbreak,9,0.102169394,30.716146,2022-07-23 23:59:17.812500000,1491,1491
41013,No outbreak,9,-0.2662034,32.159767,2022-09-05 22:38:26.250000000,1779,1779
41015,No outbreak,9,-0.21534592,31.956495,2022-08-30 18:08:15.703125000,1734,1734
41017,No outbreak,9,2.817852,21.893827,2021-10-28 10:45:17.578125000,290,290
41019,No outbreak,9,2.206775,23.627048,2021-12-20 04:58:39.140625000,425,425
41021,No outbreak,9,-0.25946632,32.132767,2022-09-05 02:54:54.140625000,1771,1771
41023,No outbreak,9,-0.5700384,33.40139,2022-10-13 17:43:12.773437495,2037,2037
41025,No outbreak,9,-1.3868917,36.98234,2023-01-30 17:49:16.640625000,2679,2679
41027,No outbreak,9,-0.8694904,34.671997,2022-11-21 09:58:32.109375000,2280,2280
41029,No outbreak,9,2.1929884,23.667694,2021-12-21 10:40:16.992187495,430,430
41031,No outbreak,9,-1.9763947,39.802834,2023-04-26 14:21:30.234375000,2964,2964
41033,No outbreak,9,2.4096708,23.036861,2021-12-02 05:48:34.453125000,371,371
41035,No outbreak,9,0.5582993,29.018091,2022-06-02 07:27:27.070312504,1130,1130
41037,No outbreak,9,-0.8157461,34.44045,2022-11-14 08:48:55.546875000,2242,2242
41039,No outbreak,9,2.7244525,22.150269,2021-11-05 06:06:03.867187495,311,311
41041,No outbreak,9,-0.20589375,31.918856,2022-08-29 14:38:22.734375000,1727,1727
41043,No outbreak,9,1.6447382,25.342056,2022-02-10 09:53:36.796875000,604,604
41045,No outbreak,9,-0.28632605,32.24055,2022-09-08 09:39:27.773437495,1795,1795
41047,No outbreak,9,2.1588025,23.768787,2021-12-24 12:31:33.164062504,439,439
41049,No outbreak,9,1.0648967,27.241959,2022-04-09 05:53:08.671875000,837,837
41051,Had outbreak,6,4.277808,18.250301,2021-07-09 12:56:25.546875000,90,90
41053,No outbreak,9,0.3755487,29.686855,2022-06-22 16:01:47.226562504,1278,1278
41055,No outbreak,9,-3.8815436,50.474422,2024-03-16 10:35:37.500000000,3205,3205
41057,No outbreak,9,-1.5929403,37.94471,2023-03-01 00:53:15.703125000,2782,2782
41059,No outbreak,9,1.239022,26.656921,2022-03-22 10:28:51.445312504,758,758
41061,No outbreak,9,-0.47740698,33.017853,2022-10-02 01:31:24.375000000,1956,1956
41063,No outbreak,9,-0.3718201,32.586044,2022-09-18 22:03:37.968750000,1871,1871
41065,No outbreak,9,-1.2563928,36.385498,2023-01-12 13:47:24.140625000,2581,2581
41067,No outbreak,9,2.7191205,22.164999,2021-11-05 16:51:42.539062504,312,312
41069,No outbreak,9,-2.1102817,40.472824,2023-05-16 23:49:37.734375000,3007,3007
41071,No outbreak,9,1.4372593,26.006153,2022-03-02 15:03:20.390625000,685,685
42001,No outbreak,9,-0.8664709,34.658947,2022-11-21 00:26:22.031250000,2279,2279
42003,No outbreak,9,3.3319488,20.534544,2021-09-17 01:43:00.468750000,193,193
42005,No outbreak,9,-0.65106505,33.74053,2022-10-24 01:28:46.171875000,2111,2111
42007,No outbreak,9,-0.75953937,34.199944,2022-11-07 01:06:37.265625000,2196,2196
42009,No outbreak,9,-0.63831335,33.686928,2022-10-22 10:19:16.640625000,2100,2100
42011,No outbreak,9,1.6286101,25.393063,2022-02-11 23:09:22.500000000,610,610
42013,No outbreak,9,0.48807907,29.273258,2022-06-10 01:52:19.453125000,1189,1189
42015,No outbreak,9,-0.45943317,32.943947,2022-09-29 19:31:50.742187495,1940,1940
42017,Had outbreak,3,2.5874653,22.531826,2021-11-16 20:51:02.109375000,340,340
42019,No outbreak,9,-0.858454,34.62432,2022-11-19 23:08:40.312500000,2270,2270
42021,No outbreak,9,-0.90421444,34.822426,2022-11-25 23:52:15.937500000,2309,2309
42023,No outbreak,9,-1.2230701,36.234642,2023-01-07 23:34:51.796875000,2554,2554
42025,No outbreak,9,-1.4061877,37.07142,2023-02-02 10:53:43.828125000,2690,2690
42027,No outbreak,9,0.8721926,27.904394,2022-04-29 09:50:05.859375000,952,952
42029,No outbreak,9,2.229777,23.559385,2021-12-18 03:32:41.718750000,420,420
42031,No outbreak,9,0.4689873,29.34302,2022-06-12 04:50:12.890625000,1207,1207
42033,No outbreak,9,-0.61155474,33.574726,2022-10-19 00:21:10.898437495,2071,2071
42035,No outbreak,9,0.8262902,28.064548,2022-05-04 06:50:11.132812504,981,981
42037,No outbreak,9,0.13681173,30.583769,2022-07-19 23:16:40.195312504,1464,1464
42039,No outbreak,9,1.6974714,25.17599,2022-02-05 08:34:14.882812504,580,580
42041,No outbreak,9,0.9018996,27.801233,2022-04-26 06:28:07.500000000,938,938
42043,No outbreak,9,0.8664852,27.924257,2022-04-30 00:20:44.531250000,956,956
42045,No outbreak,9,2.5193117,22.724098,2021-11-22 17:19:02.578125000,351,351
42047,No outbreak,9,-2.4062173,41.99402,2023-07-02 07:09:04.921875000,3080,3080
42049,Had outbreak,3,0.5433879,29.07209,2022-06-03 22:54:26.015625000,1142,1142
42051,No outbreak,9,-0.32154423,32.38243,2022-09-12 17:18:30.937500000,1827,1827
42053,No outbreak,9,-1.5843799,37.904236,2023-02-27 19:19:06.093750000,2777,2777
42055,No outbreak,9,-0.19585459,31.87893,2022-08-28 09:28:12.773437495,1721,1721
42057,No outbreak,9,-1.6196237,38.071156,2023-03-04 21:15:49.218750000,2800,2800
42059,No outbreak,9,-1.0275135,35.361874,2022-12-12 09:58:11.015625000,2404,2404
42061,No outbreak,9,-0.7835397,34.302433,2022-11-10 03:59:14.296875000,2223,2223
42063,No outbreak,9,-0.42637658,32.80845,2022-09-25 16:32:27.656250000,1919,1919
42065,No outbreak,9,0.2591493,30.120821,2022-07-05 21:04:02.578125000,1359,1359
42067,No outbreak,9,-1.1958668,36.111958,2023-01-04 05:57:11.250000000,2536,2536
42069,No outbreak,9,0.20278768,30.333225,2022-07-12 08:14:28.359375000,1413,1413
42071,Had outbreak,4,5.403536,15.8604555,2021-04-27 19:00:51.855468747,43,43
42073,No outbreak,9,0.08534217,30.780657,2022-07-25 23:07:00.117187495,1514,1514
42075,No outbreak,9,-0.048972517,31.30045,2022-08-10 18:51:24.960937495,1613,1613
42077,No outbreak,9,0.72436035,28.42348,2022-05-15 05:03:23.906250000,1040,1040
42079,No outbreak,9,1.4482931,25.970406,2022-03-01 12:56:25.546875000,679,679
42081,No outbreak,9,1.6749935,25.246643,2022-02-07 12:11:15.000000000,593,593
42083,No outbreak,9,-0.54878867,33.313015,2022-10-11 01:09:26.015625000,2021,2021
42085,No outbreak,9,0.7121264,28.466866,2022-05-16 12:45:10.546875000,1050,1050
42087,No outbreak,9,1.557439,25.619394,2022-02-18 20:30:17.578125000,631,631
42089,No outbreak,9,0.23947549,30.194796,2022-07-08 03:06:35.507812504,1376,1376
42091,Had outbreak,3,3.232345,20.79114,2021-09-24 21:10:32.812500000,212,212
42093,No outbreak,9,-1.762229,38.7541,2023-03-25 16:11:43.125000000,2867,2867
42095,No outbreak,9,0.42092726,29.519371,2022-06-17 13:40:16.992187495,1243,1243
42097,No outbreak,9,-0.53219473,33.244164,2022-10-08 22:51:21.445312504,1997,1997
42099,No outbreak,9,-0.085969985,31.445164,2022-08-15 04:34:44.765625000,1642,1642
42101,Had outbreak,3,5.5911202,15.493824,2021-04-16 15:10:06.445312504,37,37
42103,No outbreak,9,0.3040393,29.952713,2022-06-30 18:15:17.578125000,1327,1327
42105,No outbreak,9,-0.06906432,31.378956,2022-08-13 04:12:35.859375000,1633,1633
42107,No outbreak,9,0.09602523,30.739685,2022-07-24 17:11:02.695312504,1501,1501
42109,No outbreak,9,-0.7736459,34.260147,2022-11-08 21:05:37.500000000,2212,2212
42111,No outbreak,9,0.17110664,30.453276,2022-07-15 23:56:44.882812504,1436,1436
42113,No outbreak,9,-1.4324064,37.1928,2023-02-06 03:34:16.640625000,2706,2706
42115,No outbreak,9,-0.23669118,32.041653,2022-09-02 08:20:58.593750000,1751,1751
42117,No outbreak,9,0.23862913,30.19798,2022-07-08 05:26:15.000000000,1377,1377
42119,No outbreak,9,-0.25324368,32.107845,2022-09-04 08:42:30.585937495,1763,1763
42121,No outbreak,9,0.37508026,29.68859,2022-06-22 17:17:43.476562504,1279,1279
42123,No outbreak,9,-0.56517243,33.38113,2022-10-13 02:55:09.960937495,2033,2033
42125,No outbreak,9,-0.3816086,32.62584,2022-09-20 03:07:59.882812504,1881,1881
42127,No outbreak,9,0.45049614,29.410746,2022-06-14 06:18:53.789062504,1224,1224
42129,No outbreak,9,-0.17411372,31.792637,2022-08-25 18:25:45.117187495,1704,1704
42131,No outbreak,9,-0.38220763,32.628277,2022-09-20 04:54:52.382812504,1884,1884
42133,No outbreak,9,2.0951056,23.958296,2021-12-30 06:58:21.562500000,460,460
44001,No outbreak,9,2.4088109,23.039333,2021-12-02 07:36:56.601562504,372,372
44003,No outbreak,9,0.44480875,29.431606,2022-06-14 21:33:18.632812504,1226,1226
44005,No outbreak,9,1.2315316,26.68183,2022-03-23 04:40:38.085937495,765,765
44007,Had outbreak,1,3.1447854,21.019356,2021-10-01 19:54:04.921875000,225,225
44009,No outbreak,9,0.7697723,28.263002,2022-05-10 07:49:09.609375000,1015,1015
45001,No outbreak,9,-1.4685293,37.360683,2023-02-11 06:13:21.562500000,2724,2724
45003,No outbreak,9,-0.1694245,31.774055,2022-08-25 04:51:16.171875000,1699,1699
45005,No outbreak,9,-1.8238854,39.053158,2023-04-03 18:40:36.328125000,2901,2901
45007,No outbreak,9,0.2035738,30.330254,2022-07-12 06:04:13.125000000,1412,1412
45009,No outbreak,9,-2.9633744,45.01483,2023-10-02 06:02:06.562500000,3161,3161
45011,No outbreak,9,-0.660399,33.77981,2022-10-25 06:10:43.359375000,2119,2119
45013,No outbreak,9,-0.04647675,31.290712,2022-08-10 11:44:37.148437495,1612,1612
45015,No outbreak,9,-0.11863983,31.573507,2022-08-19 02:20:32.226562504,1662,1662
45017,No outbreak,9,-3.3571844,47.280178,2023-12-10 05:00:24.609375000,3184,3184
45019,No outbreak,9,1.4351891,26.01287,2022-03-02 19:57:46.406250000,686,686
45021,No outbreak,9,-0.8894032,34.758183,2022-11-24 00:56:15.000000000,2299,2299
45023,No outbreak,9,-0.16812168,31.768894,2022-08-25 01:05:02.343750000,1698,1698
45025,No outbreak,9,-1.5280063,37.638756,2023-02-19 17:22:12.421875000,2746,2746
45027,No outbreak,9,-1.3473518,36.800476,2023-01-25 04:57:25.312500000,2658,2658
45029,No outbreak,9,-1.2690262,36.442852,2023-01-14 07:41:25.546875000,2592,2592
45031,No outbreak,9,-0.7770004,34.274475,2022-11-09 07:33:41.484375000,2214,2214
45033,No outbreak,9,-0.28704363,32.243435,2022-09-08 11:45:50.976562504,1797,1797
45035,No outbreak,9,-0.65325093,33.74972,2022-10-24 08:11:50.156250000,2113,2113
45037,No outbreak,9,-1.0997143,35.68163,2022-12-22 03:34:16.640625000,2458,2458
45039,No outbreak,9,-3.227842,46.52385,2023-11-17 04:27:53.437500000,3177,3177
45041,No outbreak,9,-0.8336991,34.517624,2022-11-16 17:11:39.609375000,2257,2257
45043,No outbreak,9,-1.3979802,37.033504,2023-02-01 07:11:53.671875000,2685,2685
45045,No outbreak,9,1.5219378,25.733036,2022-02-22 07:31:40.195312504,644,644
45047,No outbreak,9,-0.19957225,31.89371,2022-08-28 20:16:08.554687495,1723,1723
45049,No outbreak,9,-0.13594651,31.641708,2022-08-21 04:10:02.929687495,1678,1678
45051,No outbreak,9,1.0017656,27.457226,2022-04-15 19:09:04.921875000,871,871
45053,No outbreak,9,0.5627116,29.002132,2022-06-01 19:47:55.781250000,1125,1125
45055,No outbreak,9,-0.05126661,31.309404,2022-08-11 01:23:56.132812504,1614,1614
45057,No outbreak,9,-0.31921637,32.37303,2022-09-12 10:26:34.335937495,1825,1825
45059,No outbreak,9,-2.2286143,41.074364,2023-06-04 07:17:20.625000000,3037,3037
45061,No outbreak,9,-1.266448,36.43114,2023-01-13 23:08:08.671875000,2589,2589
45063,No outbreak,9,0.9278207,27.71153,2022-04-23 12:56:09.726562504,921,921
45065,No outbreak,9,-1.8564912,39.212234,2023-04-08 14:53:29.765625000,2915,2915
45067,No outbreak,9,-1.1224729,35.78302,2022-12-25 05:38:33.281250000,2478,2478
45069,No outbreak,9,-1.8081148,38.976444,2023-04-01 10:37:54.609375000,2892,2892
45071,No outbreak,9,-1.8550069,39.204983,2023-04-08 09:35:30.468750000,2914,2914
45073,No outbreak,9,0.23730786,30.202957,2022-07-08 09:04:23.671875000,1379,1379
45075,No outbreak,9,-0.72914463,34.070587,2022-11-03 02:36:26.718750000,2173,2173
45077,No outbreak,9,-0.2476531,32.085476,2022-09-03 16:21:54.843750000,1758,1758
45079,No outbreak,9,1.6814556,25.226309,2022-02-06 21:19:57.070312504,588,588
45081,No outbreak,9,-0.14503823,31.677595,2022-08-22 06:23:01.640625000,1682,1682
45083,No outbreak,9,1.1685132,26.892294,2022-03-29 14:26:04.453125000,800,800
45085,No outbreak,9,-0.86365175,34.646767,2022-11-20 15:32:31.171875000,2277,2277
45087,No outbreak,9,-0.331969,32.42454,2022-09-14 00:04:23.671875000,1833,1833
45089,No outbreak,9,-1.0711601,35.55483,2022-12-18 06:56:15.000000000,2437,2437
45091,No outbreak,9,0.25564426,30.133987,2022-07-06 06:41:07.968750000,1361,1361
46003,No outbreak,9,-0.02819033,31.219452,2022-08-08 07:40:59.179687495,1599,1599
46005,No outbreak,9,-1.0618597,35.513622,2022-12-17 00:49:55.312500000,2432,2432
46007,No outbreak,9,-0.66563594,33.80188,2022-10-25 22:18:02.812500000,2128,2128
46009,No outbreak,9,-2.1845627,40.849392,2023-05-28 10:56:00.937500000,3023,3023
46011,No outbreak,9,0.76825726,28.268341,2022-05-10 11:43:12.773437495,1018,1018
46013,No outbreak,9,0.5475774,29.05691,2022-06-03 11:49:00.820312504,1140,1140
46015,No outbreak,9,-3.3101842,47.003933,2023-12-01 19:11:43.125000000,3179,3179
46017,No outbreak,9,1.518909,25.742756,2022-02-22 14:37:40.546875000,647,647
46019,No outbreak,9,2.4294214,22.980206,2021-11-30 12:25:08.203125000,366,366
46021,No outbreak,9,-3.5094023,48.186035,2024-01-06 18:47:27.656250000,3191,3191
46023,No outbreak,9,-0.97914195,35.149254,2022-12-05 22:38:26.250000000,2372,2372
46025,No outbreak,9,0.7690244,28.265638,2022-05-10 09:44:44.179687495,1016,1016
46027,No outbreak,9,-2.1270733,40.557644,2023-05-19 13:47:34.687500000,3010,3010
46029,No outbreak,9,0.50665647,29.205534,2022-06-08 00:23:43.828125000,1173,1173
46031,No outbreak,9,-1.2812693,36.49852,2023-01-16 00:21:37.265625000,2603,2603
46033,No outbreak,9,-0.8991842,34.800594,2022-11-25 07:55:18.750000000,2307,2307
46035,No outbreak,9,1.5657585,25.59283,2022-02-18 01:05:55.078125000,628,628
46037,No outbreak,9,-1.5738382,37.85445,2023-02-26 06:56:46.640625000,2770,2770
46039,No outbreak,9,-0.4841819,33.045757,2022-10-02 21:54:29.531250000,1961,1961
46041,No outbreak,9,-0.9245297,34.910736,2022-11-28 16:23:19.218750000,2330,2330
46043,No outbreak,9,0.02664128,31.006756,2022-08-01 20:17:43.476562504,1557,1557
46045,No outbreak,9,-0.13383357,31.633373,2022-08-20 22:04:41.250000000,1673,1673
46047,No outbreak,9,-2.641202,43.242527,2023-08-09 07:15:35.156250000,3122,3122
46049,No outbreak,9,-2.3680015,41.794407,2023-06-26 05:19:23.671875000,3068,3068
46051,No outbreak,9,-1.923728,39.54233,2023-04-18 16:02:45.234375000,2946,2946
46053,No outbreak,9,-3.326947,47.10227,2023-12-04 19:02:03.046875000,3182,3182
46055,No outbreak,9,0.83267915,28.042202,2022-05-03 14:30:38.671875000,977,977
46057,No outbreak,9,1.8915436,24.574131,2022-01-18 00:52:38.789062504,516,516
46059,No outbreak,9,-0.850925,34.591835,2022-11-18 23:24:40.078125000,2269,2269
46061,No outbreak,9,0.29201013,29.99767,2022-07-02 03:05:53.320312504,1338,1338
46063,No outbreak,9,2.2934651,23.373056,2021-12-12 11:25:11.718750000,399,399
46065,No outbreak,9,2.4499488,22.921465,2021-11-28 17:30:22.851562504,363,363
46067,No outbreak,9,-1.2757748,36.473526,2023-01-15 06:05:58.593750000,2599,2599
46069,No outbreak,9,-4.1308084,52.067677,2024-05-03 22:33:41.484375000,3212,3212
46071,No outbreak,9,-1.6238079,38.09102,2023-03-05 11:46:27.890625000,2805,2805
46073,No outbreak,9,-0.64424556,33.711853,2022-10-23 04:31:56.015625000,2105,2105
46075,No outbreak,9,2.128865,23.85767,2021-12-27 05:27:34.101562504,448,448
46077,No outbreak,9,-1.4057112,37.069214,2023-02-02 09:17:03.046875000,2689,2689
46079,No outbreak,9,0.37275615,29.697193,2022-06-22 23:34:57.070312504,1283,1283
46081,No outbreak,9,2.5797753,22.55344,2021-11-17 12:38:29.765625000,341,341
46083,Had outbreak,6,5.1096683,16.452335,2021-05-15 19:25:04.687500000,55,55
46085,No outbreak,9,-1.5968103,37.96302,2023-03-01 14:15:52.734375000,2785,2785
46087,No outbreak,9,-1.0199679,35.32862,2022-12-11 09:40:36.328125000,2400,2400
46089,No outbreak,9,-3.893198,50.547817,2024-03-18 16:12:46.406250000,3206,3206
46091,No outbreak,9,-1.7219656,38.560047,2023-03-19 18:25:39.843750000,2855,2855
46093,Had outbreak,6,4.8960342,16.896439,2021-05-29 07:51:42.539062504,62,62
46095,No outbreak,9,-0.47876856,33.02346,2022-10-02 05:37:08.906250000,1959,1959
46097,No outbreak,9,-0.6269959,33.639427,2022-10-20 23:37:14.179687495,2086,2086
46099,No outbreak,9,3.2341702,20.786411,2021-09-24 17:43:12.773437495,210,210
46101,No outbreak,9,0.09870103,30.729433,2022-07-24 09:41:39.609375000,1497,1497
46102,No outbreak,9,-2.2992532,41.437706,2023-06-15 08:43:49.687500000,3053,3053
46103,Had outbreak,5,4.684737,17.34747,2021-06-12 01:22:00.117187495,72,72
46105,No outbreak,9,0.6926383,28.536116,2022-05-18 15:20:44.531250000,1062,1062
46107,No outbreak,9,0.82806885,28.058325,2022-05-04 02:17:22.382812504,979,979
46109,No outbreak,9,0.31505215,29.911615,2022-06-29 12:13:47.929687495,1320,1320
46111,No outbreak,9,-0.63780916,33.68481,2022-10-22 08:46:27.890625000,2098,2098
46115,No outbreak,9,-1.7345152,38.620422,2023-03-21 14:32:13.593750000,2858,2858
46117,No outbreak,9,0.8386768,28.021242,2022-05-02 23:11:55.429687495,969,969
46119,No outbreak,9,-1.6638522,38.281666,2023-03-11 07:03:16.875000000,2833,2833
46121,No outbreak,9,-1.815479,39.012245,2023-04-02 12:47:06.562500000,2895,2895
46123,No outbreak,9,-1.7167144,38.534805,2023-03-18 23:59:17.812500000,2853,2853
46125,No outbreak,9,-0.25870717,32.129726,2022-09-05 00:41:34.335937495,1769,1769
46127,No outbreak,9,1.6360236,25.369606,2022-02-11 06:01:08.554687495,608,608
46129,No outbreak,9,-0.2301451,32.015514,2022-09-01 13:15:14.062500000,1746,1746
46135,No outbreak,9,-1.9408957,39.62706,2023-04-21 05:56:39.609375000,2955,2955
46137,No outbreak,9,-0.5023838,33.120834,2022-10-05 04:45:28.125000000,1974,1974
47001,No outbreak,9,0.08376923,30.786695,2022-07-26 03:31:43.710937495,1515,1515
47003,No outbreak,9,-0.29534423,32.27682,2022-09-09 12:09:18.984375000,1801,1801
47005,No outbreak,9,-0.06390208,31.358765,2022-08-12 13:27:32.343750000,1626,1626
47007,No outbreak,9,-0.68753934,33.89431,2022-10-28 17:49:37.734375000,2149,2149
47009,No outbreak,9,-0.18531737,31.837076,2022-08-27 02:53:40.312500000,1715,1715
47011,No outbreak,9,0.17153484,30.45165,2022-07-15 22:45:28.125000000,1434,1434
47013,No outbreak,9,0.6927855,28.535593,2022-05-18 14:57:48.164062504,1061,1061
47015,No outbreak,9,-0.7191644,34.028217,2022-11-01 19:39:18.984375000,2167,2167
47017,No outbreak,9,-0.12063934,31.58138,2022-08-19 08:05:41.015625000,1666,1666
47019,No outbreak,9,-0.40205264,32.709106,2022-09-22 15:57:55.195312504,1900,1900
47021,No outbreak,9,0.30275303,29.957518,2022-06-30 21:45:52.734375000,1328,1328
47023,No outbreak,9,1.8279951,24.769606,2022-01-23 23:41:00.937500000,538,538
47025,No outbreak,9,0.86905575,27.91531,2022-04-29 17:48:34.453125000,953,953
47027,No outbreak,9,-0.8980603,34.79572,2022-11-25 04:21:44.296875000,2306,2306
47029,No outbreak,9,1.0440028,27.313019,2022-04-11 09:47:59.296875000,848,848
47031,No outbreak,9,0.49189526,29.259335,2022-06-09 15:42:00.703125000,1185,1185
47033,No outbreak,9,1.701031,25.164818,2022-02-05 00:24:36.562500000,578,578
47035,No outbreak,9,0.28752545,30.014446,2022-07-02 15:21:16.171875000,1339,1339
47037,No outbreak,9,3.895247,19.141874,2021-08-05 16:17:15.351562504,127,127
47039,No outbreak,9,-1.4220518,37.144814,2023-02-04 16:30:52.734375000,2701,2701
47041,No outbreak,9,0.18634678,30.395466,2022-07-14 05:42:41.132812504,1424,1424
47043,No outbreak,9,0.69145215,28.540335,2022-05-18 18:25:39.843750000,1065,1065
47045,No outbreak,9,1.5502175,25.642467,2022-02-19 13:21:39.023437495,632,632
47047,No outbreak,9,-0.5435274,33.291172,2022-10-10 09:11:57.187500000,2016,2016
47049,No outbreak,9,-0.78464866,34.307175,2022-11-10 07:27:00.703125000,2224,2224
47051,No outbreak,9,-1.1715198,36.002506,2022-12-31 21:59:24.843750000,2518,2518
47053,No outbreak,9,1.0136852,27.41645,2022-04-14 13:21:44.296875000,862,862
47055,No outbreak,9,-1.3954,37.02159,2023-01-31 22:29:38.906250000,2684,2684
47057,No outbreak,9,-1.9233944,39.540684,2023-04-18 14:50:30.468750000,2945,2945
47059,No outbreak,9,-0.54665864,33.30417,2022-10-10 18:41:39.609375000,2018,2018
47061,No outbreak,9,-0.5793847,33.440334,2022-10-14 22:10:13.476562504,2051,2051
47063,No outbreak,9,-0.5569044,33.34674,2022-10-12 01:47:45.234375000,2025,2025
47065,No outbreak,9,1.2360537,26.666792,2022-03-22 17:41:32.578125000,760,760
47067,No outbreak,9,-0.8380162,34.536205,2022-11-17 06:46:13.828125000,2262,2262
47069,No outbreak,9,-0.753511,34.174248,2022-11-06 06:20:23.437500000,2190,2190
47071,No outbreak,9,0.67428106,28.6015,2022-05-20 15:06:40.781250000,1073,1073
47073,No outbreak,9,-1.0051186,35.263275,2022-12-09 09:56:15.000000000,2393,2393
47075,No outbreak,9,-1.178038,36.031776,2023-01-01 19:22:26.484375000,2526,2526
47077,No outbreak,9,-0.69593316,33.929802,2022-10-29 19:45:28.125000000,2156,2156
47079,No outbreak,9,-1.2889858,36.533653,2023-01-17 02:01:38.437500000,2611,2611
47081,No outbreak,9,0.9744377,27.550936,2022-04-18 15:36:44.296875000,889,889
47083,No outbreak,9,-1.5091083,37.55018,2023-02-17 00:39:33.046875000,2740,2740
47085,No outbreak,9,-1.1652799,35.974506,2022-12-31 01:32:06.562500000,2510,2510
47087,No outbreak,9,-2.0515392,40.17749,2023-05-08 00:04:02.578125000,2987,2987
47089,No outbreak,9,-0.053234577,31.31709,2022-08-11 07:00:49.218750000,1618,1618
47091,No outbreak,9,-1.1665951,35.980404,2022-12-31 05:50:41.015625000,2512,2512
47093,No outbreak,9,1.5696776,25.58033,2022-02-17 15:58:00.468750000,626,626
47095,No outbreak,9,-1.2811112,36.497807,2023-01-15 23:50:19.921875000,2602,2602
47097,No outbreak,9,0.8399329,28.016851,2022-05-02 19:59:26.601562504,968,968
47099,No outbreak,9,-0.4537403,32.920574,2022-09-29 02:27:18.281250000,1935,1935
47101,No outbreak,9,-1.2196287,36.2191,2023-01-07 12:13:32.109375000,2552,2552
47103,No outbreak,9,-1.5329869,37.662136,2023-02-20 10:27:00.703125000,2747,2747
47105,No outbreak,9,-1.3354311,36.745823,2023-01-23 13:01:41.953125000,2644,2644
47107,No outbreak,9,0.8359196,28.030876,2022-05-03 06:14:14.296875000,972,972
47109,No outbreak,9,0.8838879,27.863735,2022-04-28 04:07:51.093750000,947,947
47111,No outbreak,9,0.005832292,31.087305,2022-08-04 07:08:33.281250000,1570,1570
47113,No outbreak,9,1.2325368,26.678486,2022-03-23 02:14:07.265625000,763,763
47115,No outbreak,9,-0.26831585,32.16824,2022-09-06 04:49:46.523437495,1783,1783
47117,No outbreak,9,-0.67613494,33.846153,2022-10-27 06:38:50.859375000,2140,2140
47119,No outbreak,9,2.361538,23.175524,2021-12-06 11:06:39.023437495,388,388
47121,No outbreak,9,-0.23506838,32.03517,2022-09-02 03:36:54.843750000,1749,1749
47123,No outbreak,9,0.21001922,30.305891,2022-07-11 12:16:20.859375000,1403,1403
47125,No outbreak,9,0.25439566,30.13868,2022-07-06 10:06:53.085937495,1362,1362
47127,No outbreak,9,-0.39238602,32.66971,2022-09-21 11:10:57.421875000,1888,1888
47129,No outbreak,9,-1.1574541,35.939426,2022-12-29 23:54:33.046875000,2507,2507
47131,No outbreak,9,0.53616476,29.098284,2022-06-04 18:02:32.929687495,1155,1155
47133,No outbreak,9,0.9094506,27.775072,2022-04-25 11:21:24.960937495,930,930
47135,No outbreak,9,1.0384449,27.331947,2022-04-11 23:37:40.546875000,852,852
47137,No outbreak,9,-0.471261,32.992565,2022-10-01 07:02:55.781250000,1950,1950
47139,No outbreak,9,-0.5600566,33.359848,2022-10-12 11:22:17.695312504,2029,2029
47141,No outbreak,9,1.8927103,24.570557,2022-01-17 22:15:56.250000000,515,515
47143,No outbreak,9,0.094384834,30.745975,2022-07-24 21:46:50.742187495,1502,1502
47145,No outbreak,9,-1.9069846,39.45987,2023-04-16 03:48:09.843750000,2938,2938
47147,No outbreak,9,-0.376188,32.603798,2022-09-19 11:01:54.257812504,1878,1878
47149,No outbreak,9,1.136461,26.999971,2022-04-01 21:05:58.593750000,811,811
47151,No outbreak,9,0.7641875,28.28269,2022-05-10 22:12:09.492187495,1023,1023
47153,No outbreak,9,-1.0546621,35.48177,2022-12-16 01:33:41.484375000,2428,2428
47155,No outbreak,9,0.25748038,30.127089,2022-07-06 01:38:47.343750000,1360,1360
47157,No outbreak,9,3.433275,20.276762,2021-09-09 05:23:31.523437495,177,177
47159,No outbreak,9,0.53692836,29.095516,2022-06-04 16:01:15.585937495,1152,1152
47161,No outbreak,9,-1.3365391,36.7509,2023-01-23 16:44:14.296875000,2647,2647
47163,No outbreak,9,0.2249967,30.249352,2022-07-09 18:58:00.468750000,1389,1389
47165,No outbreak,9,0.36221087,29.736263,2022-06-24 04:07:30.000000000,1291,1291
47167,No outbreak,9,0.16928032,30.460213,2022-07-16 05:00:45.703125000,1437,1437
47169,No outbreak,9,-0.014842719,31.167542,2022-08-06 17:45:35.156250000,1589,1589
47171,No outbreak,9,1.2710023,26.55085,2022-03-19 04:59:21.328125000,746,746
47173,No outbreak,9,-0.123545706,31.592827,2022-08-19 16:27:21.796875000,1668,1668
47175,No outbreak,9,-0.35519332,32.518566,2022-09-16 20:45:50.976562504,1857,1857
47177,No outbreak,9,0.8856652,27.857563,2022-04-27 23:37:19.453125000,944,944
47179,No outbreak,9,1.3537072,26.278477,2022-03-10 22:00:17.578125000,722,722
47181,No outbreak,9,-1.2741678,36.466225,2023-01-15 00:45:52.734375000,2597,2597
47183,No outbreak,9,2.9366202,21.572018,2021-10-18 15:39:11.953125000,260,260
47185,No outbreak,9,0.50217927,29.221842,2022-06-08 12:18:32.695312504,1180,1180
47187,No outbreak,9,1.4561809,25.944878,2022-02-28 18:17:24.140625000,676,676
47189,No outbreak,9,0.46635583,29.352648,2022-06-12 11:52:15.937500000,1210,1210
48001,No outbreak,9,1.5662398,25.591293,2022-02-17 23:58:30.351562504,627,627
48003,Had outbreak,3,6.7497206,13.409862,2021-02-12 04:42:31.464843747,12,12
48005,No outbreak,9,2.7013714,22.2141,2021-11-07 04:43:58.476562504,317,317
48007,No outbreak,9,-0.15823254,31.72975,2022-08-23 20:29:09.023437495,1691,1691
48009,No outbreak,9,0.04592529,30.932299,2022-07-30 13:53:59.648437495,1540,1540
48011,No outbreak,9,-0.33582354,32.44013,2022-09-14 11:27:39.375000000,1839,1839
48013,Had outbreak,4,4.7266493,17.257057,2021-06-09 07:18:55.546875000,71,71
48015,No outbreak,9,0.9867784,27.508581,2022-04-17 08:40:08.203125000,880,880
48017,Had outbreak,4,5.7815275,15.130339,2021-04-05 13:37:12.421875000,28,28
48019,No outbreak,9,-1.2988487,36.578606,2023-01-18 10:51:58.359375000,2616,2616
48021,No outbreak,9,1.2173616,26.72901,2022-03-24 15:08:42.070312504,772,772
48023,No outbreak,9,-0.5736405,33.416393,2022-10-14 04:40:48.632812504,2044,2044
48025,No outbreak,9,2.9342103,21.578505,2021-10-18 20:23:31.523437495,261,261
48027,Had outbreak,6,1.2921848,26.48082,2022-03-17 01:49:41.250000000,738,738
48029,Had outbreak,7,3.3424158,20.507767,2021-09-16 06:09:13.710937495,191,191
48031,No outbreak,9,-1.3037643,36.60103,2023-01-19 03:14:56.484375000,2620,2620
48033,Had outbreak,4,5.726616,15.234281,2021-04-08 17:33:22.148437495,31,31
48035,No outbreak,9,0.94467497,27.65336,2022-04-21 18:26:22.031250000,909,909
48037,No outbreak,9,4.157471,18.52618,2021-07-17 22:29:12.539062504,103,103
48039,Had outbreak,4,4.3817997,18.015205,2021-07-02 09:11:20.273437495,88,88
48041,No outbreak,9,2.5268362,22.702787,2021-11-22 01:44:56.484375000,347,347
48043,Had outbreak,5,5.8211746,15.055734,2021-04-03 07:07:00.996093747,27,27
48045,No outbreak,9,0.21644747,30.281612,2022-07-10 18:32:04.804687495,1395,1395
48047,No outbreak,9,1.2095807,26.754951,2022-03-25 10:05:49.804687495,776,776
48049,Had outbreak,4,4.9863367,16.707273,2021-05-23 13:39:58.535156252,60,60
48051,No outbreak,9,-2.383451,41.874992,2023-06-28 16:11:43.125000000,3074,3074
48053,No outbreak,9,1.9670084,24.344006,2022-01-11 00:45:26.367187495,486,486
48055,No outbreak,9,0.946338,27.647627,2022-04-21 14:15:00.000000000,905,905
48057,No outbreak,9,2.38595,23.105093,2021-12-04 07:39:24.257812504,378,378
48059,No outbreak,9,0.80443525,28.141123,2022-05-06 14:46:43.710937495,990,990
48061,No outbreak,9,1.9719512,24.329006,2022-01-10 13:47:55.781250000,484,484
48063,No outbreak,9,2.0955222,23.957058,2021-12-30 06:04:07.851562504,459,459
48065,Had outbreak,5,5.1453567,16.379293,2021-05-13 14:03:23.906250000,53,53
48067,No outbreak,9,0.42668092,29.498203,2022-06-16 22:12:30.585937495,1238,1238
48069,No outbreak,9,5.9738235,14.771905,2021-03-25 15:45:47.460937495,24,24
48071,No outbreak,9,2.3099906,23.324947,2021-12-11 00:16:26.132812504,394,394
48073,No outbreak,9,0.4647954,29.358358,2022-06-12 16:02:34.687500000,1212,1212
48075,No outbreak,9,6.36852,14.062582,2021-03-04 01:33:36.210937495,20,20
48077,No outbreak,9,2.3478675,23.215057,2021-12-07 15:59:35.390625000,390,390
48079,Had outbreak,3,6.637661,13.598528,2021-02-17 22:32:27.656250000,14,14
48081,No outbreak,9,2.11638,23.894836,2021-12-28 08:36:42.539062504,451,451
48083,No outbreak,9,1.1272647,27.030949,2022-04-02 19:43:47.929687495,816,816
48085,Had outbreak,4,4.2164903,18.39036,2021-07-13 19:15:40.429687495,97,97
48087,No outbreak,9,0.8074889,28.130411,2022-05-06 06:57:13.007812504,988,988
48089,No outbreak,9,-2.917291,44.756935,2023-09-24 09:37:37.031250000,3154,3154
48091,No outbreak,9,3.2130826,20.841133,2021-09-26 09:41:55.429687495,217,217
48093,No outbreak,9,0.57250905,28.966728,2022-05-31 17:55:57.421875000,1118,1118
48095,No outbreak,9,-2.153407,40.691025,2023-05-23 15:14:03.750000000,3013,3013
48097,No outbreak,9,3.0497227,21.26996,2021-10-09 10:58:54.960937495,241,241
48099,No outbreak,9,0.2871266,30.01594,2022-07-02 16:26:44.882812504,1340,1340
48101,No outbreak,9,0.16780812,30.465805,2022-07-16 09:05:58.593750000,1439,1439
48103,No outbreak,9,0.40823135,29.566133,2022-06-18 23:50:04.101562504,1256,1256
48105,No outbreak,9,-1.7703538,38.793377,2023-03-26 20:53:19.218750000,2871,2871
48107,No outbreak,9,3.2424843,20.764875,2021-09-24 01:59:16.054687495,208,208
48109,No outbreak,9,0.57295746,28.965109,2022-05-31 16:45:01.757812504,1116,1116
48111,Had outbreak,2,7.910854,11.602533,2020-12-19 04:20:48.925781252,5,5
48113,Had outbreak,6,4.028816,18.82574,2021-07-27 01:19:58.828125000,117,117
48115,Had outbreak,2,7.4445815,12.29702,2021-01-09 07:42:39.375000000,8,8
48117,No outbreak,9,2.847632,21.81269,2021-10-25 23:28:47.929687495,287,287
48119,No outbreak,9,4.4277787,17.91223,2021-06-29 05:57:32.343750000,86,86
48121,Had outbreak,5,4.0619016,18.748245,2021-07-24 16:43:05.742187495,112,112
48123,No outbreak,9,1.6766461,25.24144,2022-02-07 08:23:10.429687495,591,591
48125,No outbreak,9,1.4120686,26.087961,2022-03-05 02:49:16.640625000,698,698
48127,No outbreak,9,1.8478897,24.708244,2022-01-22 02:51:17.929687495,530,530
48129,No outbreak,9,1.8807862,24.607113,2022-01-19 00:58:21.562500000,523,523
48131,No outbreak,9,2.226595,23.568733,2021-12-18 10:22:26.484375000,421,421
48133,Had outbreak,5,2.783026,21.9891,2021-10-31 08:21:24.960937495,298,298
48135,Had outbreak,2,6.853751,13.237056,2021-02-06 22:27:48.164062504,10,10
48137,No outbreak,9,0.9035016,27.795683,2022-04-26 02:24:50.625000000,935,935
48139,No outbreak,9,2.2875657,23.390255,2021-12-12 23:59:07.265625000,400,400
48141,Had outbreak,4,3.721218,19.56174,2021-08-18 11:01:33.164062504,143,143
48143,Had outbreak,3,6.122857,14.499962,2021-03-17 09:05:32.226562504,21,21
48145,No outbreak,9,0.2639937,30.102636,2022-07-05 07:46:57.773437495,1356,1356
48147,Had outbreak,7,4.49349,17.766079,2021-06-24 19:11:11.484375000,78,78
48149,No outbreak,9,-2.312449,41.505936,2023-06-17 10:34:34.218750000,3057,3057
48151,No outbreak,9,1.0446723,27.310738,2022-04-11 08:07:58.125000000,846,846
48153,No outbreak,9,2.9226646,21.609587,2021-10-19 19:06:00.351562504,266,266
48155,No outbreak,9,-2.1134696,40.488914,2023-05-17 11:34:51.796875000,3009,3009
48157,Had outbreak,4,5.245391,16.176281,2021-05-07 09:44:38.906250000,50,50
48159,No outbreak,9,0.34985647,29.7821,2022-06-25 13:36:40.781250000,1301,1301
48161,No outbreak,9,1.776766,24.928318,2022-01-28 19:37:54.609375000,556,556
48163,No outbreak,9,1.386222,26.172165,2022-03-07 16:20:14.648437495,709,709
48165,Had outbreak,2,9.310928,9.744141,2020-10-23 14:40:45.117187495,1,1
48167,No outbreak,9,3.406156,20.345436,2021-09-11 07:33:41.484375000,181,181
48169,Had outbreak,3,2.1107275,23.911682,2021-12-28 20:55:09.960937495,456,456
48171,No outbreak,9,0.5993221,28.870052,2022-05-28 19:18:18.632812504,1106,1106
48173,No outbreak,9,0.7317555,28.397285,2022-05-14 09:55:16.992187495,1036,1036
48175,No outbreak,9,-1.7892832,38.88504,2023-03-29 15:51:19.687500000,2884,2884
48177,No outbreak,9,0.5217783,29.150524,2022-06-06 08:12:27.070312504,1162,1162
48179,No outbreak,9,2.9175901,21.623262,2021-10-20 05:05:25.195312504,268,268
48181,No outbreak,9,2.4267318,22.987911,2021-11-30 18:02:54.023437495,367,367
48183,No outbreak,9,2.4329073,22.97022,2021-11-30 05:07:26.484375000,365,365
48185,No outbreak,9,0.82762825,28.059868,2022-05-04 03:25:02.929687495,980,980
48187,No outbreak,9,1.7836936,24.906797,2022-01-28 03:54:34.804687495,552,552
48189,Had outbreak,3,7.455029,12.281015,2021-01-08 20:01:06.796875000,7,7
48191,No outbreak,9,2.7811928,21.994125,2021-10-31 12:01:40.195312504,299,299
48193,No outbreak,9,-2.0714812,40.27751,2023-05-11 01:08:22.734375000,2996,2996
48195,No outbreak,9,1.6670389,25.271692,2022-02-08 06:29:16.054687495,597,597
48197,Had outbreak,5,5.136685,16.397013,2021-05-14 03:00:05.273437495,54,54
48199,No outbreak,9,0.73447084,28.38767,2022-05-14 02:53:50.859375000,1034,1034
48201,Had outbreak,1,4.5286717,17.68832,2021-06-22 10:22:47.578125000,76,76
48203,Had outbreak,5,4.0014687,18.890038,2021-07-29 00:18:22.148437495,121,121
48205,No outbreak,9,1.7279828,25.080399,2022-02-02 10:44:09.023437495,569,569
48207,No outbreak,9,1.073019,27.214386,2022-04-08 09:44:33.632812504,832,832
48209,Had outbreak,5,5.3720546,15.92283,2021-04-29 16:34:57.949218747,45,45
48211,No outbreak,9,-2.240718,41.13639,2023-06-06 04:36:09.140625000,3040,3040
48213,No outbreak,9,2.1065354,23.924183,2021-12-29 06:03:04.570312504,457,457
48215,No outbreak,9,2.749792,22.080399,2021-11-03 03:03:20.390625000,308,308
48217,No outbreak,9,2.2256386,23.571547,2021-12-18 12:25:45.117187495,422,422
48219,Had outbreak,3,6.0054193,14.713831,2021-03-23 21:20:10.253906252,23,23
48221,No outbreak,9,0.48284096,29.292381,2022-06-10 15:50:32.226562504,1195,1195
48223,No outbreak,9,2.3968937,23.073591,2021-12-03 08:38:33.281250000,374,374
48225,No outbreak,9,0.5484295,29.053823,2022-06-03 09:33:39.726562504,1138,1138
48227,No outbreak,9,4.0499306,18.776249,2021-07-25 13:10:34.570312504,114,114
48229,No outbreak,9,-0.40721083,32.73015,2022-09-23 07:20:14.648437495,1904,1904
48231,No outbreak,9,1.8632804,24.66088,2022-01-20 16:15:08.789062504,529,529
48233,No outbreak,9,-0.59477574,33.504566,2022-10-16 21:05:48.046875000,2062,2062
48235,No outbreak,9,0.33865848,29.823711,2022-06-26 20:00:40.429687495,1311,1311
48237,No outbreak,9,4.4368143,17.892061,2021-06-28 15:13:26.835937495,82,82
48239,No outbreak,9,0.04553269,30.933811,2022-07-30 15:00:21.093750000,1542,1542
48241,No outbreak,9,2.0295386,24.154953,2022-01-05 06:38:35.039062504,469,469
48243,No outbreak,9,-0.7223415,34.0417,2022-11-02 05:30:17.578125000,2169,2169
48245,No outbreak,9,2.6670346,22.309404,2021-11-10 02:21:30.234375000,324,324
48247,No outbreak,9,1.1334053,27.010263,2022-04-02 04:37:07.148437495,812,812
48249,No outbreak,9,3.2296584,20.79811,2021-09-25 02:15:58.007812504,213,213
48251,No outbreak,9,1.2378249,26.660902,2022-03-22 13:23:19.218750000,759,759
48253,No outbreak,9,2.157343,23.773111,2021-12-24 15:41:02.695312504,440,440
48255,No outbreak,9,2.5973525,22.504065,2021-11-16 00:34:11.367187495,336,336
48257,No outbreak,9,2.2330427,23.549797,2021-12-17 20:32:24.140625000,419,419
48259,No outbreak,9,0.4848722,29.284964,2022-06-10 10:25:25.781250000,1194,1194
48261,No outbreak,9,-2.9404392,44.88629,2023-09-28 08:07:47.578125000,3157,3157
48263,No outbreak,9,-4.4527144,54.199883,2024-07-07 20:16:03.281250000,3216,3216
48265,No outbreak,9,0.73347604,28.391191,2022-05-14 05:28:11.015625000,1035,1035
48267,No outbreak,9,-1.786899,38.87348,2023-03-29 07:24:43.593750000,2883,2883
48269,No outbreak,9,-3.6803946,49.224335,2024-02-07 09:19:51.796875000,3199,3199
48271,No outbreak,9,-2.1132562,40.48784,2023-05-17 10:47:45.234375000,3008,3008
48273,No outbreak,9,2.7078884,22.196058,2021-11-06 15:33:08.085937495,315,315
48275,No outbreak,9,1.9322968,24.449589,2022-01-14 05:53:29.765625000,500,500
48277,Had outbreak,3,5.2753425,16.115986,2021-05-05 13:41:41.367187495,48,48
48279,Had outbreak,3,6.613422,13.639687,2021-02-19 04:36:35.507812504,15,15
48281,No outbreak,9,-1.2641773,36.42083,2023-01-13 15:36:02.109375000,2588,2588
48283,No outbreak,9,-1.4037666,37.060234,2023-02-02 02:43:28.593750000,2688,2688
48285,No outbreak,9,-3.5851817,48.64345,2024-01-20 16:57:35.859375000,3193,3193
48287,No outbreak,9,-0.13313964,31.630638,2022-08-20 20:04:48.281250000,1672,1672
48289,No outbreak,9,2.2809036,23.409689,2021-12-13 14:10:57.421875000,403,403
48291,No outbreak,9,1.5765076,25.558556,2022-02-17 00:03:30.937500000,625,625
48293,No outbreak,9,-0.2642167,32.151802,2022-09-05 16:49:14.882812504,1776,1776
48295,No outbreak,9,-1.3139966,36.64775,2023-01-20 13:22:47.578125000,2629,2629
48297,No outbreak,9,0.086048976,30.777945,2022-07-25 21:08:10.429687495,1513,1513
48299,No outbreak,9,-0.9708985,35.113148,2022-12-04 20:15:42.187500000,2368,2368
48301,No outbreak,9,-0.614719,33.58798,2022-10-19 10:02:03.046875000,2074,2074
48303,Had outbreak,2,5.744261,15.200803,2021-04-07 17:05:54.199218747,29,29
48305,Had outbreak,2,6.8740354,13.203624,2021-02-05 22:02:21.503906252,9,9
48307,No outbreak,9,1.8414079,24.728218,2022-01-22 17:26:51.914062504,531,531
48309,Had outbreak,5,3.386581,20.395151,2021-09-12 19:52:56.367187495,184,184
48311,No outbreak,9,-0.2958116,32.2787,2022-09-09 13:31:45.468750000,1803,1803
48313,No outbreak,9,0.437872,29.457073,2022-06-15 16:09:36.562500000,1230,1230
48315,No outbreak,9,-0.2672129,32.163815,2022-09-06 01:35:48.046875000,1781,1781
48317,Had outbreak,2,8.386079,10.935056,2020-11-28 20:42:51.679687495,3,3
48319,No outbreak,9,-0.3225795,32.38661,2022-09-12 20:21:40.781250000,1829,1829
48321,No outbreak,9,1.9851109,24.289124,2022-01-09 08:39:47.109375000,482,482
48323,No outbreak,9,0.55607474,29.02614,2022-06-02 13:20:14.648437495,1131,1131
48325,No outbreak,9,3.08748,21.170069,2021-10-06 10:00:22.851562504,234,234
48327,No outbreak,9,-2.571087,42.866158,2023-07-28 20:17:59.296875000,3109,3109
48329,Had outbreak,3,6.7462444,13.415676,2021-02-12 08:57:24.433593747,13,13
48331,No outbreak,9,-0.5228343,33.20539,2022-10-07 18:31:48.984375000,1991,1991
48333,No outbreak,9,1.5813572,25.543108,2022-02-16 12:46:24.375000000,624,624
48335,No outbreak,9,-1.0400051,35.416992,2022-12-14 02:14:17.812500000,2416,2416
48337,No outbreak,9,1.4459805,25.977894,2022-03-01 18:24:36.562500000,681,681
48339,No outbreak,9,3.999929,18.893665,2021-07-29 02:57:21.796875000,122,122
48341,No outbreak,9,-2.44732,42.20977,2023-07-08 20:46:17.343750000,3089,3089
48343,No outbreak,9,2.3821807,23.115953,2021-12-04 15:35:30.468750000,380,380
48345,No outbreak,9,0.65866804,28.657232,2022-05-22 07:49:41.250000000,1081,1081
48347,No outbreak,9,2.516748,22.731361,2021-11-22 22:37:22.968750000,352,352
48349,No outbreak,9,0.9826872,27.522617,2022-04-17 18:55:27.539062504,883,883
48351,No outbreak,9,-0.8269675,34.488663,2022-11-15 20:02:20.625000000,2252,2252
48353,No outbreak,9,3.639233,19.762722,2021-08-24 13:51:16.171875000,154,154
48355,No outbreak,9,4.0355988,18.809828,2021-07-26 13:42:28.828125000,116,116
48357,No outbreak,9,4.802314,17.095028,2021-06-04 08:56:39.609375000,66,66
48359,No outbreak,9,1.9893266,24.27636,2022-01-08 23:20:16.406250000,479,479
48361,No outbreak,9,0.41595477,29.537676,2022-06-18 03:02:43.476562504,1249,1249
48363,No outbreak,9,3.1409397,21.029432,2021-10-02 03:15:43.945312504,226,226
48365,No outbreak,9,0.9446925,27.653301,2022-04-21 18:23:43.828125000,908,908
48367,No outbreak,9,1.799586,24.857494,2022-01-26 15:53:31.523437495,549,549
48369,Had outbreak,4,6.7796497,13.359916,2021-02-10 16:13:12.773437495,11,11
48371,No outbreak,9,2.2785656,23.416515,2021-12-13 19:10:13.476562504,404,404
48373,No outbreak,9,2.5051677,22.764206,2021-11-23 22:37:07.148437495,355,355
48375,Had outbreak,4,5.6284595,15.421861,2021-04-14 10:35:40.136718747,35,35
48377,No outbreak,9,-3.2249708,46.507195,2023-11-16 16:17:52.265625000,3176,3176
48379,Had outbreak,9,4.2395096,18.337654,2021-07-12 04:45:22.851562504,96,96
48381,Had outbreak,4,5.6695395,15.343077,2021-04-12 01:02:18.867187495,33,33
48383,No outbreak,9,1.4395425,25.99875,2022-03-02 09:38:50.859375000,684,684
48385,No outbreak,9,-2.3517475,41.709797,2023-06-23 15:30:35.156250000,3063,3063
48387,No outbreak,9,-0.65863866,33.7724,2022-10-25 00:45:52.734375000,2117,2117
48389,Had outbreak,4,5.740037,15.208811,2021-04-07 22:56:56.308593747,30,30
48391,No outbreak,9,0.34691966,29.79301,2022-06-25 21:34:58.828125000,1304,1304
48393,No outbreak,9,3.2977438,20.622303,2021-09-19 17:49:48.281250000,203,203
48395,No outbreak,9,0.4386156,29.454342,2022-06-15 14:09:54.140625000,1229,1229
48397,Had outbreak,3,4.3102713,18.176584,2021-07-07 07:05:07.617187495,89,89
48399,No outbreak,9,3.3483865,20.492504,2021-09-15 19:00:12.304687495,189,189
48401,No outbreak,9,4.018593,18.849752,2021-07-27 18:52:33.515625000,119,119
48403,No outbreak,9,0.4693185,29.341806,2022-06-12 03:57:02.460937495,1206,1206
48405,No outbreak,9,-1.3141094,36.648266,2023-01-20 13:45:28.125000000,2630,2630
48407,No outbreak,9,0.3428952,29.807962,2022-06-26 08:30:17.578125000,1308,1308
48409,No outbreak,9,2.8063812,21.925161,2021-10-29 09:38:45.585937495,293,293
48411,No outbreak,9,1.9583098,24.370419,2022-01-11 20:03:13.359375000,492,492
48413,No outbreak,9,1.830001,24.763416,2022-01-23 19:09:41.835937495,535,535
48415,Had outbreak,5,6.4228287,13.967684,2021-03-01 04:13:52.324218747,18,18
48417,Had outbreak,4,3.749346,19.493261,2021-08-16 08:59:49.453125000,142,142
48419,No outbreak,9,3.6421347,19.75557,2021-08-24 08:37:45.820312504,153,153
48421,No outbreak,9,1.6239029,25.407974,2022-02-12 10:03:01.054687495,612,612
48423,No outbreak,9,2.1849055,23.691557,2021-12-22 04:06:16.171875000,435,435
48425,No outbreak,9,1.481347,25.8636,2022-02-26 06:54:40.078125000,663,663
48427,No outbreak,9,0.90371,27.79496,2022-04-26 01:53:12.187500000,934,934
48429,No outbreak,9,2.106059,23.925602,2021-12-29 07:05:18.164062504,458,458
48431,No outbreak,9,0.5377331,29.092594,2022-06-04 13:53:06.914062504,1150,1150
48433,No outbreak,9,-2.787373,44.03781,2023-09-02 12:15:49.218750000,3141,3141
48435,No outbreak,9,1.3513623,26.286163,2022-03-11 03:37:10.664062504,723,723
48437,No outbreak,9,2.0071914,24.222345,2022-01-07 07:52:35.273437495,478,478
48439,Had outbreak,5,3.653343,19.727983,2021-08-23 12:28:33.867187495,151,151
48441,No outbreak,9,2.6625156,22.321976,2021-11-10 11:32:34.687500000,325,325
48443,No outbreak,9,-1.4102464,37.090183,2023-02-03 00:36:12.656250000,2692,2692
48445,Had outbreak,2,8.558361,10.702679,2020-11-21 18:56:57.187500000,2,2
48447,No outbreak,9,2.3729308,23.14263,2021-12-05 11:04:48.281250000,383,383
48449,No outbreak,9,1.5440326,25.662247,2022-02-20 03:48:41.484375000,636,636
48451,No outbreak,9,3.8984509,19.134228,2021-08-05 10:42:07.734375000,126,126
48453,Had outbreak,3,4.068083,18.733803,2021-07-24 06:10:01.171875000,111,111
48455,No outbreak,9,-0.9950441,35.219013,2022-12-08 01:36:09.140625000,2382,2382
48457,No outbreak,9,2.206507,23.627838,2021-12-20 05:33:11.601562504,426,426
48459,Had outbreak,4,2.7680316,22.030245,2021-11-01 14:24:55.898437495,304,304
48461,No outbreak,9,0.62871236,28.764462,2022-05-25 14:09:54.140625000,1092,1092
48463,No outbreak,9,1.8283646,24.768467,2022-01-23 22:51:05.625000000,536,536
48465,No outbreak,9,1.246561,26.631878,2022-03-21 16:11:06.210937495,757,757
48467,No outbreak,9,1.1538757,26.941416,2022-03-31 02:19:18.398437495,807,807
48469,No outbreak,9,1.796207,24.867968,2022-01-26 23:32:34.687500000,550,550
48471,No outbreak,9,0.50588495,29.208342,2022-06-08 02:26:46.640625000,1175,1175
48473,No outbreak,9,1.8977981,24.554974,2022-01-17 10:52:56.367187495,513,513
48475,No outbreak,9,6.5538735,13.741331,2021-02-22 06:52:01.875000000,16,16
48477,No outbreak,9,2.044995,24.10845,2022-01-03 20:40:08.203125000,467,467
48479,No outbreak,9,2.392242,23.086975,2021-12-03 18:25:13.476562504,376,376
48481,No outbreak,9,-0.14063984,31.660229,2022-08-21 17:41:48.398437495,1679,1679
48483,No outbreak,9,1.5326196,25.698792,2022-02-21 06:30:35.156250000,642,642
48485,No outbreak,9,2.8103461,21.914324,2021-10-29 01:43:42.656250000,291,291
48487,No outbreak,9,0.8007426,28.154081,2022-05-07 00:14:45.937500000,993,993
48489,No outbreak,9,0.59450406,28.887402,2022-05-29 07:58:49.687500000,1108,1108
48491,Had outbreak,5,3.7816553,19.414894,2021-08-13 23:44:42.421875000,140,140
48493,No outbreak,9,-0.05936101,31.341015,2022-08-12 00:29:31.875000000,1622,1622
48495,No outbreak,9,2.519534,22.723469,2021-11-22 16:51:26.718750000,349,349
48497,No outbreak,9,1.8930614,24.56948,2022-01-17 21:28:49.687500000,514,514
48499,No outbreak,9,1.8282145,24.76893,2022-01-23 23:11:23.789062504,537,537
48501,Had outbreak,2,7.65744,11.974968,2020-12-30 12:25:58.300781252,6,6
48503,No outbreak,9,2.7253945,22.147667,2021-11-05 04:11:58.945312504,310,310
48505,No outbreak,9,-0.13574481,31.640915,2022-08-21 03:35:14.648437495,1676,1676
48507,No outbreak,9,1.5107923,25.768824,2022-02-23 09:40:20.507812504,650,650
49001,No outbreak,9,0.48040918,29.301264,2022-06-10 22:19:53.554687495,1197,1197
49003,No outbreak,9,-1.4266464,37.166096,2023-02-05 08:03:45.000000000,2705,2705
49005,No outbreak,9,1.0668274,27.235401,2022-04-09 01:05:44.531250000,835,835
49007,No outbreak,9,-0.4978113,33.10196,2022-10-04 14:58:03.984375000,1972,1972
49009,No outbreak,9,-2.0253026,40.04628,2023-05-04 00:12:39.375000000,2984,2984
49011,No outbreak,9,1.9290054,24.459621,2022-01-14 13:13:18.046875000,503,503
49013,No outbreak,9,0.15887561,30.499752,2022-07-17 09:53:57.890625000,1447,1447
49015,No outbreak,9,-1.7723156,38.802864,2023-03-27 03:49:13.125000000,2872,2872
49017,No outbreak,9,-0.12025678,31.579874,2022-08-19 06:59:35.390625000,1665,1665
49019,No outbreak,9,0.12068993,30.645302,2022-07-21 20:13:56.718750000,1475,1475
49021,No outbreak,9,0.957651,27.608658,2022-04-20 09:46:50.742187495,898,898
49023,No outbreak,9,-0.8732988,34.688465,2022-11-21 22:00:17.578125000,2283,2283
49025,No outbreak,9,-0.5743415,33.419315,2022-10-14 06:48:57.304687495,2045,2045
49027,No outbreak,9,-0.58195734,33.45106,2022-10-15 06:00:26.367187495,2053,2053
49029,No outbreak,9,-0.3958847,32.68396,2022-09-21 21:35:41.015625000,1892,1892
49031,No outbreak,9,-4.9421167,57.609993,2024-10-19 15:33:23.906250000,3219,3219
49033,No outbreak,9,-1.7767295,38.824226,2023-03-27 19:25:36.328125000,2876,2876
49035,No outbreak,9,2.949186,21.538248,2021-10-17 14:58:56.718750000,256,256
49037,No outbreak,9,-4.288823,53.103626,2024-06-04 11:23:05.156250000,3213,3213
49039,No outbreak,9,-1.3615285,36.86558,2023-01-27 04:31:13.828125000,2666,2666
49041,No outbreak,9,-1.4907496,37.46433,2023-02-14 09:56:25.546875000,2734,2734
49043,No outbreak,9,-0.5422554,33.28589,2022-10-10 05:20:21.679687495,2013,2013
49045,No outbreak,9,-0.4611937,32.95118,2022-09-30 00:48:52.031250000,1944,1944
49047,No outbreak,9,2.3641741,23.167908,2021-12-06 05:32:50.507812504,387,387
49049,Had outbreak,6,2.8814325,21.720963,2021-10-23 04:27:58.710937495,278,278
49051,No outbreak,9,0.1934433,30.368586,2022-07-13 10:04:25.429687495,1420,1420
49053,No outbreak,9,1.3190386,26.392311,2022-03-14 09:10:01.171875000,731,731
49055,No outbreak,9,-0.24966262,32.093513,2022-09-03 22:14:16.054687495,1761,1761
49057,No outbreak,9,2.0278466,24.16005,2022-01-05 10:22:00.117187495,471,471
50001,No outbreak,9,0.179897,30.41992,2022-07-14 23:34:35.976562504,1428,1428
50003,No outbreak,9,-1.312463,36.640747,2023-01-20 08:15:52.734375000,2627,2627
50005,No outbreak,9,1.2121724,26.746305,2022-03-25 03:46:50.742187495,775,775
50007,No outbreak,9,1.8327991,24.754776,2022-01-23 12:50:58.593750000,533,533
50009,No outbreak,9,1.2254629,26.702024,2022-03-23 19:25:52.148437495,767,767
50011,No outbreak,9,0.3587408,29.74913,2022-06-24 13:31:29.648437495,1294,1294
50013,No outbreak,9,0.4910674,29.262352,2022-06-09 17:54:17.226562504,1187,1187
50015,Had outbreak,3,2.6995096,22.21926,2021-11-07 08:30:07.031250000,318,318
50017,No outbreak,9,-1.310639,36.632412,2023-01-20 02:10:36.328125000,2623,2623
50019,No outbreak,9,0.9598295,27.601162,2022-04-20 04:18:18.632812504,896,896
50021,No outbreak,9,-1.5586395,37.782784,2023-02-24 02:35:23.437500000,2763,2763
50023,No outbreak,9,0.64906585,28.691559,2022-05-23 08:54:22.500000000,1084,1084
50025,No outbreak,9,-0.103484504,31.513905,2022-08-17 06:47:54.023437495,1650,1650
50027,No outbreak,9,0.45262173,29.402952,2022-06-14 00:37:15.937500000,1222,1222
51001,No outbreak,9,1.1813614,26.849249,2022-03-28 06:59:14.296875000,793,793
51003,No outbreak,9,0.8349384,28.034302,2022-05-03 08:44:21.328125000,974,974
51005,No outbreak,9,-3.0916061,45.740288,2023-10-24 08:01:27.890625000,3169,3169
51007,No outbreak,9,-2.3791573,41.85258,2023-06-27 23:49:16.640625000,3073,3073
51009,No outbreak,9,-0.923306,34.905415,2022-11-28 12:30:03.515625000,2329,2329
51011,No outbreak,9,-1.5464092,37.725212,2023-02-22 08:31:52.500000000,2754,2754
51013,No outbreak,9,3.554379,19.972908,2021-08-30 23:24:29.531250000,163,163
51015,No outbreak,9,-0.24552053,32.076942,2022-09-03 10:07:51.093750000,1755,1755
51017,No outbreak,9,-0.27244842,32.18482,2022-09-06 16:56:27.304687495,1786,1786
51019,No outbreak,9,0.7067691,28.485886,2022-05-17 02:38:54.375000000,1052,1052
51021,No outbreak,9,-0.8790187,34.71321,2022-11-22 16:05:02.343750000,2292,2292
51023,No outbreak,9,-1.5687954,37.830654,2023-02-25 13:33:52.031250000,2768,2768
51025,No outbreak,9,1.4326544,26.02109,2022-03-03 01:58:02.226562504,687,687
51027,No outbreak,9,-1.4392838,37.2247,2023-02-07 02:52:37.031250000,2709,2709
51029,No outbreak,9,-0.9271642,34.922207,2022-11-29 00:46:03.281250000,2332,2332
51031,No outbreak,9,-1.9956499,39.8985,2023-04-29 12:14:56.484375000,2975,2975
51033,No outbreak,9,-0.79255015,34.34099,2022-11-11 08:09:11.953125000,2227,2227
51035,No outbreak,9,-0.67180014,33.827866,2022-10-26 17:17:06.562500000,2134,2134
51036,No outbreak,9,-2.5425458,42.713894,2023-07-24 05:03:45.000000000,3100,3100
51037,No outbreak,9,-0.9146508,34.867767,2022-11-27 08:59:49.453125000,2320,2320
51041,No outbreak,9,0.6639093,28.63851,2022-05-21 18:08:57.890625000,1077,1077
51043,No outbreak,9,-2.0576487,40.208107,2023-05-08 22:26:07.968750000,2989,2989
51045,No outbreak,9,0.8585373,27.951942,2022-04-30 20:34:14.882812504,961,961
51047,No outbreak,9,-1.7353047,38.624226,2023-03-21 17:18:52.031250000,2859,2859
51049,No outbreak,9,-1.3149618,36.65217,2023-01-20 16:36:30.234375000,2631,2631
51051,No outbreak,9,-1.0367861,35.40278,2022-12-13 15:51:19.687500000,2409,2409
51053,No outbreak,9,-1.1825763,36.05217,2023-01-02 10:16:27.890625000,2529,2529
51057,No outbreak,9,-2.1018527,40.43031,2023-05-15 16:45:59.765625000,3005,3005
51059,No outbreak,9,3.8395157,19.275341,2021-08-09 17:47:36.445312504,133,133
51061,No outbreak,9,-0.7251065,34.053436,2022-11-02 14:04:48.281250000,2171,2171
51063,No outbreak,9,-0.7200185,34.03184,2022-11-01 22:18:13.359375000,2168,2168
51065,No outbreak,9,-1.3429033,36.780067,2023-01-24 14:02:52.265625000,2652,2652
51067,No outbreak,9,-0.007440731,31.138792,2022-08-05 20:45:24.609375000,1580,1580
51069,No outbreak,9,-0.4732843,33.00089,2022-10-01 13:07:45.820312504,1952,1952
51071,No outbreak,9,-1.9131117,39.490025,2023-04-17 01:50:02.343750000,2941,2941
51073,No outbreak,9,-1.3318224,36.72929,2023-01-23 00:56:57.187500000,2641,2641
51075,No outbreak,9,0.35294792,29.770626,2022-06-25 05:13:46.171875000,1299,1299
51077,No outbreak,9,-0.49343354,33.083897,2022-10-04 01:46:20.859375000,1971,1971
51079,No outbreak,9,0.25338787,30.142466,2022-07-06 12:52:49.335937495,1365,1365
51081,No outbreak,9,0.5486501,29.053022,2022-06-03 08:58:35.625000000,1137,1137
51083,No outbreak,9,-0.19268392,31.86633,2022-08-28 00:15:54.492187495,1720,1720
51085,No outbreak,9,-1.1692649,35.992386,2022-12-31 14:35:55.078125000,2514,2514
51087,No outbreak,9,1.3897443,26.160673,2022-03-07 07:56:32.578125000,707,707
51089,No outbreak,9,-1.8475312,39.168457,2023-04-07 06:54:29.531250000,2910,2910
51091,No outbreak,9,-2.790123,44.052914,2023-09-02 23:17:48.750000000,3142,3142
51093,No outbreak,9,-1.3735702,36.920967,2023-01-28 20:58:56.718750000,2672,2672
51095,No outbreak,9,-1.0856986,35.619335,2022-12-20 06:03:41.484375000,2450,2450
51097,No outbreak,9,-0.7151785,34.01131,2022-11-01 07:18:13.359375000,2166,2166
51099,No outbreak,9,-1.0361347,35.399902,2022-12-13 13:45:07.031250000,2408,2408
51101,No outbreak,9,-1.3138012,36.646862,2023-01-20 12:43:56.718750000,2628,2628
51103,No outbreak,9,-2.5395195,42.697777,2023-07-23 17:17:17.109375000,3099,3099
51105,No outbreak,9,-0.8164077,34.44329,2022-11-14 10:53:22.734375000,2243,2243
51107,No outbreak,9,3.232687,20.790255,2021-09-24 20:31:41.953125000,211,211
51109,No outbreak,9,-0.05560492,31.326344,2022-08-11 13:46:26.132812504,1620,1620
51111,No outbreak,9,-0.29795218,32.28732,2022-09-09 19:49:25.429687495,1805,1805
51113,No outbreak,9,-2.7182934,43.660156,2023-08-22 00:21:47.812500000,3133,3133
51115,No outbreak,9,-2.6252284,43.156494,2023-08-06 16:24:33.046875000,3118,3118
51117,No outbreak,9,-0.9048996,34.8254,2022-11-26 02:02:41.718750000,2311,2311
51119,No outbreak,9,-1.2525424,36.368034,2023-01-12 01:01:52.500000000,2578,2578
51121,No outbreak,9,-0.41733348,32.771484,2022-09-24 13:32:11.835937495,1909,1909
51125,No outbreak,9,-1.398792,37.03725,2023-02-01 09:56:04.453125000,2686,2686
51127,No outbreak,9,-1.1810946,36.045513,2023-01-02 05:24:40.078125000,2528,2528
51131,No outbreak,9,-1.1517336,35.9138,2022-12-29 05:11:07.968750000,2505,2505
51133,No outbreak,9,-0.94902855,35.017536,2022-12-01 22:24:43.593750000,2349,2349
51135,No outbreak,9,-0.49131635,33.07516,2022-10-03 19:23:24.492187495,1968,1968
51137,No outbreak,9,0.1443198,30.55515,2022-07-19 02:22:12.421875000,1460,1460
51139,No outbreak,9,-0.5414016,33.28235,2022-10-10 02:45:08.789062504,2011,2011
51141,No outbreak,9,-1.0717677,35.55752,2022-12-18 08:54:11.953125000,2438,2438
51143,No outbreak,9,-0.028642282,31.221214,2022-08-08 08:58:14.531250000,1601,1601
51145,No outbreak,9,-2.0621333,40.230595,2023-05-09 14:51:44.296875000,2992,2992
51147,No outbreak,9,0.102396816,30.715275,2022-07-23 23:21:03.867187495,1490,1490
51149,No outbreak,9,-0.96950585,35.10705,2022-12-04 15:48:30.937500000,2366,2366
51153,No outbreak,9,2.6986487,22.221645,2021-11-07 10:14:42.421875000,319,319
51155,No outbreak,9,-1.6155927,38.05203,2023-03-04 07:17:31.171875000,2798,2798
51157,No outbreak,9,-3.919666,50.714897,2024-03-23 18:16:31.406250000,3208,3208
51159,No outbreak,9,-2.5617213,42.81613,2023-07-27 07:45:17.578125000,3105,3105
51161,No outbreak,9,-0.66900533,33.816082,2022-10-26 08:40:39.843750000,2131,2131
51163,No outbreak,9,-1.6581814,38.254612,2023-03-10 11:17:27.656250000,2830,2830
51165,No outbreak,9,0.47079623,29.336401,2022-06-12 00:00:05.273437495,1205,1205
51167,No outbreak,9,-0.83436114,34.52047,2022-11-16 19:16:27.890625000,2258,2258
51169,No outbreak,9,-2.004585,39.942978,2023-04-30 20:44:31.875000000,2978,2978
51171,No outbreak,9,-2.3050666,41.46775,2023-06-16 06:40:46.875000000,3056,3056
51173,No outbreak,9,0.005099386,31.090145,2022-08-04 09:13:00.468750000,1572,1572
51175,No outbreak,9,0.15375209,30.519241,2022-07-18 00:08:15.703125000,1451,1451
51177,No outbreak,9,0.23254311,30.220903,2022-07-08 22:11:00.937500000,1384,1384
51179,No outbreak,9,0.9458233,27.6494,2022-04-21 15:32:46.992187495,907,907
51181,No outbreak,9,-1.3466027,36.797035,2023-01-25 02:26:36.093750000,2656,2656
51183,No outbreak,9,-0.5793656,33.440254,2022-10-14 22:06:42.539062504,2050,2050
51185,No outbreak,9,-0.5498328,33.317352,2022-10-11 04:19:32.460937495,2023,2023
51187,No outbreak,9,0.2338472,30.21599,2022-07-08 18:35:41.015625000,1381,1381
51191,No outbreak,9,-0.7829702,34.3,2022-11-10 02:12:32.343750000,2222,2222
51193,No outbreak,9,-0.89242756,34.77129,2022-11-24 10:30:52.734375000,2301,2301
51195,No outbreak,9,-0.3735687,32.59315,2022-09-19 03:15:12.304687495,1873,1873
51197,No outbreak,9,0.41300178,29.548552,2022-06-18 10:59:26.601562504,1251,1251
51199,No outbreak,9,-0.97972465,35.15181,2022-12-06 00:30:24.609375000,2373,2373
51510,No outbreak,9,2.4128819,23.027641,2021-12-01 23:04:27.187500000,370,370
51520,No outbreak,9,-2.4278448,42.107407,2023-07-05 17:59:17.812500000,3083,3083
51530,No outbreak,9,-2.369256,41.800945,2023-06-26 10:05:55.078125000,3070,3070
51540,No outbreak,9,-1.420774,37.138897,2023-02-04 12:11:36.093750000,2700,2700
51550,No outbreak,9,0.7789061,28.230839,2022-05-09 08:19:18.398437495,1010,1010
51570,No outbreak,9,-3.4489982,47.82451,2023-12-26 18:40:25.781250000,3186,3186
51580,No outbreak,9,-0.27067357,32.177696,2022-09-06 11:44:16.054687495,1784,1784
51590,No outbreak,9,1.5375526,25.682991,2022-02-20 18:58:00.468750000,639,639
51595,No outbreak,9,-0.62288797,33.622204,2022-10-20 11:02:15.351562504,2081,2081
51600,No outbreak,9,-2.0647473,40.243706,2023-05-10 00:26:32.578125000,2993,2993
51610,No outbreak,9,-1.7738167,38.810127,2023-03-27 09:07:33.515625000,2874,2874
51620,No outbreak,9,0.6252919,28.77673,2022-05-25 23:07:42.304687495,1095,1095
51630,No outbreak,9,-0.9730088,35.122387,2022-12-05 03:00:42.187500000,2369,2369
51640,No outbreak,9,-0.7586611,34.196198,2022-11-06 22:22:26.484375000,2195,2195
51650,No outbreak,9,0.34015578,29.818144,2022-06-26 15:56:36.093750000,1309,1309
51660,No outbreak,9,-3.7806559,49.843513,2024-02-26 05:40:39.843750000,3202,3202
51670,No outbreak,9,-0.6337451,33.667747,2022-10-21 20:18:30.937500000,2092,2092
51678,No outbreak,9,-0.29350936,32.26944,2022-09-09 06:45:42.187500000,1798,1798
51680,No outbreak,9,-0.9407766,34.981525,2022-11-30 20:06:12.656250000,2345,2345
51683,No outbreak,9,-1.6043487,37.99872,2023-03-02 16:20:41.015625000,2792,2792
51685,No outbreak,9,-3.998154,51.213615,2024-04-07 22:37:12.421875000,3210,3210
51690,No outbreak,9,0.43006662,29.485754,2022-06-16 13:06:47.812500000,1236,1236
51700,No outbreak,9,-0.52564585,33.217033,2022-10-08 03:02:11.835937495,1994,1994
51710,No outbreak,9,0.017900229,31.040565,2022-08-02 20:59:44.179687495,1567,1567
51720,No outbreak,9,-2.4166057,42.048447,2023-07-03 22:54:47.109375000,3081,3081
51730,No outbreak,9,-1.3866148,36.981064,2023-01-30 16:53:12.187500000,2678,2678
51735,No outbreak,9,-0.22733928,32.004314,2022-09-01 05:04:21.914062504,1744,1744
51740,No outbreak,9,1.3020366,26.448315,2022-03-16 02:04:53.554687495,735,735
51750,No outbreak,9,-2.0420992,40.13023,2023-05-06 13:32:27.656250000,2986,2986
51760,No outbreak,9,1.9113555,24.513504,2022-01-16 04:35:11.132812504,507,507
51770,No outbreak,9,0.33922064,29.821619,2022-06-26 18:28:54.960937495,1310,1310
51775,No outbreak,9,0.7972071,28.166494,2022-05-07 09:18:53.789062504,997,997
51790,No outbreak,9,-0.40146676,32.70672,2022-09-22 14:13:14.531250000,1899,1899
51800,No outbreak,9,-0.23834753,32.04827,2022-09-02 13:11:06.210937495,1752,1752
51810,No outbreak,9,1.1020358,27.11611,2022-04-05 09:56:46.640625000,824,824
51820,No outbreak,9,-2.5926661,42.98164,2023-08-01 08:39:57.656250000,3114,3114
51830,No outbreak,9,-2.9000516,44.66084,2023-09-21 11:25:22.265625000,3152,3152
51840,No outbreak,9,-1.7044046,38.47571,2023-03-17 04:48:59.062500000,2848,2848
53001,No outbreak,9,-0.5717648,33.40858,2022-10-13 22:58:23.320312504,2041,2041
53003,No outbreak,9,0.862888,27.936785,2022-04-30 09:29:52.968750000,960,960
53005,No outbreak,9,1.2232445,26.70941,2022-03-24 00:49:34.218750000,770,770
53007,No outbreak,9,0.16819304,30.464344,2022-07-16 08:01:54.257812504,1438,1438
53009,No outbreak,9,0.24309444,30.181175,2022-07-07 17:09:33.046875000,1372,1372
53011,No outbreak,9,2.7595081,22.053667,2021-11-02 07:31:40.195312504,306,306
53013,No outbreak,9,-3.3940985,47.49828,2023-12-16 20:20:37.500000000,3185,3185
53015,No outbreak,9,0.6486356,28.693098,2022-05-23 10:01:47.226562504,1085,1085
53017,No outbreak,9,-1.7561283,38.724636,2023-03-24 18:40:15.234375000,2864,2864
53019,No outbreak,9,-1.4498888,37.273956,2023-02-08 14:51:44.296875000,2716,2716
53021,No outbreak,9,1.4229175,26.052698,2022-03-04 01:03:32.695312504,691,691
53023,No outbreak,9,-1.9955249,39.89788,2023-04-29 11:47:41.718750000,2974,2974
53025,No outbreak,9,0.9761225,27.545149,2022-04-18 11:23:05.156250000,887,887
53027,No outbreak,9,-0.39006504,32.660255,2022-09-21 04:16:38.437500000,1887,1887
53029,No outbreak,9,0.5734258,28.963417,2022-05-31 15:30:50.976562504,1114,1114
53031,No outbreak,9,-1.2704499,36.449318,2023-01-14 12:24:47.109375000,2594,2594
53033,Had outbreak,2,5.1808434,16.306986,2021-05-11 09:13:53.203125000,51,51
53035,No outbreak,9,1.5883842,25.520737,2022-02-15 20:25:48.632812504,622,622
53037,No outbreak,9,2.2358365,23.541594,2021-12-17 14:32:50.507812504,418,418
53039,No outbreak,9,-0.47749949,33.018234,2022-10-02 01:48:06.328125000,1958,1958
53041,No outbreak,9,0.8659654,27.926065,2022-04-30 01:40:01.171875000,958,958
53043,No outbreak,9,-0.5661399,33.38516,2022-10-13 05:51:44.296875000,2034,2034
53045,No outbreak,9,-0.39689732,32.688087,2022-09-22 00:36:33.750000000,1895,1895
53047,No outbreak,9,2.4962761,22.789457,2021-11-24 17:04:00.820312504,356,356
53049,No outbreak,9,0.14484224,30.553162,2022-07-19 00:55:06.445312504,1459,1459
53051,No outbreak,9,-2.0319686,40.079575,2023-05-05 00:31:59.531250000,2985,2985
53053,No outbreak,9,3.0292993,21.324192,2021-10-11 02:36:05.625000000,245,245
53055,No outbreak,9,-0.99614596,35.22385,2022-12-08 05:08:08.671875000,2384,2384
53057,No outbreak,9,1.6699886,25.262402,2022-02-07 23:41:58.945312504,595,595
53059,No outbreak,9,-2.071144,40.275814,2023-05-10 23:54:01.406250000,2995,2995
53061,Had outbreak,3,3.464345,20.198368,2021-09-06 20:07:10.664062504,170,170
53063,Had outbreak,8,3.4019895,20.35601,2021-09-11 15:17:13.593750000,182,182
53065,No outbreak,9,-1.3735269,36.92077,2023-01-28 20:50:09.375000000,2671,2671
53067,No outbreak,9,1.5622902,25.6039,2022-02-18 09:11:09.726562504,629,629
53069,No outbreak,9,-2.729791,43.722786,2023-08-23 22:07:08.906250000,3135,3135
53071,No outbreak,9,-1.9079204,39.464474,2023-04-16 07:09:57.656250000,2940,2940
53073,Had outbreak,6,4.4207034,17.928036,2021-06-29 17:30:22.851562504,87,87
53075,No outbreak,9,-3.3115425,47.011894,2023-12-02 01:00:38.671875000,3180,3180
53077,No outbreak,9,1.3978251,26.134329,2022-03-06 12:41:44.882812504,703,703
54001,No outbreak,9,-1.800844,38.941124,2023-03-31 08:49:37.734375000,2889,2889
54003,No outbreak,9,0.46662146,29.351677,2022-06-12 11:09:43.593750000,1208,1208
54005,No outbreak,9,-0.1498018,31.696415,2022-08-22 20:07:58.125000000,1685,1685
54007,No outbreak,9,0.53843135,29.090063,2022-06-04 12:02:11.835937495,1147,1147
54009,No outbreak,9,-1.0187278,35.323162,2022-12-11 05:41:22.031250000,2399,2399
54011,No outbreak,9,1.7290497,25.077063,2022-02-02 08:17:59.296875000,568,568
54013,No outbreak,9,-2.6382124,43.22641,2023-08-08 19:29:07.265625000,3121,3121
54015,No outbreak,9,-1.599536,37.975925,2023-03-01 23:41:32.578125000,2789,2789
54017,No outbreak,9,-1.3413434,36.77292,2023-01-24 08:49:27.187500000,2651,2651
54019,No outbreak,9,-1.5039312,37.525944,2023-02-16 06:57:18.281250000,2738,2738
54021,No outbreak,9,-1.0203402,35.33026,2022-12-11 10:52:30.000000000,2401,2401
54023,No outbreak,9,-1.7099636,38.502388,2023-03-18 00:18:16.875000000,2851,2851
54025,No outbreak,9,-0.47031906,32.98869,2022-10-01 04:13:02.226562504,1949,1949
54027,No outbreak,9,-1.2248218,36.24256,2023-01-08 05:22:01.875000000,2557,2557
54029,No outbreak,9,-0.48690176,33.056965,2022-10-03 06:05:48.046875000,1963,1963
54031,No outbreak,9,-0.023660704,31.201828,2022-08-07 18:48:30.937500000,1594,1594
54033,No outbreak,9,0.5081498,29.200098,2022-06-07 20:25:27.539062504,1171,1171
54035,No outbreak,9,-0.83728683,34.533066,2022-11-17 04:28:35.625000000,2261,2261
54037,No outbreak,9,-1.2506809,36.359596,2023-01-11 18:52:01.875000000,2577,2577
54039,No outbreak,9,1.2715402,26.549068,2022-03-19 03:41:18.515625000,745,745
54041,No outbreak,9,-0.83330643,34.51593,2022-11-16 15:57:28.828125000,2256,2256
54043,No outbreak,9,0.5015132,29.224268,2022-06-08 14:04:53.554687495,1181,1181
54045,No outbreak,9,0.94610995,27.648415,2022-04-21 14:49:32.460937495,906,906
54047,No outbreak,9,-1.5685196,37.829357,2023-02-25 12:36:54.843750000,2767,2767
54049,No outbreak,9,1.1184814,27.060566,2022-04-03 17:22:01.875000000,819,819
54051,No outbreak,9,-0.8140998,34.433376,2022-11-14 03:38:50.859375000,2240,2240
54053,No outbreak,9,0.34848845,29.787182,2022-06-25 17:19:23.671875000,1303,1303
54055,No outbreak,9,0.68409884,28.566515,2022-05-19 13:33:15.117187495,1069,1069
54057,No outbreak,9,-1.066535,35.534332,2022-12-17 15:57:39.375000000,2434,2434
54059,No outbreak,9,-1.175305,36.0195,2023-01-01 10:24:22.500000000,2520,2520
54061,No outbreak,9,0.7667787,28.273552,2022-05-10 15:31:33.164062504,1020,1020
54063,No outbreak,9,-0.99320966,35.21096,2022-12-07 19:43:11.015625000,2381,2381
54065,No outbreak,9,-1.6883993,38.399006,2023-03-14 20:46:38.437500000,2843,2843
54067,No outbreak,9,-1.0572426,35.493183,2022-12-16 09:53:57.890625000,2430,2430
54069,No outbreak,9,-0.16078499,31.73985,2022-08-24 03:51:51.328125000,1694,1694
54071,No outbreak,9,-1.3340836,36.73965,2023-01-23 08:31:10.312500000,2643,2643
54073,No outbreak,9,1.2729663,26.544348,2022-03-19 00:14:19.570312504,744,744
54075,No outbreak,9,-1.2959604,36.565437,2023-01-18 01:14:42.421875000,2615,2615
54077,No outbreak,9,1.1161095,27.06857,2022-04-03 23:12:53.437500000,820,820
54079,No outbreak,9,2.1341605,23.841923,2021-12-26 17:57:21.796875000,445,445
54081,No outbreak,9,-0.756141,34.185455,2022-11-06 14:31:31.406250000,2194,2194
54083,No outbreak,9,-0.82510215,34.480648,2022-11-15 14:10:57.421875000,2250,2250
54085,No outbreak,9,-0.27231455,32.18428,2022-09-06 16:32:54.023437495,1785,1785
54087,No outbreak,9,-0.4302482,32.82429,2022-09-26 04:06:53.085937495,1920,1920
54089,No outbreak,9,-1.9513285,39.678635,2023-04-22 19:37:22.968750000,2957,2957
54091,No outbreak,9,-0.78244287,34.297745,2022-11-10 00:33:34.453125000,2221,2221
54093,No outbreak,9,-1.2756598,36.473003,2023-01-15 05:43:07.500000000,2598,2598
54095,No outbreak,9,-1.100153,35.683582,2022-12-22 04:59:52.968750000,2459,2459
54097,No outbreak,9,-0.5922518,33.494026,2022-10-16 13:23:45.585937495,2059,2059
54099,No outbreak,9,-0.11655846,31.565315,2022-08-18 20:21:24.960937495,1659,1658
54101,No outbreak,9,-1.450007,37.274506,2023-02-08 15:15:49.218750000,2717,2717
54103,No outbreak,9,-0.9129071,34.860188,2022-11-27 03:27:35.859375000,2318,2318
54105,No outbreak,9,0.100831136,30.721273,2022-07-24 03:44:01.992187495,1493,1493
54107,No outbreak,9,0.8253567,28.067816,2022-05-04 09:13:26.835937495,982,982
54109,No outbreak,9,-0.82350075,34.473763,2022-11-15 09:09:08.437500000,2249,2249
55001,No outbreak,9,-0.07350063,31.396317,2022-08-13 16:53:38.554687495,1635,1635
55003,No outbreak,9,-0.67644334,33.847454,2022-10-27 07:35:48.046875000,2142,2142
55005,No outbreak,9,-0.28404474,32.231384,2022-09-08 02:57:37.617187495,1793,1793
55007,No outbreak,9,0.12776168,30.618296,2022-07-21 00:30:08.789062504,1471,1471
55009,No outbreak,9,1.0226171,27.385937,2022-04-13 15:04:13.125000000,857,857
55011,No outbreak,9,-1.2464428,36.340385,2023-01-11 04:49:51.796875000,2576,2576
55013,No outbreak,9,0.2341932,30.214687,2022-07-08 17:38:33.281250000,1380,1380
55015,No outbreak,9,-1.0983019,35.675346,2022-12-21 22:58:49.687500000,2456,2456
55017,No outbreak,9,1.3434552,26.312086,2022-03-11 22:33:30.937500000,724,724
55019,No outbreak,9,2.392451,23.086374,2021-12-03 17:58:56.718750000,375,375
55021,No outbreak,9,-0.013264313,31.16141,2022-08-06 13:16:48.984375000,1586,1586
55023,No outbreak,9,0.1713539,30.45234,2022-07-15 23:15:42.187500000,1435,1435
55025,No outbreak,9,3.469986,20.184168,2021-09-06 09:44:44.179687495,169,169
55027,No outbreak,9,0.0518097,30.90961,2022-07-29 21:19:30.703125000,1536,1536
55029,No outbreak,9,0.18852642,30.387209,2022-07-13 23:40:45.117187495,1422,1422
55031,No outbreak,9,1.6179283,25.426903,2022-02-12 23:52:42.304687495,616,616
55033,No outbreak,9,0.94270486,27.660154,2022-04-21 23:24:08.437500000,911,911
55035,No outbreak,9,1.2556804,26.601616,2022-03-20 18:04:34.218750000,751,751
55037,No outbreak,9,-1.414303,37.108944,2023-02-03 14:18:41.484375000,2696,2696
55039,No outbreak,9,-0.9151451,34.869915,2022-11-27 10:33:52.031250000,2321,2321
55041,No outbreak,9,0.42505968,29.504166,2022-06-17 02:33:48.515625000,1239,1239
55043,No outbreak,9,1.0236509,27.382406,2022-04-13 12:29:26.601562504,856,856
55045,No outbreak,9,-1.7550509,38.71943,2023-03-24 14:51:54.843750000,2863,2863
55047,No outbreak,9,-1.050811,35.464737,2022-12-15 13:07:08.906250000,2426,2426
55049,No outbreak,9,-1.1068102,35.71321,2022-12-23 02:38:33.281250000,2465,2465
55051,No outbreak,9,-1.7422056,38.65747,2023-03-22 17:36:05.625000000,2861,2861
55053,No outbreak,9,0.345163,29.799534,2022-06-26 02:20:53.320312504,1305,1305
55055,No outbreak,9,-0.6625726,33.78897,2022-10-25 12:52:12.421875000,2123,2123
55057,No outbreak,9,0.41102457,29.555838,2022-06-18 16:18:45.000000000,1254,1254
55059,No outbreak,9,0.21454468,30.288795,2022-07-10 23:46:59.531250000,1396,1396
55061,No outbreak,9,-2.4305522,42.12162,2023-07-06 04:22:15.937500000,3085,3085
55063,No outbreak,9,1.0765014,27.202574,2022-04-08 01:06:47.812500000,830,830
55065,No outbreak,9,-0.5037242,33.12637,2022-10-05 08:48:02.812500000,1976,1976
55067,No outbreak,9,-0.9406813,34.981113,2022-11-30 19:48:06.328125000,2344,2344
55069,No outbreak,9,0.41689005,29.534233,2022-06-18 00:31:48.984375000,1247,1247
55071,No outbreak,9,-2.1714487,40.782654,2023-05-26 10:10:29.296875000,3017,3017
55073,No outbreak,9,-0.11959547,31.577269,2022-08-19 05:05:25.195312504,1664,1664
55075,No outbreak,9,0.024512254,31.01499,2022-08-02 02:18:41.484375000,1560,1560
55077,No outbreak,9,-0.028387308,31.220219,2022-08-08 08:14:33.632812504,1600,1600
55078,No outbreak,9,-0.6612511,33.7834,2022-10-25 08:48:02.812500000,2122,2122
55079,No outbreak,9,3.3032172,20.608238,2021-09-19 07:33:15.117187495,201,201
55081,No outbreak,9,0.94884026,27.639004,2022-04-21 07:57:04.218750000,903,903
55083,Had outbreak,7,2.7582521,22.057121,2021-11-02 10:03:01.054687495,307,307
55085,No outbreak,9,1.4522651,25.957548,2022-03-01 03:32:46.992187495,678,678
55087,No outbreak,9,1.362122,26.250925,2022-03-10 01:52:35.273437495,718,718
55089,No outbreak,9,0.26081133,30.114582,2022-07-05 16:30:31.640625000,1358,1358
55091,No outbreak,9,0.118713975,30.652855,2022-07-22 01:45:01.757812504,1477,1477
55093,No outbreak,9,-0.6415771,33.700638,2022-10-22 20:20:16.406250000,2103,2103
55095,No outbreak,9,0.98844564,27.502863,2022-04-17 04:29:28.359375000,879,879
55097,No outbreak,9,1.1780987,26.860172,2022-03-28 14:58:03.984375000,795,795
55099,No outbreak,9,-1.906134,39.455685,2023-04-16 00:44:38.906250000,2937,2937
55101,No outbreak,9,-0.20661566,31.92173,2022-08-29 16:44:24.843750000,1728,1728
55103,No outbreak,9,-1.3209541,36.679558,2023-01-21 12:37:05.390625000,2635,2635
55105,No outbreak,9,0.80134064,28.151983,2022-05-06 22:42:49.921875000,992,992
55107,No outbreak,9,0.11415368,30.670286,2022-07-22 14:29:03.750000000,1484,1484
55109,No outbreak,9,0.018614173,31.037804,2022-08-02 18:58:42.656250000,1566,1566
55111,No outbreak,9,0.047017217,30.928087,2022-07-30 10:49:25.429687495,1539,1539
55113,No outbreak,9,1.0757135,27.205242,2022-04-08 03:03:41.484375000,831,831
55115,No outbreak,9,-0.06983412,31.381968,2022-08-13 06:24:36.562500000,1634,1634
55117,No outbreak,9,-0.46010187,32.946697,2022-09-29 21:32:20.625000000,1941,1941
55119,No outbreak,9,-0.14609638,31.681774,2022-08-22 09:26:16.757812504,1683,1683
55121,No outbreak,9,-1.3059784,36.611137,2023-01-19 10:37:54.609375000,2621,2621
55123,No outbreak,9,0.96946216,27.568031,2022-04-19 04:06:05.625000000,891,891
55125,No outbreak,9,0.52642924,29.133625,2022-06-05 19:51:42.539062504,1159,1159
55127,No outbreak,9,-0.3071556,32.32439,2022-09-10 22:54:26.015625000,1813,1813
55129,No outbreak,9,0.1332122,30.597496,2022-07-20 09:18:27.421875000,1465,1465
55131,No outbreak,9,-0.4611596,32.95104,2022-09-30 00:42:37.617187495,1943,1943
55133,No outbreak,9,0.92098975,27.73514,2022-04-24 06:11:04.453125000,925,925
55135,No outbreak,9,0.53726554,29.094288,2022-06-04 15:07:22.968750000,1151,1151
55137,No outbreak,9,-0.034984842,31.24591,2022-08-09 03:00:47.460937495,1607,1607
55139,No outbreak,9,0.9691309,27.569172,2022-04-19 04:56:06.210937495,892,892
55141,No outbreak,9,-0.34397072,32.4731,2022-09-15 11:32:50.507812504,1847,1847
56001,No outbreak,9,-1.5509039,37.74636,2023-02-22 23:58:56.718750000,2756,2756
56003,No outbreak,9,-0.67814946,33.854652,2022-10-27 12:51:19.687500000,2145,2145
56005,No outbreak,9,3.3046045,20.60467,2021-09-19 04:56:53.671875000,200,200
56007,Had outbreak,7,-0.27490348,32.194668,2022-09-07 00:08:10.429687495,1788,1788
56009,No outbreak,9,-0.22555266,31.997185,2022-08-31 23:51:49.570312504,1741,1741
56011,No outbreak,9,2.142791,23.816284,2021-12-25 23:13:30.351562504,443,443
56013,No outbreak,9,1.965468,24.348677,2022-01-11 04:10:08.203125000,487,487
56015,No outbreak,9,-1.2590332,36.397476,2023-01-12 22:32:27.656250000,2583,2583
56017,No outbreak,9,-1.4236923,37.15241,2023-02-04 22:03:48.515625000,2703,2703
56019,No outbreak,9,0.9250219,27.7212,2022-04-23 20:00:03.515625000,923,923
56021,No outbreak,9,2.2121847,23.611115,2021-12-19 17:20:11.132812504,424,424
56023,No outbreak,9,-0.64421964,33.711742,2022-10-23 04:27:00.703125000,2104,2104
56025,Had outbreak,7,4.9882636,16.703259,2021-05-23 10:43:58.476562504,59,59
56027,Had outbreak,7,4.789175,17.123053,2021-06-05 05:25:01.171875000,67,67
56029,No outbreak,9,1.4825095,25.859852,2022-02-26 04:10:24.023437495,662,662
56031,No outbreak,9,4.4683976,17.821747,2021-06-26 11:51:17.929687495,80,80
56033,No outbreak,9,1.1942892,26.80601,2022-03-26 23:23:52.617187495,782,782
56035,No outbreak,9,-1.1668179,35.981403,2022-12-31 06:34:27.187500000,2513,2513
56037,No outbreak,9,1.8991836,24.550735,2022-01-17 07:47:08.320312504,512,512
56039,No outbreak,9,0.058149844,30.885191,2022-07-29 03:29:05.507812504,1531,1531
56041,No outbreak,9,-2.6562874,43.323933,2023-08-11 18:43:56.718750000,3124,3124
56043,No outbreak,9,1.8193066,24.796455,2022-01-24 19:17:57.539062504,542,542
56045,No outbreak,9,-2.015088,39.99531,2023-05-02 10:58:28.593750000,2983,2983
72001,No outbreak,9,-1.5428388,37.708427,2023-02-21 20:16:13.828125000,2751,2751
72003,No outbreak,9,-0.39792466,32.692276,2022-09-22 03:40:09.960937495,1896,1896
72005,No outbreak,9,-0.6076665,33.558456,2022-10-18 12:27:56.953125000,2068,2068
72007,No outbreak,9,-0.58300436,33.45543,2022-10-15 09:11:57.187500000,2054,2054
72009,No outbreak,9,1.1572874,26.929958,2022-03-30 17:57:00.703125000,806,806
72011,No outbreak,9,-0.08019298,31.422525,2022-08-14 12:02:27.656250000,1639,1639
72013,No outbreak,9,0.06291747,30.866837,2022-07-28 14:04:37.734375000,1527,1527
72015,No outbreak,9,-0.028972268,31.222496,2022-08-08 09:54:24.257812504,1602,1602
72017,No outbreak,9,-0.54283553,33.2883,2022-10-10 07:06:00.351562504,2015,2015
72019,No outbreak,9,-1.390677,36.999798,2023-01-31 06:34:27.187500000,2682,2682
72021,No outbreak,9,-0.061184168,31.348143,2022-08-12 05:41:58.945312504,1625,1625
72023,No outbreak,9,-0.06443894,31.360865,2022-08-12 14:59:38.906250000,1627,1627
72025,No outbreak,9,-0.42347905,32.796604,2022-09-25 07:53:17.460937495,1916,1916
72027,No outbreak,9,-0.039989084,31.265411,2022-08-09 17:15:31.640625000,1609,1609
72029,No outbreak,9,1.0085621,27.433971,2022-04-15 02:09:43.593750000,866,866
72031,No outbreak,9,0.12724057,30.620285,2022-07-21 01:57:20.039062504,1472,1472
72033,No outbreak,9,0.39450413,29.616777,2022-06-20 12:50:00.585937495,1264,1264
72035,No outbreak,9,-0.9962151,35.22415,2022-12-08 05:21:19.687500000,2385,2385
72037,No outbreak,9,-0.9253431,34.91428,2022-11-28 18:58:32.109375000,2331,2331
72039,No outbreak,9,-1.8095756,38.98354,2023-04-01 15:48:52.031250000,2893,2893
72041,No outbreak,9,-0.9141586,34.865627,2022-11-27 07:25:57.421875000,2319,2319
72043,No outbreak,9,0.7391659,28.37106,2022-05-13 14:45:40.429687495,1033,1033
72045,No outbreak,9,-1.0011276,35.245735,2022-12-08 21:07:33.515625000,2389,2389
72047,No outbreak,9,-0.81167895,34.422985,2022-11-13 20:03:23.906250000,2238,2238
72049,No outbreak,9,-1.8346589,39.105644,2023-04-05 09:01:13.828125000,2905,2905
72051,No outbreak,9,0.027673632,31.002766,2022-08-01 17:22:49.335937495,1554,1554
72053,No outbreak,9,-0.70700157,33.976654,2022-10-31 05:59:07.265625000,2162,2162
72054,No outbreak,9,0.977697,27.539743,2022-04-18 07:26:07.968750000,886,886
72055,No outbreak,9,-2.783931,44.018917,2023-09-01 22:27:42.890625000,3140,3140
72057,No outbreak,9,0.09009063,30.76244,2022-07-25 09:48:30.937500000,1507,1507
72059,No outbreak,9,-1.6482061,38.20707,2023-03-09 00:33:23.906250000,2823,2823
72061,No outbreak,9,0.4399689,29.449373,2022-06-15 10:32:06.562500000,1228,1228
72063,No outbreak,9,0.5555992,29.027864,2022-06-02 14:35:49.804687495,1132,1132
72065,No outbreak,9,0.035891116,30.97102,2022-07-31 18:11:20.273437495,1546,1546
72067,No outbreak,9,-0.98454714,35.172947,2022-12-06 15:56:57.187500000,2375,2375
72069,No outbreak,9,-0.3459291,32.481026,2022-09-15 17:20:16.406250000,1849,1849
72071,No outbreak,9,-0.27752495,32.205193,2022-09-07 07:49:30.703125000,1789,1789
72073,No outbreak,9,-1.6948858,38.430073,2023-03-15 19:28:25.078125000,2846,2846
72075,No outbreak,9,-0.47305003,32.999924,2022-10-01 12:25:29.296875000,1951,1951
72077,No outbreak,9,-0.023034483,31.19939,2022-08-07 17:01:38.437500000,1593,1593
72079,No outbreak,9,-1.6008174,37.981995,2023-03-02 04:07:40.546875000,2791,2791
72081,No outbreak,9,-0.33981454,32.45628,2022-09-14 23:15:36.914062504,1843,1843
72083,No outbreak,9,-1.0740336,35.567566,2022-12-18 16:14:31.875000000,2441,2441
72085,No outbreak,9,0.019919693,31.032753,2022-08-02 15:17:18.867187495,1564,1564
72087,No outbreak,9,-1.1068047,35.71319,2022-12-23 02:37:40.546875000,2464,2464
72089,No outbreak,9,-0.6630517,33.79099,2022-10-25 14:20:48.046875000,2125,2125
72091,No outbreak,9,-0.55932677,33.35681,2022-10-12 09:09:08.437500000,2027,2027
72093,No outbreak,9,-0.89979213,34.803234,2022-11-25 09:51:09.140625000,2308,2308
72095,No outbreak,9,-1.623753,38.09076,2023-03-05 11:35:12.890625000,2804,2804
72097,No outbreak,9,-1.116574,35.756714,2022-12-24 10:25:36.328125000,2471,2471
72099,No outbreak,9,-0.65806055,33.769966,2022-10-24 22:59:10.781250000,2116,2116
72101,No outbreak,9,-0.6309045,33.655823,2022-10-21 11:35:55.078125000,2089,2089
72103,No outbreak,9,-0.18280917,31.827124,2022-08-26 19:37:28.242187495,1712,1712
72105,No outbreak,9,-0.14154664,31.663807,2022-08-21 20:18:41.484375000,1680,1680
72107,No outbreak,9,-1.6802315,38.35993,2023-03-13 16:13:49.687500000,2838,2838
72109,No outbreak,9,-1.4471333,37.26115,2023-02-08 05:30:28.125000000,2712,2712
72111,No outbreak,9,-0.12162691,31.585268,2022-08-19 10:56:00.937500000,1667,1667
72113,No outbreak,9,-0.24769264,32.085632,2022-09-03 16:28:46.171875000,1759,1759
72115,No outbreak,9,-0.41944945,32.78013,2022-09-24 19:51:05.625000000,1911,1911
72117,No outbreak,9,-1.3293004,36.717747,2023-01-22 16:31:03.281250000,2639,2639
72119,No outbreak,9,0.2316407,30.224302,2022-07-09 00:39:59.414062504,1385,1385
72121,No outbreak,9,-2.1725855,40.788433,2023-05-26 14:23:57.890625000,3018,3018
72123,No outbreak,9,1.2241201,26.706495,2022-03-23 22:41:51.914062504,768,768
72125,No outbreak,9,-1.293765,36.55543,2023-01-17 17:56:07.968750000,2613,2613
72127,No outbreak,9,0.23094931,30.22691,2022-07-09 02:34:14.882812504,1386,1386
72129,No outbreak,9,0.2217145,30.261734,2022-07-10 04:00:43.945312504,1392,1392
72131,No outbreak,9,-1.148016,35.89716,2022-12-28 17:01:48.984375000,2500,2500
72133,No outbreak,9,1.2522919,26.612858,2022-03-21 02:17:22.382812504,754,754
72135,No outbreak,9,1.8641376,24.658243,2022-01-20 14:19:34.218750000,528,528
72137,No outbreak,9,-0.4260286,32.80703,2022-09-25 15:30:14.062500000,1918,1918
72139,No outbreak,9,-0.2477023,32.08567,2022-09-03 16:30:26.367187495,1760,1760
72141,No outbreak,9,-1.6467785,38.200264,2023-03-08 19:35:05.859375000,2822,2822
72143,No outbreak,9,0.5478188,29.056036,2022-06-03 11:10:41.601562504,1139,1139
72145,No outbreak,9,0.10034189,30.723146,2022-07-24 05:06:07.382812504,1494,1494
72147,No outbreak,9,-1.9057498,39.453796,2023-04-15 23:22:01.875000000,2936,2936
72149,No outbreak,9,-1.2424273,36.3222,2023-01-10 15:32:52.265625000,2572,2572
72151,No outbreak,9,-0.32433468,32.393696,2022-09-13 01:32:22.382812504,1830,1830
72153,No outbreak,9,-1.9285967,39.56634,2023-04-19 09:35:09.375000000,2951,2951
