variable,coef,pvalue,abs_coef
DP04_0091PE,-2014.9668056217624,0.9999903505082203,2014.9668056217624
DP04_0092PE,-2014.951180786473,0.9999903502123575,2014.951180786473
DP04_0002PE,-2003.818376985423,0.9999936802096343,2003.818376985423
DP04_0003PE,-2003.5271003978698,0.9999936810915875,2003.5271003978698
DP05_0093PE,-1410.685130777432,0.9999834191813982,1410.685130777432
DP05_0094PE,-1403.7901805066228,0.9999835010057038,1403.7901805066228
DP02_0114PE,835.9593820254931,0.9999873055185702,835.9593820254931
DP05_0076PE,828.7444592937237,0.9999874104153424,828.7444592937237
DP02_0081PE,826.3168465717772,0.9999874784825239,826.3168465717772
DP05_0002PE,824.2585321396938,0.9999874901495965,824.2585321396938
DP05_0035PE,817.5681039436894,0.9999875905745118,817.5681039436894
DP05_0061PE,817.5681039237043,0.999987590574512,817.5681039237043
DP05_0021PE,817.3884680334749,0.9999875878251193,817.3884680334749
DP05_0019PE,813.1898674096282,0.9999876498028466,813.1898674096282
DP05_0034PE,813.0102314538735,0.9999876483736642,813.0102314538735
DP05_0036PE,813.0102314343142,0.9999876483736643,813.0102314343142
DP05_0003PE,806.3198032065515,0.9999877498780936,806.3198032065515
DP02_0080PE,804.2614890844618,0.9999877691685766,804.2614890844618
DP05_0081PE,801.8338762210133,0.9999878336641969,801.8338762210133
DP02_0113PE,794.6189536525859,0.9999879371191457,794.6189536525859
DP02_0097PM,769.2371645132152,0.9999939556878525,769.2371645132152
DP02_0096PM,-768.7109989116939,0.9999939594957958,768.7109989116939
DP05_0030PE,-765.90192643245,0.9999853341847692,765.90192643245
DP05_0031PE,-764.949994669099,0.9999853507587306,764.949994669099
DP05_0027PE,483.92397810883267,0.9999943733982398,483.92397810883267
DP05_0026PE,467.1982973363648,0.9999945727900253,467.1982973363648
DP03_0108PE,397.07857899848045,0.9999933595397877,397.07857899848045
DP03_0105PE,396.20671639657735,0.9999933740993111,396.20671639657735
DP02_0016M,372.8791730216106,0.9999876266653942,372.8791730216106
DP05_0043PE,265.42363224619197,0.9999852153259715,265.42363224619197
DP04_0048M,-255.19559878258622,0.9999827093430415,255.19559878258622
DP03_0002PE,-247.01668636257364,0.999996312929021,247.01668636257364
DP04_0046PE,203.60136971953025,0.9999973177819453,203.60136971953025
DP04_0047PE,203.4795393511045,0.9999973196730376,203.4795393511045
DP03_0007PE,-183.63166264452104,0.9999972615994157,183.63166264452104
DP02_0096PE,-152.2628132940138,0.9999949521432359,152.2628132940138
DP02_0097PE,-152.1118961363329,0.9999949572157939,152.1118961363329
DP05_0045PM,150.77597252356378,0.9999935225127045,150.77597252356378
DP03_0096PE,-147.3674726664808,0.9999981499451814,147.3674726664808
DP03_0099PE,-139.93015814186919,0.9999982434822706,139.93015814186919
DP05_0055PM,117.96674799581567,0.9999844904655575,117.96674799581567
DP02_0103PM,-116.49533948532917,0.9999984920482309,116.49533948532917
DP03_0113PM,116.0901579987584,0.9999869301503487,116.0901579987584
DP03_0110PM,-115.9750740826195,0.999986949671968,115.9750740826195
DP02_0104PM,115.94030806071942,0.9999984991391594,115.94030806071942
DP02_0016E,-99.3028431615455,0.9999932441069944,99.3028431615455
DP03_0012PM,95.152889727686,0.9999843547637063,95.152889727686
DP05_0043PM,94.40458913159684,0.9999960381141332,94.40458913159684
DP02_0104PE,-86.4079081160204,0.9999966781160732,86.4079081160204
DP02_0103PE,-86.19751857959645,0.999996685748129,86.19751857959645
DP05_0059PM,-86.06072248654597,0.999979879219363,86.06072248654597
DP03_0011PM,-85.95494744042857,0.9999857493694294,85.95494744042857
DP03_0118PE,-84.69975308167659,0.9999986622816118,84.69975308167659
DP04_0037M,82.86040155616371,0.9999758924378509,82.86040155616371
DP03_0115PE,-82.43756706674924,0.9999986978151364,82.43756706674924
DP02_0017E,80.84633806311174,0.9999894183465226,80.84633806311174
DP05_0055PE,-78.97905428198324,0.9999903267195882,78.97905428198324
DP05_0057PM,-76.8184426072445,0.9999815022305373,76.8184426072445
DP05_0038PM,-70.07758759136567,0.9999734322776928,70.07758759136567
DP04_0060PE,-69.71741031466695,0.9999784783218442,69.71741031466695
DP03_0003PE,69.32357568048482,0.999985761129728,69.32357568048482
DP04_0061PE,-69.06573608800308,0.999978671297236,69.06573608800308
DP05_0045PE,-69.03938632221141,0.9999957486019434,69.03938632221141
DP05_0083PM,67.9480427162633,0.999973520493628,67.9480427162633
DP04_0058PE,-67.8824362893679,0.999979118621584,67.8824362893679
DP04_0059PE,-67.25306263335035,0.9999792741040959,67.25306263335035
DP03_0110PE,64.15730153535652,0.9999974101813222,64.15730153535652
DP03_0113PE,64.03063664946538,0.999997415128515,64.03063664946538
DP02_0121PE,-63.775773415034855,0.999980195994406,63.775773415034855
DP03_0006PE,57.00253845074741,0.9999876262598361,57.00253845074741
DP05_0057PE,56.49074803815431,0.9999922258655534,56.49074803815431
DP05_0052PE,55.57326943585774,0.999983158197344,55.57326943585774
DP02_0054PE,-54.14063784042313,0.9999807369888916,54.14063784042313
DP05_0086PE,53.09828908990719,0.999991811520534,53.09828908990719
DP02_0123PE,-52.38654767014923,0.9999825983458076,52.38654767014923
DP02_0057PE,-51.338629952334166,0.9999817445405137,51.338629952334166
DP02_0058PE,-50.91779783294913,0.9999819113355051,50.91779783294913
DP02_0056PE,-50.62231785109587,0.999982059895514,50.62231785109587
DP02_0117PE,-50.5030738943535,0.9999833329012113,50.5030738943535
DP02_0055PE,-49.41944279515418,0.9999824491363162,49.41944279515418
DP03_0056PE,49.29285642130495,0.9999735590255808,49.29285642130495
DP02_0032PE,-47.48935589229216,0.9999829489671261,47.48935589229216
DP05_0086PM,-47.16825235778336,0.9999925314591462,47.16825235778336
DP02_0118PE,-46.916113849872055,0.999983343328312,46.916113849872055
DP05_0066PM,-46.863915392826115,0.999973842243044,46.863915392826115
DP02_0115PE,46.51612838179293,0.9999845192335354,46.51612838179293
DP03_0005PM,46.48307245213038,0.9999864409272604,46.48307245213038
DP03_0055PE,46.21549263565305,0.9999749155693772,46.21549263565305
DP02_0036PE,-45.936074101425774,0.999983589734982,45.936074101425774
DP05_0085PM,45.87317249328984,0.9999904177536355,45.87317249328984
DP02_0033PE,-45.13636053897181,0.9999838841150758,45.13636053897181
DP05_0079PE,-45.004062697013644,0.9999842630109022,45.004062697013644
DP02_0035PE,-44.958377326307506,0.9999836587633948,44.958377326307506
DP03_0060PE,44.02250243707176,0.9999775540194484,44.02250243707176
DP05_0051PE,43.60043170546193,0.9999879026264502,43.60043170546193
DP02_0034PE,-43.508048076899215,0.9999846120293586,43.508048076899215
DP03_0059PE,43.44274855008746,0.9999767416275791,43.44274855008746
DP03_0054PE,43.0700190262414,0.9999773261746048,43.0700190262414
DP05_0077PE,-42.661988187042716,0.999984844194245,42.661988187042716
DP05_0088PM,-42.65718993464325,0.9999766131993899,42.65718993464325
DP03_0052PE,42.64609791331998,0.9999769475447581,42.64609791331998
DP05_0080PE,-42.32317209425352,0.999984982538863,42.32317209425352
DP02_0093PE,42.144052426863276,0.9999883816210876,42.144052426863276
DP02_0116PE,-41.902033387680866,0.999984963883773,41.902033387680866
DP03_0053PE,41.83651612219859,0.9999774223672441,41.83651612219859
DP05_0050PE,41.774221111727925,0.9999855440930484,41.774221111727925
DP02_0122PE,-40.748772670166396,0.9999853758492259,40.748772670166396
DP03_0057PE,40.721491300938304,0.9999782151018035,40.721491300938304
DP03_0058PE,40.5244369058931,0.9999778590574749,40.5244369058931
DP05_0078PE,-39.383036261689,0.9999859860449624,39.383036261689
DP05_0067PM,-38.03096520528875,0.9999794575939799,38.03096520528875
DP05_0048PE,36.98310627539777,0.9999875455921197,36.98310627539777
DP03_0128PM,36.460538856499895,0.9999787181312678,36.460538856499895
DP02_0094PE,35.91251428010051,0.9999996457505799,35.91251428010051
DP02_0086PE,-35.87066308382289,0.9999902202266628,35.87066308382289
DP05_0058PE,-35.51556983340875,0.9999955066767696,35.51556983340875
DP04_0048E,-35.10468484384658,0.9999935214184621,35.10468484384658
DP02_0090PM,35.02638905888024,0.9999821128632262,35.02638905888024
DP05_0054PE,34.734348519249735,0.9999879648503247,34.734348519249735
DP02_0082PM,-34.2607756498096,0.9999888684756277,34.2607756498096
DP02_0085PE,-34.18677304675893,0.9999906308703448,34.18677304675893
DP02_0021PE,33.572244167664664,0.9999874670826251,33.572244167664664
DP05_0024PE,-33.35902277524764,0.999990449325178,33.35902277524764
DP04_0127PE,32.57913442805633,0.9999867244101607,32.57913442805633
DP04_0132PE,32.40087284477649,0.9999870094821222,32.40087284477649
DP05_0040PM,32.332177198304095,0.9999870328999114,32.332177198304095
DP04_0119PE,32.29968256173109,0.9999849777598223,32.29968256173109
DP04_0128PE,32.16949522849157,0.9999869000528269,32.16949522849157
DP04_0131PE,32.033456579547206,0.9999869646732887,32.033456579547206
DP04_0129PE,31.900141430252972,0.9999870088398642,31.900141430252972
DP04_0130PE,31.897205357034117,0.9999870408895446,31.897205357034117
DP03_0024PE,-31.63823957759481,0.9999874459605388,31.63823957759481
DP04_0124PE,31.59840889139557,0.9999852988143458,31.59840889139557
DP05_0049PE,31.32660299146133,0.9999901508698859,31.32660299146133
DP02_0087PE,-31.11011102264139,0.9999917081103246,31.11011102264139
DP04_0099PE,-31.095800645653362,0.9999863762938573,31.095800645653362
DP04_0098PE,-31.019464254848387,0.9999863471416962,31.019464254848387
DP04_0133PE,30.9905294912271,0.9999874363775787,30.9905294912271
DP02_0084PE,30.717712260190225,0.9999929787764785,30.717712260190225
DP03_0061PE,30.623958262433774,0.9999847784596575,30.623958262433774
DP02_0119PE,-30.61907068509506,0.9999901332602541,30.61907068509506
DP03_0021PE,-30.42673720648955,0.9999881757055953,30.42673720648955
DP02_0065PE,30.341594379123237,0.9999918974348625,30.341594379123237
DP02_0092PE,30.33737947429881,0.9999914489019084,30.33737947429881
DP03_0019PE,-30.3215917168366,0.9999878993499027,30.3215917168366
DP02_0091PE,30.295893292261205,0.9999914566583393,30.295893292261205
DP04_0118PE,30.28841944637299,0.9999859469950666,30.28841944637299
DP04_0095PE,-30.25939435461921,0.9999867111469323,30.25939435461921
DP04_0122PE,29.9792466218144,0.999986424038637,29.9792466218144
DP03_0022PE,-29.951413441866777,0.9999880019906164,29.951413441866777
DP04_0094PE,-29.91517245229128,0.999986971056919,29.91517245229128
DP05_0053PE,29.778991251304397,0.9999905831950998,29.778991251304397
DP05_0053PM,-29.549113072041823,0.9999868390003624,29.549113072041823
DP05_0044PM,-29.4966166121098,0.999986996639726,29.4966166121098
DP03_0020PE,-29.297729343992838,0.9999882434189947,29.297729343992838
DP04_0096PE,-29.215335113189113,0.999987188342345,29.215335113189113
DP03_0023PE,-29.166110178155993,0.9999885618826249,29.166110178155993
DP04_0120PE,29.150538359350854,0.9999865360377108,29.150538359350854
DP02_0132PM,-29.102838302336195,0.9999747370984138,29.102838302336195
DP04_0100PE,-28.917513503490945,0.9999873813909669,28.917513503490945
DP03_0085PE,28.888905482110985,0.9999843809631512,28.888905482110985
DP02_0084PM,28.653737586416483,0.9999842025826235,28.653737586416483
DP05_0047PM,-28.51339198862064,0.9999937898701848,28.51339198862064
DP04_0123PE,28.13108851693441,0.9999870210163212,28.13108851693441
DP05_0016PM,28.06341146225304,0.9999836451004988,28.06341146225304
DP02_0024PE,27.878882202884036,0.9999885883930931,27.878882202884036
DP04_0097PE,-27.724731993313252,0.9999878643259995,27.724731993313252
DP04_0028PM,-27.66229031177622,0.9999869926175445,27.66229031177622
DP05_0083PE,-27.54507756328514,0.9999881164488388,27.54507756328514
DP05_0084PM,-26.84160395941079,0.9999851546441363,26.84160395941079
DP02_0019PE,26.658749524667357,0.9999892908258949,26.658749524667357
DP05_0024PM,26.547927967465725,0.9999873298163872,26.547927967465725
DP04_0121PE,26.222894693141377,0.9999877484215719,26.222894693141377
DP02_0120PE,-25.906986133580382,0.9999912654115415,25.906986133580382
DP05_0047PE,-25.85903765795213,0.9999936081141547,25.85903765795213
DP03_0004PM,25.740483080221082,0.9999854845560688,25.740483080221082
DP02_0067PE,-25.553771708653024,0.999993438040044,25.553771708653024
DP02_0021PM,-25.36917258427892,0.9999884460190452,25.36917258427892
DP04_0017PE,25.187057615480533,0.99998570664657,25.187057615480533
DP02_0023PE,25.17839358272232,0.9999895898524161,25.17839358272232
DP02_0070PM,-24.930848235158326,0.9999806423335253,24.930848235158326
DP02_0094PM,-24.82443463974004,0.9999738274872535,24.82443463974004
DP02_0089PM,-24.824434638676212,0.9999738274872556,24.824434638676212
DP02_0066PE,24.773688565250374,0.9999933808436173,24.773688565250374
DP02_0022PE,24.735536765991718,0.9999897071770255,24.735536765991718
DP02_0019PM,-24.58850328567877,0.9999883402956244,24.58850328567877
DP05_0078PM,-24.496665792577048,0.9999774594629295,24.496665792577048
DP05_0040PE,24.484537461781546,0.9999955356143095,24.484537461781546
DP05_0046PM,24.35216919570975,0.9999908619628897,24.35216919570975
DP05_0013PM,-24.122551460466866,0.9999851532750829,24.122551460466866
DP05_0016PE,24.024426014042884,0.9999923899436726,24.024426014042884
DP03_0034PE,23.8885770842013,0.9999858209646262,23.8885770842013
DP02_0101PE,-23.660514712884364,0.9999991863988407,23.660514712884364
DP04_0014PM,-23.650239455414322,0.9999728081267053,23.650239455414322
DP02_0100PE,-23.504920953405332,0.9999991917476225,23.504920953405332
DP03_0005PE,-23.484661993915324,0.9999941631807916,23.484661993915324
DP03_0040PE,23.434644619649422,0.9999858542433828,23.434644619649422
DP02_0028PE,23.300933985493394,0.9999912366567415,23.300933985493394
DP05_0017PE,23.29280548666717,0.9999927436004566,23.29280548666717
DP05_0020PM,23.14585270167781,0.9999899469734039,23.14585270167781
DP03_0042PE,22.985373174676102,0.9999861739671823,22.985373174676102
DP04_0024PE,22.897658525897356,0.9999864602329159,22.897658525897356
DP03_0043PE,22.83576278918914,0.9999863373765403,22.83576278918914
DP05_0066PE,-22.742792345039362,0.9999913259461947,22.742792345039362
gt_dma_koplik_spots,22.72119291752793,0.9999830785370545,22.72119291752793
DP04_0054PM,-22.629344350376634,0.9999685267003281,22.629344350376634
DP03_0035PE,22.393889840963194,0.9999866047826578,22.393889840963194
DP04_0021PE,22.385858814230854,0.9999867416495929,22.385858814230854
DP04_0018PE,22.046986185028622,0.9999869753877241,22.046986185028622
DP05_0023PM,-22.021600042728505,0.9999877044576767,22.021600042728505
DP03_0033PE,22.0108563707968,0.999986736267615,22.0108563707968
DP02_0138PM,-21.944756624106713,0.9999883522170466,21.944756624106713
DP02_0126PM,21.942949583363937,0.9999850841786949,21.942949583363937
DP03_0077PE,21.794621691887833,0.9999884809228273,21.794621691887833
DP03_0044PE,21.751510139803386,0.9999870512171553,21.751510139803386
DP04_0022PE,21.71674373015913,0.9999871305704388,21.71674373015913
DP03_0038PE,21.56420612578225,0.9999873395911404,21.56420612578225
DP03_0083PE,21.51959897640327,0.9999880058690903,21.51959897640327
DP02_0068PE,-21.45468625058653,0.9999947415946759,21.45468625058653
DP03_0037PE,21.434608471348366,0.9999871904750651,21.434608471348366
DP04_0023PE,21.406212827115244,0.9999873961511441,21.406212827115244
DP02_0091PM,21.27092714606369,0.9999815271983303,21.27092714606369
DP02_0072PM,-21.077857700585856,0.9999863727310604,21.077857700585856
DP05_0015PE,21.024575497685227,0.9999933512561268,21.024575497685227
DP05_0008PM,-20.920710484150582,0.9999867162103981,20.920710484150582
DP03_0036PE,20.87969234371435,0.9999876678940044,20.87969234371435
DP04_0026PE,20.689248140957282,0.9999877067474386,20.689248140957282
DP03_0039PE,20.656271627114442,0.9999881622192858,20.656271627114442
DP03_0041PE,20.582794825180777,0.999987513433311,20.582794825180777
DP04_0019PE,20.569930709530745,0.9999877630369498,20.569930709530745
DP03_0082PE,20.465948415205737,0.9999885360019373,20.465948415205737
DP03_0081PE,20.367803656582282,0.9999885958897665,20.367803656582282
DP03_0045PE,20.286504955246713,0.9999877571376804,20.286504955246713
DP05_0079PM,20.10027504896498,0.9999845135495857,20.10027504896498
DP02_0020PE,20.065674444941763,0.9999920801466883,20.065674444941763
DP02_0004PE,20.025642561893292,0.9999928675819584,20.025642561893292
DP04_0025PE,19.884323191558288,0.9999884020187979,19.884323191558288
DP03_0078PE,19.73987750981632,0.999989085251055,19.73987750981632
DP02_0090PE,19.685259677040936,0.9999950646033503,19.685259677040936
DP04_0020PE,19.677292455058346,0.9999883880935067,19.677292455058346
DP05_0038PE,19.606427237228843,0.9999930767401114,19.606427237228843
DP05_0006PM,19.289839638556792,0.9999887204136838,19.289839638556792
DP02_0119PM,-19.28231976013029,0.9999870482804678,19.28231976013029
DP03_0084PE,19.010671145938744,0.9999894409324612,19.010671145938744
DP02_0027PM,-18.867844894877198,0.9999751918442579,18.867844894877198
DP02_0064PM,18.83665112795795,0.9999811936988537,18.83665112795795
DP05_0007PM,-18.7135778771244,0.9999896096034062,18.7135778771244
DP02_0027PE,18.489813731757486,0.999993028810009,18.489813731757486
DP05_0056PE,-18.460720921324267,0.9999979308594427,18.460720921324267
DP03_0056PM,-18.397137925698853,0.9999808740016893,18.397137925698853
DP05_0005PE,18.394288560031068,0.9999906753906054,18.394288560031068
DP03_0136PM,-18.280437019646428,0.9999844895021833,18.280437019646428
DP02_0010PE,18.195733739048055,0.9999934484032366,18.195733739048055
DP05_0048PM,-18.179852786820742,0.9999895854471068,18.179852786820742
DP03_0080PE,17.907886854151947,0.999990053098011,17.907886854151947
DP02_0026PE,17.881652063376997,0.9999932574763718,17.881652063376997
DP04_0034PM,-17.782408918248382,0.999978893985057,17.782408918248382
DP05_0037PM,-17.769361760253588,0.9999849205049566,17.769361760253588
DP02_0082PE,-17.713090122141622,0.9999959576608304,17.713090122141622
DP02_0023PM,-17.632869257368505,0.9999804583368395,17.632869257368505
DP02_0002PE,17.403499680372537,0.9999937109818426,17.403499680372537
DP05_0042PE,17.385300019857098,0.999996937080013,17.385300019857098
DP03_0079PE,17.321594763062034,0.9999904870672692,17.321594763062034
DP02_0087PM,17.136975795091463,0.9999874349214521,17.136975795091463
DP02_0022PM,17.114048594337213,0.9999799549870109,17.114048594337213
DP03_0003PM,17.068490265817697,0.9999951119010745,17.068490265817697
DP05_0082PE,-16.938232977527573,0.999992704296561,16.938232977527573
DP02_0149PE,-16.474238021336866,0.999984306373035,16.474238021336866
DP05_0012PE,-16.471927199428787,0.9999911492637601,16.471927199428787
DP04_0039PM,16.409244883562096,0.9999920818892216,16.409244883562096
DP04_0071PE,16.233987413220984,0.9999924211297191,16.233987413220984
DP02_0122PM,16.202731832354807,0.9999867970417284,16.202731832354807
DP05_0049PM,-16.17192059082618,0.9999913285200978,16.17192059082618
DP02_0089PE,-15.812754200098908,0.9999998442272583,15.812754200098908
DP02_0015PM,-15.758213850001214,0.9999843930794858,15.758213850001214
DP02_0060PE,-15.742524232089089,0.9999954397158873,15.742524232089089
DP05_0073PM,-15.692006527785809,0.9999912128464048,15.692006527785809
DP02_0115PM,-15.684640813968686,0.9999904237384447,15.684640813968686
DP02_0030PE,15.666656306390308,0.9999940881095918,15.666656306390308
DP04_0069PE,15.6648522098224,0.9999931782619563,15.6648522098224
DP03_0007PM,-15.53810370084348,0.9999905292542234,15.53810370084348
DP03_0002PM,-15.5381036898326,0.9999905292542296,15.5381036898326
DP02_0125PM,15.370194616289238,0.9999742444573477,15.370194616289238
DP04_0026PM,15.327963003529197,0.9999774117271327,15.327963003529197
DP05_0088PE,-15.278250055490702,0.9999959867581112,15.278250055490702
DP03_0076PE,15.198557707085438,0.9999915400306382,15.198557707085438
DP04_0068PE,15.060596823958273,0.999993044292182,15.060596823958273
DP02_0020PM,15.013229996094232,0.9999917774091541,15.013229996094232
DP02_0029PE,15.013090166993766,0.9999944321544406,15.013090166993766
DP05_0058PM,-14.894167385302447,0.9999966872699262,14.894167385302447
DP05_0060PE,14.795342329480693,0.9999945759522114,14.795342329480693
DP05_0087PM,14.734796136679275,0.9999888865718,14.734796136679275
DP02_0061PE,-14.707837272191512,0.9999957451292631,14.707837272191512
DP04_0020PM,14.693422717981752,0.9999794963268914,14.693422717981752
DP03_0013PM,-14.59966443575347,0.9999898924546858,14.59966443575347
DP04_0077PM,14.576501860770094,0.99998527533868,14.576501860770094
DP03_0097PM,14.534620801716901,0.9999821411195171,14.534620801716901
DP05_0010PM,14.513653488671594,0.9999854889406586,14.513653488671594
DP04_0015PE,-14.482999869695888,0.9999937972881769,14.482999869695888
month_index,14.460884591771684,0.9995908551158802,14.460884591771684
month,14.457973455561056,0.999590926915711,14.457973455561056
DP02_0006PE,14.378124541988488,0.9999947637840636,14.378124541988488
DP05_0074PM,14.277780642855964,0.9999880908493936,14.277780642855964
DP04_0139PE,13.864620411556713,0.9999951328072821,13.864620411556713
DP04_0064PE,13.847988235729865,0.9999935787297551,13.847988235729865
DP04_0081PE,13.77707932009834,0.9999931551790372,13.77707932009834
DP02_0145PM,-13.757088083478582,0.9999929324953514,13.757088083478582
DP04_0049E,-13.739023106945634,0.999994026620324,13.739023106945634
DP05_0027PM,-13.725273879782904,0.9999903737884117,13.725273879782904
DP05_0026PM,-13.72527387817467,0.9999903737884128,13.72527387817467
DP05_0041PM,13.673572614930796,0.999995715787367,13.673572614930796
DP05_0015PM,13.621816566841748,0.999992190273818,13.621816566841748
DP04_0077PE,13.552867767760045,0.9999963645426532,13.552867767760045
DP04_0065PE,13.53694370098276,0.9999937192633672,13.53694370098276
DP04_0063PE,13.45801853517924,0.9999937608036007,13.45801853517924
DP04_0044PM,13.419221552134921,0.9999854066826407,13.419221552134921
DP03_0009PM,-13.305564723577413,0.9999929291711936,13.305564723577413
DP04_0040PM,-13.219266832842836,0.9999852195092968,13.219266832842836
DP05_0037PE,13.205901803746105,0.999995561694299,13.205901803746105
DP04_0138PE,13.149006574046883,0.9999953968485258,13.149006574046883
DP02_0149PM,13.11938256325615,0.9999897409393648,13.11938256325615
DP05_0064PM,13.086484828366817,0.9999909972991378,13.086484828366817
DP04_0142PE,13.079649826881205,0.999995412726598,13.079649826881205
DP04_0029PE,-13.017979767676787,0.9999939242621715,13.017979767676787
DP04_0137PE,12.941456574599439,0.999995459856632,12.941456574599439
DP02_0134PE,12.867575662745907,0.9999919130785464,12.867575662745907
DP04_0141PE,12.865424723503388,0.9999954837981992,12.865424723503388
DP04_0041PM,-12.83006756103859,0.9999824712127803,12.83006756103859
DP04_0030PE,-12.784724194506426,0.9999941238662567,12.784724194506426
DP02_0120PM,-12.72614878249339,0.9999920381018548,12.72614878249339
DP02_0118PM,12.7205837610298,0.9999872215329461,12.7205837610298
DP03_0061PM,12.654895208278186,0.9999919143349432,12.654895208278186
DP04_0085PE,12.641740293344078,0.9999937121284795,12.641740293344078
DP05_0093PM,12.598504454889905,0.9999867474451847,12.598504454889905
DP05_0094PM,12.59850445443482,0.999986747445185,12.59850445443482
DP04_0023PM,12.494054366784479,0.999983050003057,12.494054366784479
DP04_0030PM,12.465442130865346,0.9999869476972735,12.465442130865346
DP03_0027PE,-12.445305663502367,0.9999954154017728,12.445305663502367
DP04_0066PE,12.44039986504966,0.9999942336904929,12.44039986504966
DP04_0140PE,12.425818347356996,0.999995627239317,12.425818347356996
DP04_0037E,-12.285679159758285,0.999995783480041,12.285679159758285
DP02_0013PM,12.255406401890859,0.9999890706076532,12.255406401890859
DP04_0078PM,-12.196213788793408,0.9999864824327683,12.196213788793408
DP05_0062PM,12.178620369411659,0.9999902936355133,12.178620369411659
DP04_0082PE,12.152251609587292,0.9999939654212937,12.152251609587292
DP04_0082PM,12.095782177021848,0.9999772902034828,12.095782177021848
DP02_0024PM,11.897257440707149,0.9999867831023652,11.897257440707149
DP02_0121PM,-11.884829153377796,0.9999930206853196,11.884829153377796
DP05_0022PE,11.88177135802659,0.9999799173610842,11.88177135802659
DP04_0086PE,11.857613812444614,0.9999941269107095,11.857613812444614
DP02_0150PM,-11.850107556837527,0.9999910218835836,11.850107556837527
DP04_0083PE,11.837673981535433,0.9999941508916405,11.837673981535433
DP02_0076PM,11.762306020558022,0.9999866981575273,11.762306020558022
DP03_0030PE,-11.697550707967377,0.9999956514397319,11.697550707967377
DP02_0085PM,-11.487817867473437,0.9999920111713406,11.487817867473437
DP04_0087PE,11.46689935654237,0.9999943151473574,11.46689935654237
DP05_0013PE,-11.43737761250928,0.9999940397894423,11.43737761250928
DP03_0028PE,-11.197983682936066,0.999995870041737,11.197983682936066
DP03_0023PM,-11.126209958410644,0.999984426258563,11.126209958410644
DP02_0128PM,11.124359114056732,0.999989961001181,11.124359114056732
DP03_0136PE,11.118051264358032,0.9999832159554628,11.118051264358032
DP04_0084PE,11.106535593441635,0.9999944865537007,11.106535593441635
DP04_0114PE,11.075927422751548,0.9999961008150682,11.075927422751548
DP05_0085PE,-10.922944150431437,0.9999967405010803,10.922944150431437
DP05_0064PE,10.770343345030788,0.9999945040387045,10.770343345030788
DP04_0070PE,10.72963986324123,0.9999951403744216,10.72963986324123
DP03_0037PM,10.635856556799324,0.9999822077131363,10.635856556799324
DP04_0017PM,10.606610161770973,0.9999871474196241,10.606610161770973
DP03_0029PE,-10.558096914923432,0.9999960676173583,10.558096914923432
DP03_0031PE,-10.515567300074231,0.999996098868987,10.515567300074231
DP02_0006PM,10.43756835437873,0.9999902345785726,10.43756835437873
DP05_0044PE,-10.412018410356985,0.9999979021999658,10.412018410356985
DP04_0121PM,10.376453483845266,0.9999788605960797,10.376453483845266
DP04_0054PE,10.375081461330534,0.9999956151734305,10.375081461330534
DP05_0014PE,-10.230176995349048,0.9999947341416481,10.230176995349048
DP04_0073PE,-10.078322303190463,0.9999821742059068,10.078322303190463
DP02_0139PM,-10.065878664166393,0.9999867955766285,10.065878664166393
DP05_0087PE,-9.963627256953917,0.9999958695619895,9.963627256953917
DP04_0010PE,-9.926367223603638,0.9999952388636603,9.926367223603638
DP05_0019PM,-9.899036391397305,0.9999896837395119,9.899036391397305
DP05_0021PM,-9.899036390166941,0.9999896837395134,9.899036390166941
DP03_0052PM,9.881880537496167,0.9999892448401417,9.881880537496167
DP05_0062PE,-9.843183851639468,0.9999941181203786,9.843183851639468
DP05_0010PE,-9.82382900187556,0.9999947529117627,9.82382900187556
DP02_0004PM,-9.740951832182152,0.9999913162315496,9.740951832182152
DP04_0022PM,9.714828344074538,0.9999867207068737,9.714828344074538
DP04_0088PE,9.70036849576038,0.9999952195833441,9.70036849576038
DP02_0080PM,9.696710546526035,0.9999936230580295,9.696710546526035
DP02_0081PM,9.696710512918113,0.9999936230580506,9.696710512918113
DP02_0063PM,9.680411125905357,0.9999868901901435,9.680411125905357
DP04_0115PE,9.669674505637369,0.9999965908019348,9.669674505637369
DP04_0111PE,9.660655751459812,0.9999965871686642,9.660655751459812
DP04_0078PE,9.484839559860994,0.9999974375939378,9.484839559860994
DP04_0010PM,9.46729618944133,0.99998819495932,9.46729618944133
DP03_0006PM,-9.445876176644592,0.9999919367305458,9.445876176644592
DP02_0002PM,9.316807738045032,0.9999885178120506,9.316807738045032
DP04_0035PE,-9.239007408404653,0.9999958036082113,9.239007408404653
DP02_0030PM,9.058114572550078,0.9999887479319897,9.058114572550078
DP04_0033PE,-9.0566200692002,0.9999958301883023,9.0566200692002
DP03_0098PM,-8.958012794989347,0.9999893339257534,8.958012794989347
DP05_0060PM,-8.936029924064657,0.9999909296933861,8.936029924064657
DP05_0005PM,-8.892319446984805,0.9999933874078071,8.892319446984805
DP02_0132PE,8.891819341426134,0.9999789659783487,8.891819341426134
DP03_0011PE,8.888422885193433,0.9999933452208173,8.888422885193433
DP05_0069PM,8.885752422815061,0.9999907517799651,8.885752422815061
DP03_0066PM,-8.838957098873456,0.9999886292518515,8.838957098873456
DP03_0085PM,-8.825775668129383,0.9999916459594312,8.825775668129383
DP04_0032PE,-8.824596551621983,0.9999959114701858,8.824596551621983
DP05_0011PE,-8.819922874579833,0.9999953413129162,8.819922874579833
DP05_0012PM,-8.77991008444819,0.9999926096361648,8.77991008444819
DP04_0009PE,-8.703314586460868,0.9999957272910356,8.703314586460868
DP03_0040PM,-8.700661858931161,0.9999878055631845,8.700661858931161
DP02_0101PM,-8.619025620755181,0.9999840971680081,8.619025620755181
DP02_0100PM,8.610389783498613,0.9999840881454531,8.610389783498613
DP02_0141PM,8.520045099687145,0.9999932657413175,8.520045099687145
DP04_0112PE,8.515915348808981,0.999996994207111,8.515915348808981
DP02_0143PM,-8.506173319836307,0.999992723985775,8.506173319836307
DP04_0087PM,8.476659701665914,0.9999791182881631,8.476659701665914
DP02_0029PM,8.429528439581272,0.9999910113658815,8.429528439581272
DP02_0117PM,8.427377759350147,0.9999951425478538,8.427377759350147
DP03_0028PM,-8.396967036820286,0.999985176127756,8.396967036820286
DP04_0015PM,-8.372095242858668,0.9999897923523094,8.372095242858668
DP02_0017M,-8.339117513342536,0.9999994061546261,8.339117513342536
DP02_0134PM,8.328881276532165,0.9999940231216708,8.328881276532165
DP04_0067PM,8.309182040927219,0.9999900906590373,8.309182040927219
DP02_0072PE,8.292349025351008,0.9999895564756425,8.292349025351008
DP03_0004PE,-8.130854808024917,0.9999978958564416,8.130854808024917
DP04_0031PE,-8.10636301936677,0.9999962588369733,8.10636301936677
DP04_0052PM,-8.015086024569522,0.9999888840062146,8.015086024569522
DP04_0036PE,-8.014021830176759,0.9999963291541167,8.014021830176759
DP02_0008PM,-7.909825092328284,0.9999930489744531,7.909825092328284
DP04_0074PE,7.894995414222969,0.99998489515447,7.894995414222969
DP02_0127PM,7.881143487319857,0.9999929615938093,7.881143487319857
DP05_0011PM,7.860582675494286,0.9999938524436984,7.860582675494286
DP04_0066PM,-7.837863082811763,0.9999815489582419,7.837863082811763
DP03_0078PM,-7.751527608569328,0.9999848574194573,7.751527608569328
DP05_0070PM,7.728175339813177,0.9999922825043804,7.728175339813177
DP04_0113PE,7.680871090359261,0.9999972883578362,7.680871090359261
DP03_0072PM,7.652276720730782,0.9999878106927884,7.652276720730782
DP02_0143PE,7.598384036263981,0.9999886099101036,7.598384036263981
DP02_0147PM,-7.551128922125452,0.9999923435471398,7.551128922125452
DP04_0036PM,7.522877335634569,0.9999916719064611,7.522877335634569
DP02_0012PE,-7.475405023886503,0.9999793980619818,7.475405023886503
DP04_0051PM,-7.409952520991043,0.9999894884594892,7.409952520991043
DP04_0056PE,7.403832030196591,0.9999968859907762,7.403832030196591
DP05_0017PM,-7.31773633967629,0.999996284851749,7.31773633967629
DP03_0013PE,-7.315841292362572,0.9999773646763424,7.315841292362572
DP03_0053PM,7.234754143557429,0.9999925327768884,7.234754143557429
DP03_0024PM,7.088747785758567,0.9999882636171252,7.088747785758567
DP05_0041PE,-7.039888369344457,0.9999986194962243,7.039888369344457
DP02_0065PM,-7.023001526984825,0.9999938769550838,7.023001526984825
DP02_0055PM,-7.005211558399484,0.999981831502343,7.005211558399484
DP05_0090PM,6.993876337180504,0.9999965529663281,6.993876337180504
DP03_0050PE,6.97795260350053,0.9999976721024637,6.97795260350053
DP02_0135PM,-6.948334278621411,0.9999947988019573,6.948334278621411
DP04_0053PE,6.914312225586344,0.9999970835348321,6.914312225586344
DP04_0033PM,6.8593519045533675,0.9999912181509355,6.8593519045533675
DP02_0003PM,-6.828296957231022,0.9999922981853172,6.828296957231022
DP05_0014PM,-6.788422043311767,0.9999958133458344,6.788422043311767
DP05_0009PE,-6.741894837053519,0.9999963559450038,6.741894837053519
DP05_0018E,6.713694814415978,0.9999758924730577,6.713694814415978
DP04_0074PM,-6.681607859149969,0.9999902932174345,6.681607859149969
DP03_0050PM,6.673047505209421,0.9999885623196425,6.673047505209421
DP04_0007PE,-6.594606166146498,0.9999967944429493,6.594606166146498
DP04_0053PM,-6.586430657487581,0.9999906664257779,6.586430657487581
DP04_0014PE,-6.558080136958893,0.9999968085616399,6.558080136958893
DP03_0055PM,6.501924290203375,0.999993095451353,6.501924290203375
DP05_0056PM,-6.4250416304269855,0.9999987562361231,6.4250416304269855
DP04_0051PE,6.420616256417276,0.9999972715100399,6.420616256417276
DP03_0074PM,-6.409015614212823,0.9999902997122568,6.409015614212823
DP04_0073PM,6.39857616107443,0.9999908033082673,6.39857616107443
DP03_0031PM,-6.337201923479611,0.9999885688680391,6.337201923479611
DP04_0034PE,-6.295994652669396,0.9999971090182462,6.295994652669396
DP04_0025PM,6.292059857153225,0.9999928873588921,6.292059857153225
DP05_0002PM,6.282017295952754,0.9999959345237739,6.282017295952754
DP05_0003PM,6.28201729548447,0.9999959345237742,6.28201729548447
DP05_0089PE,6.278343203170438,0.999998255335623,6.278343203170438
DP02_0154PM,-6.249640240527817,0.9999892047021577,6.249640240527817
DP02_0137PM,6.187772452840627,0.9999915803418561,6.187772452840627
DP02_0108PE,-6.145881302766512,0.9999865706320579,6.145881302766512
DP03_0099PM,6.106179332402572,0.9999886464133858,6.106179332402572
DP03_0096PM,6.106179329867175,0.999988646413391,6.106179329867175
DP02_0057PM,6.091684092987591,0.9999823088680935,6.091684092987591
DP02_0083PM,6.073201321750223,0.9999934384909176,6.073201321750223
DP04_0043PM,-6.043656243370175,0.9999918655532094,6.043656243370175
DP02_0033PM,-6.041367493300136,0.9999913636022906,6.041367493300136
DP05_0052PM,6.022738244950187,0.9999969173329581,6.022738244950187
DP02_0107PE,-6.00958093996349,0.9999868989200662,6.00958093996349
DP02_0093PM,6.000183165302222,0.9999953302239154,6.000183165302222
DP02_0026PM,5.987097262927824,0.9999911564319667,5.987097262927824
DP04_0103PM,-5.948227228274059,0.9999816308666661,5.948227228274059
DP02_0062PE,5.92252720079107,0.9999980457290344,5.92252720079107
DP03_0082PM,-5.903379296463742,0.9999923077177736,5.903379296463742
DP04_0107PM,5.902542238105662,0.9999835994566724,5.902542238105662
DP03_0058PM,5.892136065739749,0.9999941370329904,5.892136065739749
DP02_0138PE,-5.8756737353171875,0.9999970568315385,5.8756737353171875
DP05_0063PM,-5.87371190511989,0.9999959981705124,5.87371190511989
DP02_0110PE,-5.8736253186633185,0.9999871993319746,5.8736253186633185
DP04_0083PM,-5.853279328814443,0.9999894043929377,5.853279328814443
DP02_0061PM,-5.843390878061468,0.9999951949350064,5.843390878061468
gt_dma_measles_virus,-5.821833072064699,0.9999967571158169,5.821833072064699
DP02_0106PE,-5.793471599146606,0.9999872962413408,5.793471599146606
DP02_0111PE,-5.767238259857083,0.9999874438489719,5.767238259857083
DP04_0079PM,-5.755720799059466,0.9999913039729817,5.755720799059466
DP04_0008PE,-5.71055537390137,0.9999972350377044,5.71055537390137
DP04_0107PE,-5.6355165271789085,0.9999975919916476,5.6355165271789085
DP02_0109PE,-5.598947374269978,0.9999878445310095,5.598947374269978
DP05_0006PE,5.559765051717344,0.9999972389440904,5.559765051717344
DP04_0035PM,-5.479402241046667,0.9999939480565974,5.479402241046667
DP02_0092PM,-5.47500791956734,0.9999951628882142,5.47500791956734
DP03_0133PE,-5.465898873867566,0.9999957074984837,5.465898873867566
DP05_0065PE,5.461223133257415,0.999996277338223,5.461223133257415
DP04_0052PE,5.398118947598272,0.9999977273431637,5.398118947598272
DP04_0012PE,-5.387134879661423,0.9999973522337009,5.387134879661423
DP03_0081PM,-5.385145708059953,0.9999925144829699,5.385145708059953
DP03_0044PM,5.382885077167939,0.9999929212943593,5.382885077167939
DP04_0055PE,5.365522455124477,0.9999977409179636,5.365522455124477
DP03_0034PM,5.355366281276431,0.9999911232515775,5.355366281276431
DP03_0107PE,5.261853994858428,0.9999778291614276,5.261853994858428
DP03_0039PM,5.185868899100409,0.9999921481310514,5.185868899100409
DP05_0070PE,5.178233103137828,0.999994429702113,5.178233103137828
DP05_0009PM,5.127824877098968,0.999995492983136,5.127824877098968
DP02_0129PM,-5.077321765569144,0.9999935293184582,5.077321765569144
DP05_0072PE,-5.050723825422981,0.9999968777009491,5.050723825422981
DP02_0113PM,-4.984430718926786,0.9999915432039765,4.984430718926786
DP02_0114PM,-4.9844306972889605,0.9999915432040072,4.9844306972889605
DP03_0107PM,4.980865079169326,0.9999912499920647,4.980865079169326
DP04_0011PE,-4.942573162105338,0.9999976075535354,4.942573162105338
DP02_0007PM,4.925564488342252,0.999992419712955,4.925564488342252
DP02_0063PE,4.898860880794221,0.9999983815254754,4.898860880794221
DP05_0034PM,4.845822870083952,0.9999860982949249,4.845822870083952
DP05_0036PM,4.845822869937843,0.9999860982949299,4.845822869937843
DP05_0035PM,4.845822869741179,0.9999860982949297,4.845822869741179
DP05_0061PM,4.845822868768413,0.9999860982949315,4.845822868768413
DP04_0088PM,-4.813430750392639,0.9999891113313569,4.813430750392639
DP04_0097PM,-4.772703888888728,0.9999785401731177,4.772703888888728
DP02_0141PE,4.760883580421002,0.9999910580995339,4.760883580421002
DP03_0079PM,4.740156806887217,0.9999926173687327,4.740156806887217
DP04_0013PM,-4.7169492759446445,0.9999928964876194,4.7169492759446445
DP02_0005PM,4.714681158330579,0.9999942041615699,4.714681158330579
DP05_0080PM,4.696157407959172,0.9999944404237047,4.696157407959172
DP02_0148PE,-4.696114096141765,0.9999937326800058,4.696114096141765
DP03_0059PM,-4.694689026715285,0.9999955038396248,4.694689026715285
DP02_0151PM,4.635060471055195,0.9999966645656067,4.635060471055195
DP03_0134PE,-4.5957424064217,0.9999931526432412,4.5957424064217
DP04_0012PM,-4.566865340108507,0.9999927183799804,4.566865340108507
DP02_0064PE,4.551123759250752,0.9999985010548443,4.551123759250752
DP04_0056PM,-4.5439296239828515,0.9999938405207257,4.5439296239828515
DP04_0068PM,4.5410463801528635,0.9999921362603992,4.5410463801528635
DP04_0123PM,4.5170283851174435,0.9999876548771643,4.5170283851174435
DP02_0032PM,4.486907410166761,0.9999925663983529,4.486907410166761
DP03_0057PM,4.476309451810855,0.9999953962403456,4.476309451810855
DP05_0007PE,4.47269972270726,0.9999977895804009,4.47269972270726
DP05_0004E,-4.45114764544455,0.9999899795467923,4.45114764544455
DP03_0048PE,4.431369154100274,0.9999985208257394,4.431369154100274
DP03_0029PM,-4.3869446695587655,0.9999928744903042,4.3869446695587655
DP02_0126PE,-4.344632934127511,0.9999962851645343,4.344632934127511
DP03_0042PM,-4.295210849584045,0.9999926547040546,4.295210849584045
DP05_0028E,4.282332556070855,0.9999880384778127,4.282332556070855
DP04_0007PM,4.28185625388306,0.9999950069944655,4.28185625388306
DP02_0007PE,-4.264104128152994,0.999992787099114,4.264104128152994
DP03_0045PM,4.26309424730623,0.9999940634673481,4.26309424730623
DP03_0135PM,-4.249244972075736,0.999987178740149,4.249244972075736
DP02_0140PM,-4.245634343091333,0.9999950278514199,4.245634343091333
DP02_0068PM,4.23953041096285,0.9999965511623077,4.23953041096285
DP05_0008PE,4.227425936319486,0.9999978127811192,4.227425936319486
DP02_0056PM,-4.209306892529697,0.9999880063237893,4.209306892529697
DP05_0046PE,-4.158006495198066,0.9999991650887943,4.158006495198066
DP03_0084PM,4.142831923020984,0.9999961691513776,4.142831923020984
DP03_0047PM,4.129796057472665,0.9999933640324697,4.129796057472665
DP04_0079PE,4.100327372648788,0.9999989121546828,4.100327372648788
DP04_0067PE,-4.099566927067322,0.9999981682735227,4.099566927067322
DP03_0049PE,4.08577637650753,0.9999986461787359,4.08577637650753
DP02_0060PM,-4.085054821350931,0.9999962415816201,4.085054821350931
DP05_0020PE,4.066321705627356,0.9999944776266979,4.066321705627356
DP04_0112PM,4.050700035435629,0.9999833552374224,4.050700035435629
DP03_0047PE,3.958713060206067,0.9999986824499456,3.958713060206067
DP05_0063PE,3.940362382348386,0.9999973918948366,3.940362382348386
DP02_0014PM,-3.9034690215027568,0.9999955009902901,3.9034690215027568
DP02_0144PM,-3.9028494408264054,0.999997078228713,3.9028494408264054
DP03_0033PM,-3.900848001912846,0.9999937419775876,3.900848001912846
DP02_0011PM,3.9000398796312568,0.9999949707123119,3.9000398796312568
DP04_0024PM,-3.876419250934699,0.9999951105909411,3.876419250934699
DP03_0134PM,-3.8723222644033215,0.9999961035434526,3.8723222644033215
DP03_0130PM,-3.867598289778284,0.9999957637032265,3.867598289778284
DP03_0130PE,3.8583537112072843,0.9999944656883264,3.8583537112072843
DP05_0077PM,-3.846156002672167,0.9999955807913825,3.846156002672167
DP02_0083PE,-3.8433761442975225,0.9999990485985438,3.8433761442975225
DP02_0066PM,-3.843215649584927,0.9999957932089256,3.843215649584927
DP04_0021PM,3.816531239990755,0.9999947663858673,3.816531239990755
DP04_0069PM,-3.802524015330952,0.999994498784531,3.802524015330952
DP03_0106PE,3.8021434310221833,0.9999849584881144,3.8021434310221833
DP04_0075PE,-3.800052348783728,0.9999918037853402,3.800052348783728
DP03_0128PE,3.7923671184114136,0.999996820177777,3.7923671184114136
DP02_0142PE,-3.740692301264553,0.9999940256718691,3.740692301264553
DP04_0118PM,-3.663826109908693,0.9999898148155489,3.663826109908693
DP03_0137PM,-3.656478446376205,0.9999869580125721,3.656478446376205
DP03_0119PE,-3.6431199557380203,0.9999920574087733,3.6431199557380203
DP04_0043PE,3.620351406257157,0.9999986381495071,3.620351406257157
DP04_0064PM,-3.6046732213388513,0.9999934718682981,3.6046732213388513
DP04_0004M,-3.599281219731523,0.9999907725678324,3.599281219731523
DP05_0043M,3.5732090161650554,0.9999704880893818,3.5732090161650554
DP04_0019PM,-3.5348481523076494,0.9999948581375391,3.5348481523076494
DP03_0054PM,3.519633852533864,0.999996103159794,3.519633852533864
DP04_0028PE,-3.492986558438819,0.9999986568555351,3.492986558438819
DP02_0135PE,3.407305858259365,0.9999968999305396,3.407305858259365
DP02_0123PM,3.4005570069135795,0.9999981754970241,3.4005570069135795
DP03_0129PE,-3.3974595463772337,0.9999921663661734,3.3974595463772337
DP04_0071PM,-3.3739254034259534,0.9999942157568062,3.3739254034259534
DP04_0084PM,3.371264835176094,0.9999933455509283,3.371264835176094
DP02_0036PM,-3.3491309810449117,0.9999952659261071,3.3491309810449117
DP02_0146PE,3.2967112818408104,0.9999917278604253,3.2967112818408104
DP03_0077PM,-3.2920772301462713,0.9999929388756372,3.2920772301462713
DP04_0124PM,-3.26853262336192,0.9999923715082193,3.26853262336192
DP04_0105PM,3.2517578021471447,0.9999916018280549,3.2517578021471447
DP04_0011PM,-3.2038638871538967,0.9999958166094359,3.2038638871538967
DP04_0009PM,3.184499530819099,0.9999949663754166,3.184499530819099
DP05_0023PE,-3.164982704261977,0.999993191125838,3.164982704261977
DP02_0153PE,-3.137851817531341,0.9999847252952282,3.137851817531341
DP02_0074PE,-3.113487209194029,0.999987149588903,3.113487209194029
DP03_0072PE,-3.1078657374141496,0.9999849442868277,3.1078657374141496
DP02_0142PM,3.0786967022657676,0.9999976843464297,3.0786967022657676
DP03_0060PM,-3.0743371843950804,0.999998022726318,3.0743371843950804
DP03_0038PM,3.0450532667126176,0.9999954740036211,3.0450532667126176
DP02_0009PM,2.991688396090492,0.9999968310175555,2.991688396090492
DP04_0044PE,-2.9285897529111615,0.9999988979643024,2.9285897529111615
DP03_0019PM,-2.920316162118364,0.999995043679797,2.920316162118364
DP02_0146PM,2.902166492654621,0.9999971831431341,2.902166492654621
DP03_0137PE,2.8993576135563113,0.9999820528666259,2.8993576135563113
DP04_0040PE,2.8932252553084012,0.9999989032868503,2.8932252553084012
DP05_0043E,-2.849478033682356,0.9999816822444207,2.849478033682356
DP05_0039PE,2.83253584934862,0.9999994454012794,2.83253584934862
DP03_0035PM,2.7671950459009063,0.9999939082134448,2.7671950459009063
DP03_0106PM,-2.7593568562380257,0.9999956922580453,2.7593568562380257
DP05_0054PM,-2.744079296543383,0.9999981759219739,2.744079296543383
DP02_0011PE,-2.7356092860980765,0.9999935214842975,2.7356092860980765
DP03_0101PE,-2.719809998884843,0.9999836900749915,2.719809998884843
gt_dma_measles,2.719205948877061,0.9999971154297915,2.719205948877061
DP05_0030PM,2.6881352774583083,0.9999949947511974,2.6881352774583083
DP05_0031PM,2.6881352726820493,0.9999949947512059,2.6881352726820493
DP05_0045M,-2.674674712612192,0.9999729090825575,2.674674712612192
DP02_0089M,2.671730545385797,0.9999864490866218,2.671730545385797
DP02_0067PM,-2.6617991059836723,0.9999978199938336,2.6617991059836723
DP04_0095PM,2.548309779495766,0.9999885166185902,2.548309779495766
DP03_0129PM,-2.5475703948959794,0.9999970035501118,2.5475703948959794
DP02_0009PE,2.530068327861805,0.9999923851118743,2.530068327861805
DP03_0048PM,-2.5199022398761235,0.999996926350512,2.5199022398761235
DP04_0060PM,2.5143812594480135,0.9999959647081323,2.5143812594480135
DP02_0046PE,2.5077701221301645,0.9999951157301483,2.5077701221301645
DP04_0042PM,-2.5037773956483633,0.9999967090826515,2.5037773956483633
DP03_0122PE,2.4813086210158763,0.9999905970949655,2.4813086210158763
DP03_0022PM,2.4764014709799933,0.9999956692225569,2.4764014709799933
DP04_0128PM,2.4687405030524525,0.9999864591943327,2.4687405030524525
DP02_0145PE,2.4601823066598545,0.9999984097272249,2.4601823066598545
DP03_0020PM,2.4600974229370505,0.999995570305397,2.4600974229370505
DP02_0148PM,-2.4487982579329852,0.9999978151342113,2.4487982579329852
DP04_0085PM,2.4465576421010167,0.9999952729108119,2.4465576421010167
DP02_0028PM,-2.4405641631930095,0.9999960306458932,2.4405641631930095
DP04_0108PE,-2.4405237753179687,0.9999989573761806,2.4405237753179687
DP02_0047PE,2.42553108506806,0.9999952528308242,2.42553108506806
DP05_0071PM,2.419664449305942,0.9999977081279233,2.419664449305942
DP05_0051PM,2.383028799658627,0.9999988943443592,2.383028799658627
DP04_0119PM,2.3783565169832324,0.9999948777183781,2.3783565169832324
DP02_0049PE,2.3651395443751047,0.9999953717060367,2.3651395443751047
DP04_0070PM,-2.338203924546353,0.99999638536903,2.338203924546353
DP05_0042PM,-2.317162283118469,0.9999991176103552,2.317162283118469
DP04_0104PE,-2.312682855157276,0.9999990147505641,2.312682855157276
DP02_0128PE,2.3025321294416847,0.9999927442457638,2.3025321294416847
DP04_0049M,-2.2991731785377247,0.9999995250374407,2.2991731785377247
DP02_0048PE,2.2900824670098485,0.9999955022131142,2.2900824670098485
DP02_0034PM,-2.287963802176531,0.9999965933185752,2.287963802176531
DP04_0055PM,-2.2797639799455913,0.9999969501927775,2.2797639799455913
DP05_0084PE,2.2545256396009172,0.9999991355393469,2.2545256396009172
DP02_0010PM,2.2507060191552153,0.999997272883676,2.2507060191552153
DP03_0135PE,-2.248212475000282,0.9999914475470595,2.248212475000282
DP04_0105PE,-2.241878899207955,0.9999990410008167,2.241878899207955
DP05_0082PM,2.238527114176266,0.9999979083658271,2.238527114176266
DP02_0098M,2.237969396542909,0.9999883701932271,2.237969396542909
DP03_0076PM,2.2353690349637354,0.9999957366554102,2.2353690349637354
DP02_0090M,-2.2318563685174695,0.9999883565498071,2.2318563685174695
DP04_0096PM,-2.205563056294479,0.9999923034914326,2.205563056294479
cos_season,-2.193301459546534,0.9999825066273446,2.193301459546534
DP02_0045PE,-2.1605341966356892,0.9999957738828419,2.1605341966356892
DP03_0070PM,-2.149507942762014,0.999997206276945,2.149507942762014
DP03_0021PM,2.142618301538337,0.9999963825188821,2.142618301538337
DP04_0113PM,2.1419707016027374,0.9999898944001407,2.1419707016027374
DP02_0131PM,-2.102337039448755,0.9999973982011824,2.102337039448755
DP03_0119PM,2.0652466641965095,0.9999973711511378,2.0652466641965095
DP05_0050PM,-2.064541144572315,0.9999985725774093,2.064541144572315
DP04_0142PM,-2.0278948621247217,0.9999880259427268,2.0278948621247217
DP04_0106PM,-2.020832270606399,0.9999946625339046,2.020832270606399
DP03_0132PE,-2.0006363528149333,0.9999955222056532,2.0006363528149333
DP04_0031PM,-1.9491981880019005,0.9999976705758397,1.9491981880019005
DP03_0030PM,-1.927499518588424,0.9999972010553632,1.927499518588424
DP05_0071PE,-1.8977032808706973,0.9999984356095332,1.8977032808706973
DP03_0098PE,-1.8970618392107286,0.9999911878047831,1.8970618392107286
DP02_0136PM,1.8964471259924118,0.9999974318805765,1.8964471259924118
DP02_0078PM,1.8885533092356637,0.9999951291385168,1.8885533092356637
DP02_0153PM,-1.8723837422157596,0.9999972642126254,1.8723837422157596
DP04_0029PM,1.866198784401557,0.9999979315751502,1.866198784401557
DP02_0130PM,-1.8604147572714118,0.9999973131889912,1.8604147572714118
DP02_0078PE,-1.8195453678454536,0.99998901518982,1.8195453678454536
DP03_0041PM,-1.813070992270175,0.9999971413564882,1.813070992270175
DP05_0004M,1.7947995327807291,0.9999975587208785,1.7947995327807291
DP05_0039PM,-1.7876799880080139,0.999999369999512,1.7876799880080139
DP02_0076PE,-1.7828332885728249,0.9999964307057227,1.7828332885728249
DP04_0094PM,1.752336054210521,0.9999872345082176,1.752336054210521
DP03_0036PM,-1.740134044353661,0.9999972973180067,1.740134044353661
DP05_0074PE,-1.7268039858840467,0.9999986628926243,1.7268039858840467
DP04_0098PM,-1.7013932940548582,0.999991259396926,1.7013932940548582
DP04_0047PM,-1.693650443107251,0.9999949823567859,1.693650443107251
DP04_0046PM,-1.6936504429297652,0.9999949823567863,1.6936504429297652
DP03_0068PM,1.6891007729355922,0.9999976076929724,1.6891007729355922
DP02_0154PE,1.6862253119889936,0.9999828225259294,1.6862253119889936
DP05_0072PM,-1.66894647855333,0.9999987291398554,1.66894647855333
DP03_0120PE,-1.66330069565226,0.9999907254449424,1.66330069565226
DP03_0066PE,1.6520126330301486,0.9999873290021163,1.6520126330301486
DP05_0090PE,-1.6503476335644178,0.9999995352367076,1.6503476335644178
DP02_0133PM,1.6491090190211763,0.9999972976532615,1.6491090190211763
DP02_0058PM,1.627417155825083,0.9999930347506599,1.627417155825083
DP02_0070PE,1.6256569639617893,0.9999924845085962,1.6256569639617893
DP03_0133PM,-1.5912686704584313,0.9999990585501712,1.5912686704584313
DP02_0150PE,-1.5795978899000862,0.9999982083796242,1.5795978899000862
DP04_0111PM,1.5201399450274744,0.9999945025134419,1.5201399450274744
DP04_0130PM,-1.511294522175287,0.9999852364198583,1.511294522175287
DP04_0104PM,1.5051822810463933,0.9999960894172475,1.5051822810463933
DP02_0014PE,1.5022367159320902,0.9999948437579365,1.5022367159320902
DP04_0032PM,1.497852334596777,0.9999979665730055,1.497852334596777
DP04_0004E,1.4796573789632228,0.9999941604949343,1.4796573789632228
DP02_0015PE,-1.478909496819602,0.999993537166972,1.478909496819602
DP04_0120PM,-1.4398154730510093,0.9999964256900752,1.4398154730510093
DP02_0003PE,-1.4386113406488796,0.9999958171443761,1.4386113406488796
DP03_0080PM,1.4321309610326631,0.9999980772234898,1.4321309610326631
DP04_0137PM,1.4320816028016516,0.9999897433503413,1.4320816028016516
DP03_0009PE,1.39821514217301,0.9999981998058041,1.39821514217301
DP04_0061PM,1.3915937280775328,0.99999790919119,1.3915937280775328
DP04_0065PM,-1.3880157675565188,0.9999966683864585,1.3880157675565188
DP03_0097PE,-1.3816514958102726,0.999990595702388,1.3816514958102726
sin_season,1.3738434088168576,0.999992872233166,1.3738434088168576
DP04_0063PM,1.3661961678409034,0.9999960806347541,1.3661961678409034
DP04_0041PE,1.3456158631133093,0.9999994925375025,1.3456158631133093
DP04_0091PM,1.3402854320711766,0.9999950168414455,1.3402854320711766
DP04_0092PM,1.3402854280348298,0.9999950168414605,1.3402854280348298
DP05_0059PE,-1.3252474969702064,0.9999998031858223,1.3252474969702064
DP02_0151PE,-1.3188688596753884,0.9999988735766425,1.3188688596753884
DP02_0140PE,1.2821421433939073,0.9999918939514886,1.2821421433939073
DP02_0008PE,1.2683715801319946,0.9999961507391774,1.2683715801319946
DP05_0045E,1.252805103641693,0.9999914303351157,1.252805103641693
DP04_0013PE,-1.245422399809053,0.9999994014758266,1.245422399809053
DP04_0058PM,1.2425654441302818,0.9999981772621938,1.2425654441302818
DP02_0131PE,-1.2253337152115569,0.9999950888788365,1.2253337152115569
DP03_0101PM,1.2218174827235644,0.9999959767149114,1.2218174827235644
DP03_0043PM,-1.1938680089079003,0.9999978048767068,1.1938680089079003
DP03_0064PM,1.1641808472140038,0.9999983715032458,1.1641808472140038
DP03_0132PM,1.163515705449864,0.9999963829012708,1.163515705449864
DP05_0065PM,1.1517195909517879,0.9999991207681859,1.1517195909517879
DP02_0116PM,-1.1307943303540426,0.999999068405633,1.1307943303540426
DP05_0028M,1.1119189378976138,0.9999980206181988,1.1119189378976138
DP02_0112M,1.0663649469160132,0.9999851276567201,1.0663649469160132
DP02_0127PE,-1.0650457192189113,0.9999958828543688,1.0650457192189113
DP02_0094M,-1.0505377829656664,0.9999976927682009,1.0505377829656664
DP02_0095M,-1.0505375224826365,0.999997692768744,1.0505375224826365
DP02_0102M,-1.0505373069679877,0.9999976927692582,1.0505373069679877
DP03_0017PM,1.0391837994425897,0.9999939548670038,1.0391837994425897
DP05_0022PM,1.0338093528836256,0.999999408990518,1.0338093528836256
DP04_0108PM,-0.995072874726673,0.9999970811873612,0.995072874726673
DP03_0070PE,-0.9950241104584504,0.999995533528729,0.9950241104584504
DP04_0042PE,0.9904944190513447,0.9999996262594191,0.9904944190513447
DP02_0136PE,0.9753076371052938,0.9999931047544137,0.9753076371052938
DP03_0025M,0.971276819881358,0.9999976305243607,0.971276819881358
DP04_0005M,-0.9639028656713721,0.9999931307394107,0.9639028656713721
DP05_0018M,-0.9624990342309101,0.999998137080226,0.9624990342309101
DP02_0125PE,-0.9621194541367744,0.9999874817871005,0.9621194541367744
DP04_0133PM,0.9510598675110895,0.999993321332812,0.9510598675110895
DP04_0127PM,-0.950300801435774,0.9999929438466348,0.950300801435774
DP04_0138PM,0.9401202839816122,0.9999934947747432,0.9401202839816122
DP05_0089PM,-0.9382503699447531,0.9999993005016796,0.9382503699447531
DP05_0005M,-0.9177671545908931,0.9999873657878008,0.9177671545908931
DP05_0032E,0.9167126073886981,0.9999962407395854,0.9167126073886981
DP03_0025E,-0.9062955251176243,0.9999884554131391,0.9062955251176243
DP02_0005PE,0.8869694760485856,0.9999984110417719,0.8869694760485856
DP03_0117PM,0.8725365343904611,0.9999959763823943,0.8725365343904611
DP04_0139PM,-0.8654080972279483,0.9999929414203036,0.8654080972279483
DP02_0105E,-0.860500323561608,0.9999907676326802,0.860500323561608
DP02_0105PE,-0.8604847898731484,0.999990767789992,0.8604847898731484
DP04_0106PE,-0.8523488712764353,0.999999636373142,0.8523488712764353
DP04_0099PM,-0.8460616931201652,0.9999947625941461,0.8460616931201652
DP04_0122PM,0.8404910047879111,0.9999977925101295,0.8404910047879111
DP02_0054PM,0.8322169732626703,0.9999978428606775,0.8322169732626703
DP03_0068PE,-0.8246259248586589,0.9999917423940545,0.8246259248586589
DP02_0137PE,0.8012798379613678,0.9999960535195732,0.8012798379613678
DP03_0131PE,-0.7869455483274237,0.9999946260829171,0.7869455483274237
DP03_0123PE,-0.7814311382396527,0.9999933194653225,0.7814311382396527
DP04_0132PM,-0.7690345085273671,0.9999954822633758,0.7690345085273671
DP03_0117PE,-0.7529357550464143,0.999992076631321,0.7529357550464143
DP02_0012PM,0.7391157190150137,0.9999993635821272,0.7391157190150137
DP05_0073PE,0.7376074322711883,0.99999959135808,0.7376074322711883
DP03_0083PM,-0.7202820088539355,0.9999989710462117,0.7202820088539355
DP04_0075PM,-0.719113005984938,0.9999989927538296,0.719113005984938
DP04_0008PM,0.702720201828523,0.9999988997934635,0.702720201828523
DP02_0074PM,0.7009813846280942,0.9999979143166805,0.7009813846280942
DP04_0002PM,-0.6933524914850206,0.9999987553295062,0.6933524914850206
DP04_0003PM,-0.6933524899313799,0.9999987553295089,0.6933524899313799
DP05_0036M,-0.6846955521187591,0.9999821133186007,0.6846955521187591
DP05_0034M,-0.6846953914471359,0.9999821133224227,0.6846953914471359
DP05_0035M,0.6732233431661541,0.9999825656111518,0.6732233431661541
DP05_0061M,0.6732222167874596,0.9999825656385105,0.6732222167874596
DP03_0120PM,0.6668153215024759,0.9999977597611718,0.6668153215024759
DP03_0074PE,0.6593318931594405,0.9999946364126082,0.6593318931594405
DP05_0069PE,0.648062842073192,0.999999535611592,0.648062842073192
DP03_0049PM,-0.6394447597357349,0.999999018766408,0.6394447597357349
DP02_0109PM,0.6375750614606507,0.9999841975733103,0.6375750614606507
gt_dma_mmr_vaccine,0.6339328802808142,0.9999993081136511,0.6339328802808142
DP04_0100PM,-0.6186151471278192,0.9999959059759987,0.6186151471278192
DP04_0086PM,0.602904476291775,0.9999986868909359,0.602904476291775
DP04_0131PM,-0.595015743415435,0.999995452448574,0.595015743415435
DP02_0062PM,0.5941682904800514,0.9999992098486374,0.5941682904800514
DP02_0071M,-0.5844024911836749,0.9999787422800088,0.5844024911836749
DP03_0131PM,0.5821134114188581,0.9999938223230795,0.5821134114188581
DP02_0105M,0.5641519348451265,0.9999995827761238,0.5641519348451265
DP04_0140PM,0.5641472050380121,0.9999958123034439,0.5641472050380121
DP03_0108PM,-0.5557332631149063,0.9999983268168701,0.5557332631149063
DP03_0105PM,-0.5557332628395217,0.9999983268168708,0.5557332628395217
DP03_0095M,0.542678954461986,0.9999786198182875,0.542678954461986
DP02_0147PE,0.5302735516988755,0.9999976266215843,0.5302735516988755
DP04_0081PM,-0.5237366160202628,0.999999076859699,0.5237366160202628
DP02_0013PE,0.4922317239035161,0.9999985357369018,0.4922317239035161
DP04_0114PM,0.45691890565762305,0.9999976710571923,0.45691890565762305
DP03_0125PE,0.4457303825503263,0.9999929637079162,0.4457303825503263
DP05_0031M,-0.4418495277302491,0.9999710768875459,0.4418495277302491
DP05_0085M,-0.4340151233640365,0.9999778315852885,0.4340151233640365
DP05_0047M,0.4284883716243647,0.999976836732163,0.4284883716243647
DP05_0067PE,0.42350446223315075,0.99999974228341,0.42350446223315075
DP02_0110PM,-0.4215502644849028,0.9999867879375421,0.4215502644849028
DP04_0123M,-0.41934637741706454,0.9999719614296436,0.41934637741706454
DP03_0111PM,0.40860119133351785,0.9999890532195282,0.40860119133351785
DP05_0017M,0.40421772972717396,0.9999706819764133,0.40421772972717396
DP02_0038PM,0.39129795349620844,0.9999881805801782,0.39129795349620844
DP05_0055M,-0.37516403953406097,0.9999877383343146,0.37516403953406097
DP04_0018PM,0.36460919236095846,0.999999501839959,0.36460919236095846
DP05_0057M,-0.3567794692205121,0.9999797124857648,0.3567794692205121
DP02_0139PE,0.3527469872650312,0.9999967978715891,0.3527469872650312
DP02_0046M,0.3505371874766315,0.9999743442158352,0.3505371874766315
DP02_0045PM,-0.3421268949092128,0.9999919348618648,0.3421268949092128
DP03_0110M,-0.34145379006714915,0.999976347318638,0.34145379006714915
DP03_0125PM,-0.33395414090740455,0.9999964017217409,0.33395414090740455
DP05_0086M,0.33373370126204194,0.9999882657675936,0.33373370126204194
DP03_0015PM,0.3325860863005366,0.9999965959835464,0.3325860863005366
DP05_0016M,-0.33150458938016086,0.9999743844749089,0.33150458938016086
DP04_0059PM,-0.32776325008270524,0.999999504653659,0.32776325008270524
DP04_0067M,0.32766043538490136,0.9999771157264887,0.32766043538490136
DP04_0039PE,0.3265843051622994,0.9999998904108464,0.3265843051622994
DP02_0048M,-0.32595342156887025,0.9999780309373284,0.32595342156887025
DP05_0005E,-0.3178691226383429,0.9999855451499298,0.3178691226383429
DP03_0015PE,-0.31059031535975545,0.9999900555270814,0.31059031535975545
DP04_0103PE,-0.3092269818126874,0.9999998684073278,0.3092269818126874
DP03_0012PE,0.30558275188198003,0.9999997726010585,0.30558275188198003
DP02_0049PM,0.2976530019267519,0.9999926953863267,0.2976530019267519
DP02_0038PE,-0.2953261902269301,0.9999862920092614,0.2953261902269301
DP05_0041E,0.2933324320578893,0.999983041362953,0.2933324320578893
DP05_0046E,0.2908800686632204,0.9999811332615224,0.2908800686632204
DP04_0109M,0.2898639081175138,0.9999868698446188,0.2898639081175138
DP02_0025M,0.28865255892389663,0.9999750400835103,0.28865255892389663
DP05_0042E,0.28718822938168576,0.999981443743503,0.28718822938168576
DP02_0046E,-0.28496534055267053,0.9999595662103417,0.28496534055267053
DP05_0044E,0.28383918686074866,0.9999815399528338,0.28383918686074866
DP02_0111PM,-0.28075262995985817,0.999991968268649,0.28075262995985817
DP02_0051M,-0.2724005267604779,0.9999852080452271,0.2724005267604779
DP05_0030M,-0.2697948545529163,0.9999835425503021,0.2697948545529163
DP03_0109M,0.2685180977254436,0.9999836259799492,0.2685180977254436
DP04_0114M,-0.2660549799030405,0.9999708892197394,0.2660549799030405
DP03_0112M,0.26512446878129037,0.9999744466796847,0.26512446878129037
DP05_0032M,-0.2650553829018085,0.9999989491492831,0.2650553829018085
DP03_0126PM,0.2645942625788371,0.9999962356009392,0.2645942625788371
DP04_0120M,0.2616489984268424,0.9999753988408792,0.2616489984268424
DP03_0012M,-0.25497774703491827,0.9999936961161745,0.25497774703491827
DP04_0115PM,-0.25495814204274847,0.9999989601701007,0.25495814204274847
DP03_0112PM,-0.25437367542151074,0.9999928247648158,0.25437367542151074
DP03_0084M,0.25422952061300097,0.999982585921864,0.25422952061300097
DP02_0102E,0.25152483712966334,0.999989902997646,0.25152483712966334
DP02_0094E,0.2515191497374888,0.9999899031941777,0.2515191497374888
DP02_0102PE,0.2515091863504531,0.9999899036081997,0.2515091863504531
DP02_0095PE,0.2514895756149294,0.9999899043672809,0.2514895756149294
DP02_0095E,0.2514747281724807,0.999989904895173,0.2514747281724807
DP03_0005M,-0.24822157778803797,0.9999817797907502,0.24822157778803797
DP03_0103M,-0.2480085365090239,0.9999796642649147,0.2480085365090239
DP05_0039E,-0.24623901848037621,0.9999821029111906,0.24623901848037621
DP02_0052PE,-0.24584955661369617,0.9999834917061312,0.24584955661369617
DP03_0116PM,0.2457850004964639,0.9999988664271664,0.2457850004964639
DP02_0112E,-0.24281286421611706,0.9999833255340055,0.24281286421611706
DP02_0112PE,-0.24281253946424886,0.9999833255561779,0.24281253946424886
DP02_0091E,0.23955053093544665,0.9999909868817131,0.23955053093544665
DP02_0092E,0.23861755810766766,0.9999910225932458,0.23861755810766766
DP02_0130PE,-0.2348226733828801,0.9999982344962275,0.2348226733828801
DP02_0020M,-0.2342860560085287,0.9999778934253336,0.2342860560085287
DP04_0003M,0.23079499105998474,0.9999844388556732,0.23079499105998474
DP03_0064PE,0.2306601297982177,0.9999986810059548,0.2306601297982177
DP04_0136M,-0.22978308399052028,0.9999864071640364,0.22978308399052028
DP02_0047PM,-0.2277521171209246,0.999993463109876,0.2277521171209246
DP05_0066M,0.22674657319659713,0.9999713789157576,0.22674657319659713
DP02_0043E,0.22603646650862225,0.9999910046768482,0.22603646650862225
DP04_0094M,0.223120657023294,0.9999855485576099,0.223120657023294
DP02_0031M,-0.22170210143615626,0.9999829956607686,0.22170210143615626
DP03_0124PM,-0.2211450664049254,0.999989936567946,0.2211450664049254
DP02_0086PM,-0.21685344055694955,0.9999998254461653,0.21685344055694955
DP03_0104M,0.21377520388959248,0.9999802473591222,0.21377520388959248
DP05_0086E,-0.21250455137119365,0.9999892107231789,0.21250455137119365
DP05_0055E,0.21249650336945353,0.9999872339429662,0.21249650336945353
DP02_0144PE,-0.20454614196876952,0.9999996601165684,0.20454614196876952
DP03_0111PE,0.20322635190724128,0.9999955646427301,0.20322635190724128
DP04_0098M,0.20307059603100786,0.999970769126136,0.20307059603100786
DP03_0011M,0.19927305590609604,0.9999948435595883,0.19927305590609604
DP04_0125M,-0.19888498173265912,0.999985552869874,0.19888498173265912
DP03_0023M,0.19833198765474344,0.9999681145194379,0.19833198765474344
DP02_0048E,0.1971415986414025,0.9999714836386637,0.1971415986414025
DP04_0126M,0.19695840445500432,0.9999890781162827,0.19695840445500432
DP02_0113M,-0.19572468300811374,0.9999847981875005,0.19572468300811374
DP03_0003M,0.19566847903935616,0.9999814436362883,0.19566847903935616
DP03_0008M,0.19566844168522346,0.9999814436415566,0.19566844168522346
DP05_0040E,0.19518902909265506,0.9999882076698721,0.19518902909265506
DP05_0092M,-0.19376475263439857,0.9999814894411659,0.19376475263439857
DP02_0098E,0.19007542599691435,0.9999878722666249,0.19007542599691435
DP02_0098PE,0.1900682066869196,0.9999878728612437,0.1900682066869196
DP04_0023M,-0.18980837901024783,0.9999666388146948,0.18980837901024783
DP04_0015M,0.1893792134027863,0.9999867063574531,0.1893792134027863
DP03_0111M,0.18559676365028321,0.9999840341074757,0.18559676365028321
DP04_0123E,0.18423459010305565,0.9999662030327732,0.18423459010305565
DP03_0099M,-0.18220365033089667,0.9999864236252591,0.18220365033089667
DP04_0040M,0.18119105449844708,0.9999727542978114,0.18119105449844708
DP05_0006M,-0.18067088085991068,0.99998688827176,0.18067088085991068
DP02_0097M,0.17888975014574005,0.9999786983507,0.17888975014574005
DP05_0083M,-0.1785743423276884,0.99998420721266,0.1785743423276884
DP02_0049M,-0.1772585179753236,0.9999856957427283,0.1772585179753236
DP03_0124PE,0.17601513502115573,0.9999935733446587,0.17601513502115573
DP04_0132M,-0.17501027212263826,0.9999851904836676,0.17501027212263826
DP03_0121PM,0.17476770901907024,0.9999952916017512,0.17476770901907024
DP03_0054M,-0.17431146277336598,0.9999784403746834,0.17431146277336598
DP05_0026M,-0.1714325106579297,0.9999884613574187,0.1714325106579297
DP04_0005E,0.1702376501875833,0.9999971743511168,0.1702376501875833
DP03_0078M,0.16913329200747,0.9999825709775391,0.16913329200747
DP05_0006E,0.16908915848387723,0.9999931813169725,0.16908915848387723
DP05_0027M,0.16906542874189756,0.9999887465003988,0.16906542874189756
DP03_0002M,-0.16899023198706659,0.9999916240084634,0.16899023198706659
DP02_0108E,-0.1688699552056569,0.9999891183977483,0.1688699552056569
DP04_0014M,0.16786620409305844,0.9999735672801977,0.16786620409305844
DP02_0106E,-0.1673375027266117,0.9999891334598232,0.1673375027266117
DP04_0124M,0.1670354188985395,0.9999851066440268,0.1670354188985395
DP05_0002M,-0.166446589122481,0.9999986500377595,0.166446589122481
DP04_0073M,-0.16641518506007275,0.9999865288241829,0.16641518506007275
DP05_0007E,0.16485057742680198,0.9999933101189802,0.16485057742680198
DP02_0027M,0.16413411756078286,0.9999770486141476,0.16413411756078286
DP02_0089E,-0.16315633346177266,0.9999912210872113,0.16315633346177266
DP02_0114M,0.16174537494600374,0.9999882954295964,0.16174537494600374
DP02_0040E,-0.16029363201168317,0.9999973694133646,0.16029363201168317
DP05_0059M,0.15972761440804453,0.9999879962828444,0.15972761440804453
DP02_0051PE,-0.1589620299201649,0.9999917222674595,0.1589620299201649
DP02_0096E,0.15763105257789684,0.999987442873212,0.15763105257789684
DP02_0013M,-0.15575960279849732,0.9999869871954823,0.15575960279849732
DP04_0026M,-0.15434108947247427,0.9999703979268669,0.15434108947247427
DP02_0104M,0.1538274340543122,0.9999759118197471,0.1538274340543122
DP02_0110E,-0.15009267915799307,0.999990208762366,0.15009267915799307
DP03_0053M,-0.14940878192089344,0.9999848477901379,0.14940878192089344
DP05_0054M,0.14728803113148622,0.999974295987665,0.14728803113148622
DP02_0107E,-0.14651658881978868,0.9999904885916356,0.14651658881978868
DP03_0060M,-0.14564434392983408,0.9999886787847596,0.14564434392983408
DP03_0015M,0.145484360258282,0.9999758061339987,0.145484360258282
DP03_0096M,0.14518916240004984,0.9999882469504522,0.14518916240004984
DP02_0082M,0.14437785941648051,0.9999879713885591,0.14437785941648051
DP03_0052M,-0.14200331228284752,0.9999829545625115,0.14200331228284752
DP05_0023M,0.1418950280591655,0.9999819596054828,0.1418950280591655
DP02_0153M,-0.14090024059777026,0.9999821785668247,0.14090024059777026
DP05_0037M,0.13982274497954478,0.9999778386962385,0.13982274497954478
DP05_0057E,0.13911985335745983,0.9999841769136816,0.13911985335745983
DP02_0111E,-0.13861208806182956,0.9999911694309711,0.13861208806182956
DP02_0150M,0.13839422544972815,0.9999713714262801,0.13839422544972815
DP02_0051PM,-0.1380826218853406,0.9999945341093909,0.1380826218853406
DP04_0041M,0.13647057365140836,0.9999776364225565,0.13647057365140836
DP03_0033M,0.13591577111059194,0.9999763790701813,0.13591577111059194
DP05_0051M,-0.13397604982113653,0.9999869241051125,0.13397604982113653
DP04_0087M,-0.13186500632238754,0.9999800870596233,0.13186500632238754
DP02_0004M,0.13163558022734095,0.9999892963106901,0.13163558022734095
DP02_0154M,0.13047962003892824,0.9999771288682566,0.13047962003892824
DP02_0103E,0.13024836964142275,0.9999895084798166,0.13024836964142275
DP05_0049M,0.12875182886625475,0.9999797128874571,0.12875182886625475
DP05_0007M,0.12837704320586268,0.9999909255057929,0.12837704320586268
DP03_0044M,-0.12831951901395927,0.9999805782347153,0.12831951901395927
DP04_0113M,-0.1283060653981831,0.9999847318130014,0.1283060653981831
DP05_0053M,0.12822090055159238,0.9999779499333339,0.12822090055159238
DP03_0006M,-0.12817945247217546,0.9999918571571778,0.12817945247217546
DP02_0015M,0.12801682363318997,0.9999870780037766,0.12801682363318997
DP03_0100M,-0.12740034856445187,0.9999893109019093,0.12740034856445187
DP02_0079M,-0.1264251345370843,0.9999866122941659,0.1264251345370843
DP03_0037M,-0.12579882524656522,0.99997736309432,0.12579882524656522
DP04_0109E,0.12566420674878265,0.9999888920480511,0.12566420674878265
DP04_0082M,-0.12549936248873234,0.9999826595491389,0.12549936248873234
DP03_0113M,-0.12522195026576552,0.9999877224308296,0.12522195026576552
DP03_0079M,-0.1248957266486969,0.9999878101174896,0.1248957266486969
DP05_0073M,0.12290254322975565,0.9999813657158424,0.12290254322975565
DP02_0148M,0.12235604372980546,0.9999707966553244,0.12235604372980546
DP05_0040M,0.12228463000254823,0.9999882383559434,0.12228463000254823
DP04_0069M,-0.12162992057147513,0.9999913297433534,0.12162992057147513
DP05_0038M,0.12118605940203081,0.9999881067805775,0.12118605940203081
DP02_0096M,-0.12064191423914335,0.9999793449480932,0.12064191423914335
DP05_0025M,0.12006369464911937,0.999997065787338,0.12006369464911937
DP05_0021M,0.12006366356448465,0.9999970657880914,0.12006366356448465
DP02_0134M,-0.12000784514094162,0.9999793350560203,0.12000784514094162
DP04_0056M,0.11979591516145428,0.9999842607820678,0.11979591516145428
DP04_0078M,0.1195937857647521,0.9999880393593827,0.1195937857647521
DP02_0007E,0.1191832745411534,0.9999746090210317,0.1191832745411534
DP04_0047M,0.11914067483269644,0.9999884844704654,0.11914067483269644
DP05_0094M,-0.11895762678335642,0.9999879708153327,0.11895762678335642
DP03_0013M,0.11890041658449628,0.9999903797776377,0.11890041658449628
DP02_0133PE,-0.1188326939943365,0.9999980802648567,0.1188326939943365
DP02_0104E,0.11873583452591378,0.9999904623515926,0.11873583452591378
DP03_0123PM,-0.11822419080698712,0.9999990104738666,0.11822419080698712
DP04_0097M,0.11807233404659433,0.9999826642112429,0.11807233404659433
DP05_0019M,-0.1179586653366303,0.9999986160749543,0.1179586653366303
DP05_0090M,0.11774184528492791,0.9999883658388781,0.11774184528492791
DP04_0107M,-0.1175461351666281,0.9999871952372733,0.1175461351666281
DP02_0064M,-0.11678379055458403,0.9999759844596299,0.11678379055458403
DP02_0048PM,0.11667628320186652,0.9999964981171733,0.11667628320186652
DP03_0041M,0.11657972921700417,0.9999773753272237,0.11657972921700417
DP04_0110M,-0.11644996005050667,0.9999967050509804,0.11644996005050667
DP04_0129PM,-0.11499043818368992,0.9999991265337369,0.11499043818368992
DP04_0073E,0.1143101271708579,0.9999792997094356,0.1143101271708579
DP03_0027M,0.11367028198974631,0.9999726987621655,0.11367028198974631
DP05_0058M,0.11324354843326508,0.9999936306796714,0.11324354843326508
DP04_0052M,0.11263428195712472,0.9999801339997383,0.11263428195712472
DP02_0152M,0.11235578433036345,0.9999877359906084,0.11235578433036345
DP02_0019M,0.11235338267443243,0.9999877362839976,0.11235338267443243
DP02_0001M,0.11232057960525324,0.9999877401476706,0.11232057960525324
DP04_0103M,0.11143403282492037,0.9999875294942394,0.11143403282492037
DP05_0067M,0.11110194723262934,0.9999817720148166,0.11110194723262934
DP05_0074M,-0.11017702943667515,0.9999822373454224,0.11017702943667515
DP04_0135M,0.10950663767285243,0.9999923796553405,0.10950663767285243
DP04_0075M,0.1086479739733659,0.9999884316818768,0.1086479739733659
DP02_0057M,-0.1081037071408684,0.9999840785030989,0.1081037071408684
DP03_0036M,0.10765338188858066,0.9999841832687373,0.10765338188858066
DP03_0017PE,-0.107565301575204,0.9999977236296471,0.107565301575204
DP04_0131M,0.10723253716593245,0.9999867440108896,0.10723253716593245
DP02_0003M,-0.10646766977624907,0.9999864905895816,0.10646766977624907
DP04_0079M,-0.10515477398151482,0.999989965694703,0.10515477398151482
DP05_0079M,-0.10431960995101078,0.9999774582278007,0.10431960995101078
DP05_0089M,0.10410447100156156,0.9999865476647031,0.10410447100156156
DP02_0116M,0.1039173729673381,0.9999804771308302,0.1039173729673381
DP02_0075M,0.10337170801427902,0.9999927518125459,0.10337170801427902
DP02_0045M,0.1030630177814249,0.9999910609483349,0.1030630177814249
DP02_0050M,0.10306243160354328,0.9999910610110523,0.10306243160354328
DP05_0077M,0.10291668914433935,0.9999744732744557,0.10291668914433935
DP02_0018M,-0.10192424045065675,0.9999800206301573,0.10192424045065675
DP03_0068M,-0.10170052204118243,0.9999830076281131,0.10170052204118243
DP02_0033M,0.10118387273265077,0.9999850591216513,0.10118387273265077
DP04_0143M,-0.10112538111676035,0.9999930832072732,0.10112538111676035
DP03_0061M,0.10069879345924743,0.9999924704085182,0.10069879345924743
DP03_0127PE,-0.10034898914137172,0.9999880301935016,0.10034898914137172
DP02_0119M,0.09989220819722328,0.9999833140161719,0.09989220819722328
DP03_0010M,0.09971973275238459,0.9999916398915295,0.09971973275238459
DP02_0081M,-0.09958586879139025,0.9999932952663724,0.09958586879139025
DP04_0022M,-0.09901119092670478,0.9999823435443336,0.09901119092670478
DP05_0064M,-0.0988852862175347,0.9999884736037395,0.0988852862175347
DP02_0011M,-0.09815973306041426,0.9999892665767454,0.09815973306041426
DP03_0029M,0.09812925202755862,0.9999792909891381,0.09812925202755862
DP02_0070M,0.09801405440448557,0.9999847834054935,0.09801405440448557
DP04_0106M,-0.09765311088459186,0.9999896592853924,0.09765311088459186
DP02_0099M,-0.09719422930481181,0.9999837925805729,0.09719422930481181
DP02_0093M,-0.09719328324121895,0.9999837927580553,0.09719328324121895
DP04_0068M,-0.09699460820953346,0.9999875214367556,0.09699460820953346
DP04_0077M,-0.09688153727401956,0.9999903272326193,0.09688153727401956
DP03_0027PM,0.09680303620087871,0.9999998155922802,0.09680303620087871
DP02_0005E,0.0962788045203,0.9999756144046078,0.0962788045203
DP02_0031PE,0.09618841251674032,0.9999935893047688,0.09618841251674032
DP02_0031E,0.09616966602993926,0.9999935904336928,0.09616966602993926
DP03_0064M,0.09615811782250255,0.9999835783532365,0.09615811782250255
DP02_0141M,-0.09587322354130504,0.9999799167188711,0.09587322354130504
DP02_0101M,0.09585558911758413,0.999991953482707,0.09585558911758413
DP04_0094E,-0.093562058830442,0.9999864129011707,0.093562058830442
DP02_0002E,0.09346358501028673,0.9999860872995805,0.09346358501028673
DP02_0060M,-0.09263117888296311,0.9999853684038407,0.09263117888296311
DP02_0149M,-0.09232335451766735,0.9999843676975602,0.09232335451766735
DP02_0097E,0.09184915659045809,0.9999925878481637,0.09184915659045809
DP02_0058M,-0.09109900379440711,0.9999848752486504,0.09109900379440711
DP03_0018M,0.09100921810809633,0.9999885652750958,0.09100921810809633
DP04_0108M,-0.09035658616240741,0.9999901789942093,0.09035658616240741
DP03_0115M,0.09023431320595056,0.9999874365326433,0.09023431320595056
DP02_0041E,0.0901490409626092,0.999990946066865,0.0901490409626092
DP04_0141PM,-0.09009891780668644,0.9999992693062733,0.09009891780668644
DP04_0117M,-0.0896323293615773,0.9999963064900903,0.0896323293615773
DP02_0022M,-0.08935900666155831,0.9999762112329487,0.08935900666155831
DP04_0083M,0.08893312463645145,0.9999863601159849,0.08893312463645145
DP03_0108M,0.08875056641485579,0.9999847498272274,0.08875056641485579
DP03_0046M,-0.08869498401787143,0.9999750892973943,0.08869498401787143
DP03_0004M,-0.08869494417407318,0.9999750893071421,0.08869494417407318
DP03_0026M,-0.08869493672825317,0.99997508927773,0.08869493672825317
DP03_0032M,-0.08869440456471846,0.9999750894161809,0.08869440456471846
DP05_0087M,-0.08833162364179828,0.9999856592168958,0.08833162364179828
DP02_0055M,0.08749956090500263,0.9999895218119312,0.08749956090500263
DP05_0011M,-0.08737411799348441,0.9999879546616584,0.08737411799348441
DP02_0008M,0.08733666875700132,0.9999909245888998,0.08733666875700132
DP03_0021M,-0.08674017111568752,0.9999860429917501,0.08674017111568752
DP04_0127M,-0.08672128508316237,0.9999894003353323,0.08672128508316237
DP04_0017M,-0.08657814726136012,0.9999909501398396,0.08657814726136012
DP04_0054M,0.08623770423719988,0.9999863641004147,0.08623770423719988
DP03_0117M,0.085880779564689,0.9999852142449193,0.085880779564689
DP05_0039M,-0.08569043224558379,0.9999922436393139,0.08569043224558379
DP03_0014M,-0.08565502010699266,0.9999857218886797,0.08565502010699266
DP05_0003M,0.0856520162303602,0.9999993025305594,0.0856520162303602
DP05_0041M,0.0853418141064424,0.999995406000891,0.0853418141064424
DP02_0065M,-0.08506269506784955,0.9999845151555307,0.08506269506784955
DP04_0020M,-0.08500711098183407,0.9999839308508199,0.08500711098183407
DP03_0058M,-0.08403631993612459,0.9999898914863213,0.08403631993612459
DP04_0111M,-0.08398265383258932,0.9999853059059399,0.08398265383258932
DP04_0096M,0.08371415604259211,0.9999870564145088,0.08371415604259211
DP03_0028M,0.08203649957176054,0.9999831629700096,0.08203649957176054
DP05_0044M,-0.08193711133878298,0.9999919987831124,0.08193711133878298
DP02_0132M,0.08178434534696968,0.9999809631938585,0.08178434534696968
DP05_0048M,-0.08169413569730982,0.9999851158795796,0.08169413569730982
DP05_0020M,-0.08126119086619957,0.9999865642309697,0.08126119086619957
DP03_0001M,-0.081261058382708,0.9999865642518483,0.081261058382708
DP05_0046M,0.08102151206015569,0.9999926552020755,0.08102151206015569
DP04_0140M,0.08086369797637677,0.9999893351813607,0.08086369797637677
DP03_0048M,0.08029370616756973,0.9999849942648074,0.08029370616756973
DP02_0062M,-0.08026794195456839,0.9999793937682516,0.08026794195456839
DP04_0141M,0.08015329874240121,0.9999902339284242,0.08015329874240121
DP02_0077M,0.07964756610118721,0.9999939678968727,0.07964756610118721
DP05_0008M,0.07926026067810195,0.999989465957313,0.07926026067810195
DP02_0005M,-0.07749302986679493,0.9999921350983836,0.07749302986679493
DP03_0017M,-0.07626717781896161,0.9999822194341689,0.07626717781896161
DP02_0010M,0.07591358287788244,0.9999888438135026,0.07591358287788244
DP03_0112E,-0.0754889949298211,0.9999891585436533,0.0754889949298211
DP04_0030M,-0.07545567942155594,0.9999883180045799,0.07545567942155594
DP02_0029M,-0.07513585941479725,0.9999925146618224,0.07513585941479725
DP04_0074E,-0.07512000362903076,0.9999818939917114,0.07512000362903076
DP03_0040M,0.0750861151637799,0.9999865116563252,0.0750861151637799
DP03_0082M,-0.07492106925469172,0.9999919196318537,0.07492106925469172
DP02_0072M,0.07489767609290496,0.9999877750500552,0.07489767609290496
DP03_0085M,-0.07403803867669231,0.9999951476690536,0.07403803867669231
DP02_0002M,0.07384961857050847,0.9999925738552351,0.07384961857050847
DP03_0075M,0.07380997953358687,0.999989681032773,0.07380997953358687
DP04_0105M,-0.07334644882382677,0.9999914518834786,0.07334644882382677
DP02_0049E,0.07320323066371813,0.9999824374346005,0.07320323066371813
DP05_0065M,-0.07298537608159923,0.9999853137241491,0.07298537608159923
DP02_0042M,0.07278450145881579,0.9999962576917707,0.07278450145881579
DP02_0127M,-0.0727780455485105,0.9999851054483668,0.0727780455485105
DP03_0089M,-0.07225904397529392,0.9999890758025239,0.07225904397529392
DP03_0055M,-0.07148661610075455,0.9999920189355767,0.07148661610075455
DP05_0082M,-0.07100412764892164,0.9999894979645825,0.07100412764892164
DP04_0124E,-0.07072457762403365,0.9999736214445537,0.07072457762403365
DP03_0126PE,0.07072271406362768,0.9999984293076469,0.07072271406362768
DP04_0018M,-0.06999069356385512,0.999987818736301,0.06999069356385512
DP03_0102M,0.06968350734202788,0.9999943641606556,0.06968350734202788
DP03_0045M,-0.06895408968528335,0.999988951745176,0.06895408968528335
DP04_0035M,0.06881398554906777,0.9999901947120173,0.06881398554906777
DP02_0051E,0.06851384657843959,0.9999924780825842,0.06851384657843959
DP02_0113E,0.0681333588690721,0.999995931356374,0.0681333588690721
DP03_0113E,-0.06799711905230782,0.9999832051756516,0.06799711905230782
DP05_0087E,0.06789278022161657,0.9999821762505573,0.06789278022161657
DP04_0013M,-0.06752904327979797,0.9999875627656236,0.06752904327979797
DP02_0062E,0.06736027570794632,0.9999904558788594,0.06736027570794632
DP02_0064E,0.0672807389373992,0.9999904512698713,0.0672807389373992
DP02_0063E,0.06642857596848488,0.99999053765101,0.06642857596848488
DP04_0019M,0.06625291553197024,0.9999859822832832,0.06625291553197024
DP04_0065M,-0.06614878106314903,0.9999852808374547,0.06614878106314903
DP05_0085E,0.06592036125108611,0.9999921288843038,0.06592036125108611
DP02_0060E,0.06541151337830535,0.9999884659401251,0.06541151337830535
DP04_0071M,0.06470701082546229,0.9999921270500497,0.06470701082546229
DP02_0087M,-0.06443917433027485,0.9999893814983098,0.06443917433027485
DP02_0039E,0.06443058695373724,0.9999966645092893,0.06443058695373724
DP02_0110M,-0.06437611772159785,0.9999886976786901,0.06437611772159785
DP02_0025E,0.0641297067010306,0.9999957420120488,0.0641297067010306
DP02_0025PE,0.0640495605355994,0.9999957472494562,0.0640495605355994
DP04_0053M,-0.06396311882752459,0.9999886512434238,0.06396311882752459
DP03_0066M,0.06357820986542442,0.9999917259592085,0.06357820986542442
DP02_0145M,0.06326202569478222,0.9999921695870163,0.06326202569478222
DP02_0020E,-0.0631295030949077,0.9999920222509386,0.0631295030949077
DP03_0047M,-0.06309587640946149,0.9999818517666167,0.06309587640946149
DP03_0056M,0.0627913636857078,0.9999923103369518,0.0627913636857078
DP03_0030M,0.06271940051900632,0.9999904214886467,0.06271940051900632
DP05_0022M,0.06195614151407673,0.9999910262262593,0.06195614151407673
DP04_0028M,-0.061581408770705004,0.9999976585586587,0.061581408770705004
DP05_0037E,0.061049030093552746,0.9999876668762451,0.061049030093552746
DP03_0121PE,0.060766708536161076,0.9999981214512897,0.060766708536161076
DP04_0120E,-0.060687399452113065,0.9999775666564741,0.060687399452113065
DP03_0038M,0.06056556561269098,0.9999887808590048,0.06056556561269098
DP02_0029E,0.06047441682149992,0.9999861742139741,0.06047441682149992
DP03_0083M,-0.06034264365498897,0.9999935809876431,0.06034264365498897
DP04_0086M,-0.06029694286526466,0.9999897003250675,0.06029694286526466
DP05_0056M,0.05988884353931877,0.9999969837141487,0.05988884353931877
DP04_0101E,0.059695731012258085,0.9999812190489917,0.059695731012258085
DP02_0034M,0.0594785198284372,0.9999937500667172,0.0594785198284372
DP02_0108M,0.05907520756667156,0.9999898221624192,0.05907520756667156
DP04_0074M,0.05890234221298034,0.9999948813650695,0.05890234221298034
DP02_0006M,-0.05881774879437607,0.9999936616452095,0.05881774879437607
DP02_0022E,0.05794768851663229,0.9999865410999118,0.05794768851663229
DP02_0129M,0.057570432934082386,0.9999813409451316,0.057570432934082386
DP02_0085M,-0.056984134706666356,0.9999890837107448,0.056984134706666356
DP04_0029M,0.056912128283734965,0.999992873206935,0.056912128283734965
DP04_0119M,-0.05632437944276724,0.9999947364549846,0.05632437944276724
DP04_0099M,0.0558874871068476,0.9999933796244938,0.0558874871068476
DP02_0080M,0.05549500389192093,0.9999931210605246,0.05549500389192093
DP05_0012M,0.055482884156608195,0.9999914319310619,0.055482884156608195
DP03_0070M,-0.055457026982380975,0.9999931546650768,0.055457026982380975
DP02_0151M,0.054718463986480705,0.9999884761286522,0.054718463986480705
DP04_0100M,-0.054602166124250125,0.9999920154030796,0.054602166124250125
DP02_0126M,-0.05443196618353494,0.9999873751015915,0.05443196618353494
DP02_0083M,-0.05441270013094296,0.9999857037404797,0.05441270013094296
DP04_0079E,0.05419053580509754,0.9999807881847804,0.05419053580509754
DP02_0024E,0.05412247834298208,0.9999875043373492,0.05412247834298208
DP04_0116E,-0.053976141095423556,0.9999871519815235,0.053976141095423556
DP02_0040M,-0.05390791585027366,0.9999989747369608,0.05390791585027366
DP02_0107PM,-0.053603833422999014,0.9999984163430906,0.053603833422999014
DP04_0031M,-0.053518830855840825,0.9999915958619886,0.053518830855840825
DP05_0062M,-0.05326466941801436,0.9999909929500002,0.05326466941801436
DP02_0084M,-0.0531168834105443,0.9999912128522889,0.0531168834105443
DP02_0023E,0.05310486768028279,0.999987781992938,0.05310486768028279
DP02_0021M,-0.052855210023176724,0.9999950265365415,0.052855210023176724
DP02_0106PM,0.052757892317537844,0.999998292099881,0.052757892317537844
DP05_0094E,-0.052734964731201095,0.999957190463328,0.052734964731201095
DP03_0117E,0.05233291100106501,0.9999735102477595,0.05233291100106501
DP03_0050M,0.05221523248807575,0.9999965906535941,0.05221523248807575
DP04_0088M,0.05077669315262834,0.9999934591857379,0.05077669315262834
DP03_0059M,0.05044404417177509,0.999994487889855,0.05044404417177509
DP02_0076M,-0.05026684249038521,0.9999931009098245,0.05026684249038521
DP02_0078M,-0.05025456099909159,0.9999937347938826,0.05025456099909159
DP03_0118M,0.05009659968812973,0.9999924615416653,0.05009659968812973
DP02_0061M,0.050092812269652044,0.9999932343836313,0.050092812269652044
DP04_0142M,0.050047079257374845,0.9999923542009628,0.050047079257374845
DP04_0115M,0.04981598735867945,0.9999934663095954,0.04981598735867945
DP04_0043M,0.0498153276334532,0.9999912529546366,0.0498153276334532
DP04_0064M,0.04931196848587924,0.999991403428309,0.04931196848587924
DP02_0068E,0.04896555859936923,0.9999903020581572,0.04896555859936923
DP04_0114E,0.04896269611541314,0.9999787768221091,0.04896269611541314
DP02_0059M,0.048916995448851266,0.9999924894273926,0.048916995448851266
DP02_0123E,0.04879991938777634,0.9999751062772829,0.04879991938777634
DP04_0039M,-0.04842327926087492,0.999998113827447,0.04842327926087492
DP02_0014M,-0.04819149052853334,0.9999936225440693,0.04819149052853334
DP04_0021M,-0.04794737362835194,0.9999919438936246,0.04794737362835194
DP02_0122E,0.04762858040545229,0.9999920867671209,0.04762858040545229
DP02_0044M,0.047518102951843035,0.9999926233800117,0.047518102951843035
DP02_0039M,-0.04725147942551708,0.9999971444837938,0.04725147942551708
DP02_0099PE,-0.04720164971889419,0.9999957291834927,0.04720164971889419
DP02_0093E,-0.047201476511893055,0.999995729191558,0.047201476511893055
DP02_0099E,-0.047201422012856736,0.9999957291973368,0.047201422012856736
DP04_0066M,0.046976062327852036,0.9999899950410933,0.046976062327852036
DP02_0030M,-0.046930061488343,0.9999941546935651,0.046930061488343
DP04_0055M,0.046763016465501926,0.9999937698301206,0.046763016465501926
DP03_0085E,0.04651971252515292,0.999979081222717,0.04651971252515292
DP04_0133M,0.04650463359445124,0.9999950416684861,0.04650463359445124
DP02_0146M,-0.04614346795432616,0.9999894042908618,0.04614346795432616
DP02_0034E,0.04559269622718709,0.9999886805740082,0.04559269622718709
DP03_0080M,0.045406116696817544,0.9999953114155059,0.045406116696817544
DP04_0104M,0.04536225110510936,0.9999947482867984,0.04536225110510936
DP04_0072M,-0.04484015205564794,0.9999883257214376,0.04484015205564794
DP04_0057M,-0.0448400755410435,0.9999883257415314,0.0448400755410435
DP04_0062M,-0.04484007191514658,0.9999883257414655,0.04484007191514658
DP04_0076M,-0.04484006736954821,0.9999883257407374,0.04484006736954821
DP04_0045M,-0.044840043245637506,0.9999883257485741,0.044840043245637506
DP04_0050M,-0.04483999248417802,0.9999883257642092,0.04483999248417802
DP03_0051M,-0.04483998398805575,0.9999883257637234,0.04483998398805575
DP04_0002M,-0.04483988529973703,0.999988325791275,0.04483988529973703
DP02_0118E,0.04470695807065071,0.9999923998689231,0.04470695807065071
DP05_0056E,0.04408802236173473,0.999995822572056,0.04408802236173473
DP02_0109E,-0.04391958688870308,0.9999973500226402,0.04391958688870308
DP03_0078E,-0.04389651400737167,0.9999829545636205,0.04389651400737167
DP03_0034M,-0.0438792488436415,0.9999935500015076,0.0438792488436415
DP05_0067E,-0.043360144130657474,0.999988139451379,0.043360144130657474
DP02_0125M,-0.04260551324270541,0.9999841944788108,0.04260551324270541
DP04_0107E,0.04253326835627736,0.9999731632559836,0.04253326835627736
DP02_0009M,-0.04242759278595915,0.999995861965764,0.04242759278595915
DP02_0129PE,-0.04199597646495412,0.9999997266283283,0.04199597646495412
DP05_0083E,0.041814265825893385,0.999988939463191,0.041814265825893385
DP04_0009M,-0.04179576575961278,0.999993544390608,0.04179576575961278
DP03_0110E,0.04176624726378655,0.9999911007174971,0.04176624726378655
DP02_0138M,0.04157238588760971,0.9999947110981526,0.04157238588760971
DP02_0023M,0.041398980929830104,0.9999904632223855,0.041398980929830104
DP05_0084M,0.04134325563775678,0.9999956667239905,0.04134325563775678
DP02_0011E,0.04127082671768839,0.9999858717286938,0.04127082671768839
DP04_0101M,0.04123007618424884,0.9999921661781485,0.04123007618424884
DP03_0061E,-0.0411549919487844,0.9999828614940081,0.0411549919487844
DP02_0052E,-0.04105333376772562,0.9999931886536172,0.04105333376772562
DP02_0124PE,0.04096688457201253,0.999995217939612,0.04096688457201253
DP02_0124E,0.040959466074274496,0.9999952187375276,0.040959466074274496
DP02_0088E,0.04095507026424099,0.999995219288643,0.04095507026424099
DP02_0088PE,0.040860974134706234,0.9999952300177175,0.040860974134706234
DP02_0106M,0.0407943955513784,0.9999926158685595,0.0407943955513784
DP02_0071PE,-0.040505304593323875,0.9999882345688307,0.040505304593323875
DP02_0071E,-0.04042372475947825,0.9999882604648801,0.04042372475947825
DP02_0135M,-0.04040510244563146,0.999992937252814,0.04040510244563146
DP03_0116E,0.040218720410664724,0.9999791376275485,0.040218720410664724
DP02_0150E,-0.04006742160811555,0.999974148120797,0.04006742160811555
DP04_0119E,-0.03970491462696878,0.9999827410813404,0.03970491462696878
DP02_0120E,0.039519115055364894,0.9999934474788221,0.039519115055364894
DP04_0085M,-0.03950487638565009,0.9999936931530228,0.03950487638565009
DP03_0105M,-0.03948035225411457,0.9999924723056571,0.03948035225411457
DP02_0149E,0.039460902563759004,0.9999810093523075,0.039460902563759004
DP02_0030E,0.039271054954958376,0.9999889297905952,0.039271054954958376
DP05_0080M,-0.03926730743849714,0.9999902886101689,0.03926730743849714
DP02_0036E,0.039190697251796025,0.9999884288780839,0.039190697251796025
DP05_0026E,0.03907618453489611,0.9999886798308985,0.03907618453489611
DP02_0037M,0.03900014995434273,0.9999965067683382,0.03900014995434273
DP02_0068M,0.03898297746170448,0.9999931044144078,0.03898297746170448
DP04_0095E,0.03893321431560846,0.9999757230424122,0.03893321431560846
DP04_0011M,0.038873457216591294,0.9999942078503361,0.038873457216591294
DP03_0010PE,0.0388530274872865,0.9999775745854045,0.0388530274872865
DP03_0010E,0.03882022229114667,0.9999775982794493,0.03882022229114667
DP04_0010M,-0.03876421344026887,0.9999945450282363,0.03876421344026887
DP04_0059M,-0.0386084761014927,0.9999921918919911,0.0386084761014927
DP02_0010E,-0.038510889996772116,0.9999929567950006,0.038510889996772116
DP02_0042E,0.03820968804365173,0.9999984007746189,0.03820968804365173
DP04_0134E,0.037718827600902005,0.999991149446629,0.037718827600902005
DP02_0007M,-0.037349548517363225,0.999996396947565,0.037349548517363225
DP05_0069E,-0.0373194455412616,0.9999866953638124,0.0373194455412616
DP04_0061M,-0.037243837908879814,0.9999935129815912,0.037243837908879814
DP02_0139M,0.037144094369926134,0.9999886406829638,0.037144094369926134
DP04_0131E,-0.03700299029232807,0.9999766371024676,0.03700299029232807
DP04_0102M,0.03683035652208434,0.9999970491584252,0.03683035652208434
DP04_0092M,0.036830234636795044,0.9999970491678731,0.036830234636795044
DP02_0059E,-0.03682227470792676,0.9999880639900594,0.03682227470792676
DP02_0059PE,-0.03680305779844892,0.9999880700319674,0.03680305779844892
DP02_0032E,0.03670604950717523,0.9999892613966708,0.03670604950717523
DP04_0028E,0.03657612128106723,0.9999934264190525,0.03657612128106723
DP02_0101E,-0.036255863283879176,0.9999935387911928,0.036255863283879176
DP02_0066M,0.03619350799280356,0.9999934031217876,0.03619350799280356
DP04_0125E,0.03613413014575902,0.9999874865565113,0.03613413014575902
DP05_0022E,-0.03612066528534742,0.9999780939605292,0.03612066528534742
DP02_0035PM,-0.03602218580932437,0.9999999582268664,0.03602218580932437
DP03_0107M,-0.03586642592312475,0.9999935779237632,0.03586642592312475
DP04_0017E,-0.03565500492617364,0.9999784165608395,0.03565500492617364
DP02_0122M,-0.03550957449127888,0.9999937056507581,0.03550957449127888
DP04_0137M,-0.03550368019477802,0.9999954256755326,0.03550368019477802
DP03_0024M,-0.03539921052832122,0.9999923676360899,0.03539921052832122
DP02_0108PM,-0.03519071266980671,0.9999989169085796,0.03519071266980671
DP03_0097M,-0.03505098661956278,0.9999870667143139,0.03505098661956278
DP04_0128M,0.03491518045065851,0.9999945278357342,0.03491518045065851
DP02_0061E,0.0348367054448481,0.999993925898031,0.0348367054448481
DP02_0120M,-0.03482641780984517,0.9999954153449342,0.03482641780984517
DP02_0100M,0.03467385896483313,0.9999966784319526,0.03467385896483313
DP05_0066E,-0.034535090800747605,0.9999944327790503,0.034535090800747605
DP02_0054E,0.03426238803707069,0.9999829550127728,0.03426238803707069
DP02_0114E,0.033967019191064235,0.9999969064212758,0.033967019191064235
DP02_0067M,0.03388384845587662,0.9999949134016155,0.03388384845587662
DP04_0071E,-0.03369630803333028,0.999978193897538,0.03369630803333028
DP04_0012M,-0.03356786273429446,0.9999949628458322,0.03356786273429446
DP04_0110PE,0.03324534126015086,0.9999890947432345,0.03324534126015086
DP04_0110E,0.03324519189739507,0.9999890947496664,0.03324519189739507
DP04_0134M,0.03316626879481736,0.99999395406764,0.03316626879481736
DP02_0130M,-0.03280399400905577,0.9999878707738211,0.03280399400905577
DP02_0073E,0.03266567658773198,0.9999923970762886,0.03266567658773198
DP02_0073PE,0.032656893046954405,0.9999923991395755,0.032656893046954405
DP02_0073M,0.032566779523104515,0.9999976834753167,0.032566779523104515
DP02_0128M,0.032351206691754605,0.9999934887959757,0.032351206691754605
DP04_0103E,-0.032296519997199395,0.9999795666654369,0.032296519997199395
DP03_0056E,-0.03226539244509443,0.9999767140620376,0.03226539244509443
DP03_0079E,0.03182516390201787,0.9999879193121833,0.03182516390201787
DP05_0052M,0.03167093033679112,0.999996215618824,0.03167093033679112
DP04_0051M,0.031375020221253345,0.9999956185245678,0.031375020221253345
DP05_0027E,-0.031348465037366754,0.9999916374002497,0.031348465037366754
DP05_0058E,0.031330473674095485,0.9999966033292207,0.031330473674095485
DP03_0039E,-0.030858276260232975,0.9999753538820083,0.030858276260232975
DP02_0026E,0.030579362023023898,0.9999910942711159,0.030579362023023898
DP02_0090E,-0.03057644467433897,0.999995757739003,0.03057644467433897
DP04_0029E,-0.03053245220642268,0.9999791666419126,0.03053245220642268
DP02_0033E,0.03048259082046796,0.9999912757027424,0.03048259082046796
DP03_0039M,-0.02995584200894539,0.999996071834975,0.02995584200894539
DP04_0081M,-0.029876214431294363,0.9999967531374631,0.029876214431294363
DP03_0022M,-0.029832556674094617,0.9999951154785651,0.029832556674094617
DP02_0041M,0.029813057618161776,0.9999945101394093,0.029813057618161776
DP04_0121M,0.029638428139040628,0.9999976904873539,0.029638428139040628
DP02_0086M,-0.029232820154899263,0.9999941185852214,0.029232820154899263
DP03_0005E,0.029133741529550054,0.9999911351832662,0.029133741529550054
DP04_0070M,-0.029077518740174436,0.9999972883904483,0.029077518740174436
DP02_0055E,-0.028921528184664577,0.9999876962805795,0.028921528184664577
DP03_0070E,0.028829756348531427,0.9999812777408231,0.028829756348531427
DP04_0129M,-0.028580378137160245,0.9999947402079125,0.028580378137160245
DP04_0095M,-0.02847112035105484,0.9999959280232316,0.02847112035105484
DP05_0060M,-0.028443639029202442,0.9999945855614021,0.028443639029202442
DP02_0116E,0.0281530205493434,0.9999952142742243,0.0281530205493434
DP02_0027E,0.028109942501281272,0.9999921385165801,0.028109942501281272
DP03_0012E,-0.028095481905692568,0.9999949731547454,0.028095481905692568
DP03_0054E,0.028020896284191004,0.9999843947447483,0.028020896284191004
DP02_0143M,0.027767197426322245,0.9999941627996524,0.027767197426322245
DP03_0076M,-0.02772936478537827,0.9999970327455807,0.02772936478537827
DP04_0034M,0.02771764250127287,0.9999956025979416,0.02771764250127287
DP03_0127PM,0.027384973231306724,0.9999974465244467,0.027384973231306724
DP03_0081M,-0.027326239517178164,0.9999967560901268,0.027326239517178164
DP05_0062E,0.027309987221793758,0.9999923945225784,0.027309987221793758
DP02_0075E,0.02730944529412874,0.9999917522139209,0.02730944529412874
DP02_0075PE,0.027272965599399637,0.9999917637910022,0.027272965599399637
DP03_0055E,-0.02727168418386894,0.9999848018580704,0.02727168418386894
DP02_0052M,0.02712560772873597,0.9999981571950247,0.02712560772873597
DP02_0021E,-0.026986031505243833,0.9999967098626233,0.026986031505243833
DP05_0070M,-0.02668363928441262,0.9999933121493377,0.02668363928441262
DP03_0058E,0.026513600046458845,0.9999813401574386,0.026513600046458845
DP04_0077E,-0.026470626997380443,0.999978160882015,0.026470626997380443
DP03_0101E,-0.026214817860797022,0.9999941844984167,0.026214817860797022
DP02_0018PE,-0.026144166183707393,0.9999876748612601,0.026144166183707393
DP03_0111E,-0.026104881921013286,0.9999963765626485,0.026104881921013286
DP02_0018E,-0.0260748150650765,0.9999877027468401,0.0260748150650765
DP02_0014E,-0.026057674715662667,0.9999896321367614,0.026057674715662667
DP03_0109PE,-0.02603534593437579,0.9999793947029146,0.02603534593437579
DP03_0109E,-0.0260350011499766,0.9999793949477686,0.0260350011499766
DP02_0109M,-0.02595542025853477,0.9999979692373124,0.02595542025853477
DP02_0087E,0.025729838741041816,0.9999806953547127,0.025729838741041816
DP02_0047M,-0.025678297566436283,0.9999981814508732,0.025678297566436283
DP02_0035M,0.025585926055214633,0.9999966498636901,0.025585926055214633
DP05_0074E,0.025527445596592542,0.9999916907182115,0.025527445596592542
DP04_0063M,0.02552126411210031,0.9999932897218939,0.02552126411210031
DP02_0043M,-0.02518139465766138,0.9999980667762541,0.02518139465766138
DP02_0079E,0.024986553086221885,0.9999782686919324,0.024986553086221885
DP04_0127E,0.024898867657054635,0.999984491262263,0.024898867657054635
DP02_0079PE,0.02489851658793151,0.9999783811897925,0.02489851658793151
DP03_0105E,0.024855058413235407,0.9999892618707071,0.024855058413235407
DP03_0095E,0.024718671652452784,0.9999890009449138,0.024718671652452784
DP03_0095PE,0.02471855998323622,0.9999890010159241,0.02471855998323622
DP02_0008E,-0.0246143565559922,0.9999889609122179,0.0246143565559922
DP04_0078E,-0.024555036885385427,0.9999903106439266,0.024555036885385427
DP02_0053M,0.024363300062417055,0.9999945727357871,0.024363300062417055
DP05_0093E,0.024306804446591557,0.9999806397095014,0.024306804446591557
DP03_0098M,0.024230201797691146,0.999992585595036,0.024230201797691146
DP05_0092PE,-0.024161998315469006,0.9999719336295013,0.024161998315469006
DP05_0092E,-0.0241490205298558,0.9999719451777798,0.0241490205298558
DP02_0056E,0.024093692040883703,0.9999863719122255,0.024093692040883703
DP02_0107M,-0.023980408782145815,0.9999959020463178,0.023980408782145815
DP03_0115E,-0.023789405691223363,0.9999904052952693,0.023789405691223363
DP05_0047E,-0.023733320032284892,0.9999969829175884,0.023733320032284892
DP05_0051E,0.023653615923143603,0.9999878072254175,0.023653615923143603
DP04_0122E,-0.023587386248807587,0.9999947833904088,0.023587386248807587
DP05_0088M,0.023473922609593877,0.9999972424440228,0.023473922609593877
DP02_0026M,-0.023412428730159432,0.9999961719446405,0.023412428730159432
DP03_0053E,0.02329463023111256,0.9999907789010469,0.02329463023111256
DP03_0112PE,-0.023279924060318286,0.9999994891468093,0.023279924060318286
DP03_0052E,0.02310269514939016,0.9999885649474513,0.02310269514939016
DP04_0044M,0.02306542402625112,0.999997025940147,0.02306542402625112
DP05_0082E,0.023062064568368904,0.999993277285076,0.023062064568368904
DP03_0106E,-0.022794702301669814,0.9999848926108282,0.022794702301669814
DP02_0153E,0.022519016056576295,0.9999831126232402,0.022519016056576295
DP02_0065E,0.022509262932074683,0.9999888604018902,0.022509262932074683
DP02_0119E,-0.02240906684828057,0.9999877569207383,0.02240906684828057
DP02_0035E,0.022384499474626125,0.9999935076909923,0.022384499474626125
DP04_0099E,0.022337170665691585,0.9999871529235305,0.022337170665691585
DP02_0050E,-0.022307517938847863,0.9999917104896254,0.022307517938847863
DP02_0050PE,-0.02230734582719051,0.9999917105766865,0.02230734582719051
DP02_0045E,-0.022305818836962497,0.9999917111548835,0.022305818836962497
DP04_0075E,-0.022238953111366512,0.9999933529354001,0.022238953111366512
DP03_0076E,-0.022211799011975526,0.9999919121307574,0.022211799011975526
DP05_0008E,-0.02218418720865009,0.9999973695743233,0.02218418720865009
DP02_0078E,0.022167513823016117,0.9999758361619379,0.022167513823016117
DP03_0035M,0.02198259143402644,0.9999952170792955,0.02198259143402644
DP02_0082E,-0.021963090128913863,0.9999855919183719,0.021963090128913863
DP03_0072M,-0.021802115858721455,0.9999973634582595,0.021802115858721455
DP02_0037E,0.02168541131776267,0.9999853304805371,0.02168541131776267
DP02_0037PE,0.021680837469470325,0.9999853332659018,0.021680837469470325
DP04_0111E,-0.02150667619327023,0.999980920781214,0.02150667619327023
DP03_0068E,0.021275547631920882,0.999967974788192,0.021275547631920882
DP05_0050M,0.021116788230974893,0.9999963939395208,0.021116788230974893
DP02_0003E,0.020995451979658904,0.9999919773388728,0.020995451979658904
DP05_0017E,-0.02090465296352466,0.9999840480864886,0.02090465296352466
DP02_0126E,-0.02087888231743633,0.999980231040349,0.02087888231743633
DP02_0012M,0.020790473112315324,0.9999977889214844,0.020790473112315324
DP04_0093E,-0.020760504201541647,0.9999836332115598,0.020760504201541647
DP04_0091E,-0.020751155128015404,0.9999836399358764,0.020751155128015404
DP05_0090E,0.020750345581917694,0.9999887185904426,0.020750345581917694
DP04_0093PE,-0.02074587680468961,0.9999836435104822,0.02074587680468961
DP03_0114M,0.02068139106911014,0.9999979155620865,0.02068139106911014
DP04_0113E,0.02050983047092473,0.9999888951888094,0.02050983047092473
DP02_0103M,-0.0204277903092675,0.9999958778646093,0.0204277903092675
DP04_0102PE,0.020258485566441036,0.9999812534128831,0.020258485566441036
DP04_0092E,0.020258059753753378,0.9999812536716008,0.020258059753753378
DP04_0102E,0.02025649770145186,0.9999812548984759,0.02025649770145186
DP03_0104PE,0.02010125056200955,0.99997520181712,0.02010125056200955
DP03_0104E,0.020093091088808825,0.9999752054613865,0.020093091088808825
DP03_0019M,0.020045050492701576,0.9999941201864219,0.020045050492701576
DP04_0118E,-0.02001326173031425,0.999986961660933,0.02001326173031425
DP04_0025M,-0.0199593841965139,0.9999968609697187,0.0199593841965139
DP05_0029M,0.01975088308804443,0.9999981589033761,0.01975088308804443
DP05_0024M,0.019750820350604353,0.9999981589092233,0.019750820350604353
DP04_0140E,-0.019712991556648837,0.9999886673899507,0.019712991556648837
DP03_0020M,-0.01959276573209107,0.9999959816647734,0.01959276573209107
DP02_0058E,0.019564062686661252,0.9999888171541347,0.019564062686661252
DP02_0074M,0.019423956566400113,0.999997239290477,0.019423956566400113
DP03_0001PE,-0.01928112300754479,0.9999906080899177,0.01928112300754479
DP03_0001E,-0.01926767234507113,0.9999906142522684,0.01926767234507113
DP05_0020E,-0.019257894469927192,0.9999906179656795,0.019257894469927192
DP03_0013E,0.01903821849952113,0.9999918366676014,0.01903821849952113
DP03_0007E,-0.018769557394092876,0.9999968257762867,0.018769557394092876
DP02_0142M,-0.018649427262352858,0.9999956236293789,0.018649427262352858
DP05_0071M,-0.018538301395356255,0.9999961935289152,0.018538301395356255
DP02_0076E,-0.018449866739137875,0.9999802902643743,0.018449866739137875
DP02_0013E,0.01828354344195271,0.9999914334669833,0.01828354344195271
DP05_0030E,-0.018226474507432398,0.9999909712865206,0.018226474507432398
DP05_0031E,0.01816147388256531,0.9999909735762041,0.01816147388256531
DP03_0102PE,-0.01813538556555193,0.9999834817367533,0.01813538556555193
DP03_0102E,-0.018130831896262602,0.9999834849441597,0.018130831896262602
DP03_0107E,-0.018088399288990784,0.9999875308180664,0.018088399288990784
DP02_0057E,0.017987396212993736,0.9999907216680645,0.017987396212993736
DP05_0009M,-0.017852299825969413,0.9999973415397815,0.017852299825969413
DP02_0135E,0.017587329778880632,0.9999830844684827,0.017587329778880632
DP02_0117E,0.017560765478225368,0.9999869324944843,0.017560765478225368
DP02_0052PM,0.017497784516297507,0.9999992231566107,0.017497784516297507
DP04_0142E,0.01747339268262656,0.9999845019241507,0.01747339268262656
DP02_0069PE,0.01746868822373153,0.9999986040793062,0.01746868822373153
DP02_0069E,0.01742003162490574,0.9999986079962854,0.01742003162490574
DP04_0039E,-0.01725504670761246,0.9999964749452924,0.01725504670761246
DP04_0138M,0.017202721995155962,0.9999980410482696,0.017202721995155962
DP02_0086E,0.017197860464818016,0.9999903847018856,0.017197860464818016
DP03_0003E,0.017125515227077226,0.999995259973374,0.017125515227077226
DP03_0008E,0.017098507207520076,0.9999952669234132,0.017098507207520076
DP04_0054E,-0.01706240665504405,0.999974713335294,0.01706240665504405
DP03_0008PE,0.017047529459788033,0.9999952808951934,0.017047529459788033
DP04_0033M,0.01703599537613218,0.9999969412666175,0.01703599537613218
DP03_0084E,-0.016879429850292026,0.9999942827596934,0.016879429850292026
DP02_0066E,0.01678271815120091,0.9999918385996821,0.01678271815120091
DP02_0024M,-0.016746293306631663,0.9999955701881866,0.016746293306631663
DP04_0070E,0.016720393627845383,0.9999941362020157,0.016720393627845383
DP03_0074M,0.01669384550019638,0.9999973044952631,0.01669384550019638
DP03_0016E,-0.016472433471609454,0.999981881699159,0.016472433471609454
DP04_0112M,0.01646499958291281,0.9999976622774566,0.01646499958291281
DP03_0016PE,-0.016458089669568764,0.99998190092882,0.016458089669568764
DP04_0117PE,-0.01636875690579607,0.9999922961120316,0.01636875690579607
DP04_0117E,-0.01636822458688168,0.9999922963442193,0.01636822458688168
DP04_0137E,0.016349638379203512,0.9999901164256731,0.016349638379203512
DP02_0144M,0.016051396295775996,0.9999967498906885,0.016051396295775996
DP03_0048E,-0.01591516758316476,0.9999932329406737,0.01591516758316476
DP04_0055E,0.015896268010395682,0.9999837570842844,0.015896268010395682
DP03_0081E,0.015882124175599973,0.9999898187957654,0.015882124175599973
DP02_0063M,0.015877805806300202,0.9999962407125249,0.015877805806300202
DP02_0134E,0.015748027020784143,0.9999918887453093,0.015748027020784143
DP03_0006E,-0.015698400843493027,0.9999986203489515,0.015698400843493027
DP05_0088E,0.015553893455531636,0.9999938811711819,0.015553893455531636
DP03_0023E,-0.015450968441986523,0.9999861556644799,0.015450968441986523
DP05_0009E,-0.015425473253920435,0.9999981104747931,0.015425473253920435
DP03_0044E,0.01539600233682073,0.9999882701283734,0.01539600233682073
DP05_0014M,0.015134744833157451,0.9999989712484068,0.015134744833157451
DP05_0013M,0.015106870483771961,0.9999989745611824,0.015106870483771961
DP03_0067M,0.015069625262138522,0.9999795544882711,0.015069625262138522
DP04_0032M,0.014946871138394713,0.9999973518800661,0.014946871138394713
DP05_0042M,0.014893258753660543,0.9999986499668596,0.014893258753660543
DP02_0143E,-0.014868752187223652,0.9999884505544088,0.014868752187223652
DP04_0105E,0.01480279146784089,0.9999848042770029,0.01480279146784089
DP04_0091M,0.01475439381502669,0.9999991600827804,0.01475439381502669
DP04_0093M,0.01475410005682884,0.999999160099621,0.01475410005682884
DP04_0100E,0.014708252753187441,0.9999903575077403,0.014708252753187441
DP04_0027M,0.014575913562898238,0.9999904240901758,0.014575913562898238
DP04_0038M,0.014575812440928738,0.9999904241605527,0.014575812440928738
DP05_0091M,0.014575773029337193,0.9999904241856279,0.014575773029337193
DP04_0016M,0.014575740164189582,0.9999904242109096,0.014575740164189582
DP04_0006M,0.01457570176700207,0.9999904242367963,0.01457570176700207
DP04_0001M,0.014575698646966681,0.9999904242409707,0.014575698646966681
DP04_0121E,0.014564673974357713,0.9999965608641995,0.014564673974357713
DP02_0012E,0.01456060202537105,0.9999936864279906,0.01456060202537105
DP03_0100E,-0.014530888726169342,0.999991874005285,0.014530888726169342
DP03_0100PE,-0.014524823270652094,0.999991877997942,0.014524823270652094
DP05_0070E,0.014364176145097258,0.9999933508478368,0.014364176145097258
DP04_0133E,0.014329922400779085,0.9999916263792525,0.014329922400779085
DP05_0065E,0.01414531391602853,0.9999947596314397,0.01414531391602853
DP04_0030E,0.014116464561017537,0.999985868397943,0.014116464561017537
DP05_0069M,0.01411190614128957,0.9999972039446602,0.01411190614128957
DP05_0063M,-0.014099667534099816,0.9999979157886087,0.014099667534099816
DP03_0099E,0.013991870252352157,0.9999951368328057,0.013991870252352157
DP05_0050E,-0.013940153793799242,0.9999884542543727,0.013940153793799242
DP04_0010E,0.013889536073176889,0.9999861930955417,0.013889536073176889
DP02_0054M,0.013884429577762557,0.9999981766170729,0.013884429577762557
DP03_0049M,-0.013802840105198604,0.9999976852022298,0.013802840105198604
DP03_0042M,0.013768308569192518,0.9999966799809631,0.013768308569192518
DP05_0010E,0.013758319763843715,0.9999984246535203,0.013758319763843715
DP05_0054E,-0.01375468395236191,0.9999879956408413,0.01375468395236191
DP03_0118E,0.01374423777868276,0.9999950941859855,0.01374423777868276
DP02_0006E,-0.013679161882376736,0.9999975777732326,0.013679161882376736
DP02_0004E,0.013588390406603784,0.9999979526861008,0.013588390406603784
DP02_0117M,0.013449257432749665,0.999998123456019,0.013449257432749665
DP05_0015E,0.013319265857799847,0.999988512465215,0.013319265857799847
DP05_0076E,0.013314330303987537,0.9999916880862887,0.013314330303987537
DP04_0035E,0.013269049771209353,0.9999891640670732,0.013269049771209353
DP02_0138E,-0.013247485295257908,0.9999942780948546,0.013247485295257908
DP05_0063E,0.013243808492419887,0.9999964327215849,0.013243808492419887
DP02_0038M,-0.013162768413488984,0.9999989476728497,0.013162768413488984
DP02_0123M,-0.013032766481044927,0.9999981801168697,0.013032766481044927
DP02_0053E,-0.012979553344845986,0.9999847491180152,0.012979553344845986
DP04_0116M,-0.012968214090134073,0.9999991356408535,0.012968214090134073
DP02_0053PE,-0.01294882594259617,0.999984786094106,0.01294882594259617
DP05_0002E,0.012909006591729763,0.9999908104570231,0.012909006591729763
DP03_0026PE,-0.012673590658367196,0.9999785917127754,0.012673590658367196
DP04_0081E,-0.012658648341678508,0.9999876499328318,0.012658648341678508
DP03_0116PE,-0.0126537650168288,0.9999998554377219,0.0126537650168288
DP03_0004E,-0.01264926324062426,0.9999786477166176,0.01264926324062426
DP03_0046PE,-0.012644900816924003,0.9999786519493449,0.012644900816924003
DP03_0046E,-0.012640333739602338,0.9999786663294044,0.012640333739602338
DP03_0026E,-0.012608594380312086,0.9999787409501116,0.012608594380312086
DP03_0032E,-0.012604774662181276,0.9999787556657541,0.012604774662181276
DP03_0032PE,-0.01258496970122459,0.9999787978810007,0.01258496970122459
DP04_0051E,0.012562565966510932,0.9999866751005471,0.012562565966510932
DP02_0085E,0.01255258746601602,0.9999931153639304,0.01255258746601602
DP05_0073E,-0.012549710928094766,0.9999970856165985,0.012549710928094766
DP03_0072E,0.012426517273572333,0.999992409989394,0.012426517273572333
DP02_0009E,0.012425506220688894,0.9999948752651394,0.012425506220688894
DP04_0083E,0.012360889269192335,0.9999864152466179,0.012360889269192335
DP04_0143E,0.01218973923872179,0.9999904951977088,0.01218973923872179
DP05_0053E,-0.012060193602857448,0.9999906367569966,0.012060193602857448
DP04_0060E,0.012019912879821919,0.9999696251724935,0.012019912879821919
DP03_0015E,-0.011981387485307351,0.9999907434413869,0.011981387485307351
DP04_0034E,-0.011978200425164912,0.9999884317086734,0.011978200425164912
DP04_0011E,-0.011661084461929077,0.9999885310905788,0.011661084461929077
DP04_0023E,0.011566242547445482,0.9999722981409664,0.011566242547445482
DP04_0060M,-0.011500359642509589,0.9999976714500235,0.011500359642509589
DP03_0060E,0.011389381410678226,0.9999956416259278,0.011389381410678226
DP03_0038E,-0.011286773390427943,0.9999820306498828,0.011286773390427943
DP04_0080M,0.011191444393572286,0.9999938555738063,0.011191444393572286
DP04_0046M,0.011191429811622028,0.999993855581315,0.011191429811622028
DP04_0090M,0.011191274874438132,0.9999938556662843,0.011191274874438132
DP02_0067E,-0.01105510787779463,0.9999923126268251,0.01105510787779463
DP04_0008M,-0.011027457639484376,0.9999981511837207,0.011027457639484376
DP04_0106E,-0.010897921109105726,0.9999924907718472,0.010897921109105726
DP03_0037E,0.010877691433593746,0.9999846339819565,0.010877691433593746
DP04_0118M,-0.010831811949225154,0.9999984646679057,0.010831811949225154
DP05_0048E,-0.010727560554964053,0.9999912215443373,0.010727560554964053
DP03_0122PM,-0.010617652726870874,0.9999999743756355,0.010617652726870874
DP03_0028E,-0.010574025081386555,0.9999817674016519,0.010574025081386555
DP02_0140M,-0.010563515514889812,0.9999969575182373,0.010563515514889812
DP03_0059E,-0.010427181214616823,0.9999935990333557,0.010427181214616823
DP02_0128E,-0.010417919097104527,0.9999911921781383,0.010417919097104527
DP03_0033E,-0.01038343165253042,0.999986542756448,0.01038343165253042
DP04_0036E,-0.010308487368944508,0.9999885139199448,0.010308487368944508
DP02_0077PE,0.010300605373921294,0.999997015856128,0.010300605373921294
DP02_0077E,0.010296720417662348,0.9999970169653815,0.010296720417662348
DP02_0115E,-0.010002484440111137,0.9999917007239122,0.010002484440111137
DP04_0044E,0.009944773190418005,0.9999918636265182,0.009944773190418005
DP03_0114E,-0.009922238327360427,0.9999875259541701,0.009922238327360427
DP03_0114PE,-0.00992109315729603,0.9999875272728579,0.00992109315729603
DP02_0142E,0.009855272343707927,0.9999907290000994,0.009855272343707927
DP02_0137M,-0.009740532152485945,0.9999966350129871,0.009740532152485945
DP04_0067E,0.009714410735425848,0.9999965192232512,0.009714410735425848
DP03_0007M,0.009703520416839168,0.9999989789724725,0.009703520416839168
DP02_0132E,-0.009697911109316521,0.9999869426731414,0.009697911109316521
DP02_0083E,0.009585958225747409,0.9999938161985685,0.009585958225747409
DP04_0007M,-0.009388365041634875,0.9999984648965172,0.009388365041634875
DP03_0031M,-0.009334980130953394,0.9999982081714943,0.009334980130953394
DP03_0096E,0.009284448387551433,0.9999956020543127,0.009284448387551433
DP03_0045E,0.009270461647192738,0.9999879747980146,0.009270461647192738
DP05_0038E,-0.009267821460150916,0.9999980934203885,0.009267821460150916
DP03_0035E,-0.009201982915098314,0.9999741940778418,0.009201982915098314
DP05_0015M,-0.009174513750303953,0.9999991014843379,0.009174513750303953
DP04_0130M,-0.009172989711051523,0.9999987522027555,0.009172989711051523
DP02_0148E,-0.009120865550010562,0.9999936382092971,0.009120865550010562
DP03_0029E,-0.009026652063461583,0.9999838173068213,0.009026652063461583
DP04_0042M,-0.009011088840908968,0.9999984009415771,0.009011088840908968
DP02_0056M,0.008944351939122491,0.9999984627166502,0.008944351939122491
DP04_0112E,-0.008930424440623043,0.9999938135091281,0.008930424440623043
DP04_0136E,-0.008910341144638532,0.9999927133749522,0.008910341144638532
DP04_0136PE,-0.008889880854519465,0.9999927301170499,0.008889880854519465
DP03_0098E,-0.008888353125869752,0.9999825095750994,0.008888353125869752
DP05_0084E,-0.00878706731290133,0.9999979809454672,0.00878706731290133
DP03_0043M,-0.00875605990284091,0.9999983118570963,0.00875605990284091
DP03_0034E,0.008737546279746197,0.9999912669716025,0.008737546279746197
DP03_0103E,-0.00847859123200884,0.9999877569609193,0.00847859123200884
DP04_0139E,-0.00847458237580773,0.9999946615906923,0.00847458237580773
DP03_0103PE,-0.008450923668937417,0.9999877948825577,0.008450923668937417
DP03_0050E,0.008449290072348535,0.999998846988405,0.008449290072348535
DP04_0019E,0.008383529107945351,0.9999794739426242,0.008383529107945351
DP05_0003E,-0.008382456999017348,0.9999941733415932,0.008382456999017348
DP04_0084M,0.008263880690297716,0.9999988190452237,0.008263880690297716
DP02_0044E,0.0082101180069825,0.9999914596529644,0.0082101180069825
DP02_0044PE,0.008208505347946234,0.9999914614549672,0.008208505347946234
DP04_0141E,-0.00819967430431661,0.9999960544414683,0.00819967430431661
DP04_0132E,0.008119552315679596,0.9999970486863007,0.008119552315679596
DP03_0064E,0.008065819076853059,0.9999919417865442,0.008065819076853059
DP05_0012E,0.007998554539791897,0.9999990909106606,0.007998554539791897
DP04_0042E,0.007976620986741114,0.9999919611227295,0.007976620986741114
DP03_0020E,0.007919493163034075,0.9999890279101951,0.007919493163034075
DP03_0018E,0.007913366922050222,0.9999847824608216,0.007913366922050222
DP03_0018PE,0.007909791830558063,0.9999847894554051,0.007909791830558063
DP05_0014E,-0.007849175245614126,0.9999991083532064,0.007849175245614126
DP02_0080E,-0.007816753266947418,0.9999937587953776,0.007816753266947418
DP04_0058M,-0.0077852424307571395,0.9999988433069886,0.0077852424307571395
DP05_0072E,0.0077347036915847885,0.9999979296597902,0.0077347036915847885
DP05_0071E,0.007635323124901371,0.9999969724100659,0.007635323124901371
DP04_0088E,-0.0075365499736072105,0.9999859469895799,0.0075365499736072105
DP03_0036E,0.007455266996972245,0.999995315646221,0.007455266996972245
DP05_0081E,-0.007358830402344152,0.999995643190792,0.007358830402344152
DP04_0056E,-0.007290061285691044,0.9999881598960242,0.007290061285691044
DP03_0021E,0.0072300879960261475,0.9999864953128248,0.0072300879960261475
DP05_0064E,-0.007200696929544365,0.9999982727455687,0.007200696929544365
DP04_0015E,-0.007178354244321058,0.9999989219766151,0.007178354244321058
DP05_0016E,0.007158622233842355,0.9999940327096802,0.007158622233842355
DP04_0009E,0.007123940186857646,0.9999926915047493,0.007123940186857646
DP03_0024E,0.006906983278280773,0.9999871341345032,0.006906983278280773
DP03_0016M,-0.006900248437872639,0.9999986796441309,0.006900248437872639
DP05_0025E,0.006893008160801843,0.9999987089786847,0.006893008160801843
DP05_0021E,0.006891052809689782,0.9999987093406159,0.006891052809689782
DP05_0025PE,0.0068843531969291355,0.999998710496333,0.0068843531969291355
DP02_0115M,0.006871264217248978,0.9999990645783081,0.006871264217248978
DP03_0047E,-0.006860621988875652,0.9999971033991368,0.006860621988875652
DP02_0084E,-0.006792621445488587,0.9999861213557133,0.006792621445488587
DP05_0061E,0.006721005004238821,0.9999955041341394,0.006721005004238821
DP05_0035E,0.006719467007344667,0.9999955050475002,0.006719467007344667
DP04_0130E,0.006600826126844366,0.9999915039905277,0.006600826126844366
DP03_0077M,-0.0065778245473857785,0.999999418047868,0.0065778245473857785
DP02_0047E,0.006576650557761868,0.9999989779119086,0.006576650557761868
DP05_0093M,0.006568703040151884,0.9999992603821115,0.006568703040151884
DP03_0097E,-0.00655987785301885,0.9999815011892617,0.00655987785301885
DP05_0011E,0.006544797223074619,0.9999992491221472,0.006544797223074619
DP03_0108E,-0.00648709314911067,0.9999973552114124,0.00648709314911067
DP04_0126PE,0.006478375385265176,0.999994696926698,0.006478375385265176
DP04_0126E,0.00646763363309146,0.9999947056375932,0.00646763363309146
DP05_0019E,-0.006424682439773427,0.9999989771936366,0.006424682439773427
DP05_0023E,0.006421286115242099,0.9999959156171245,0.006421286115242099
DP04_0115E,-0.00635796130561192,0.9999956225175926,0.00635796130561192
DP04_0033E,-0.006331658665856685,0.9999931055307083,0.006331658665856685
DP02_0154E,-0.006293395855867683,0.9999903297914243,0.006293395855867683
DP02_0136M,0.0062811830438247816,0.9999976995385472,0.0062811830438247816
DP04_0129E,-0.0061499766345985965,0.9999887870111703,0.0061499766345985965
DP04_0138E,-0.005991366084925273,0.9999967582347483,0.005991366084925273
DP04_0122M,0.005972142015947507,0.9999995360331041,0.005972142015947507
DP02_0019E,0.005961008533015809,0.9999967796764048,0.005961008533015809
DP02_0152E,0.005948325319970638,0.9999967865348139,0.005948325319970638
DP02_0152PE,0.00594510311168806,0.9999967880244959,0.00594510311168806
DP02_0001PE,0.005930200822040509,0.999996795858517,0.005930200822040509
DP04_0069E,0.005924773701156388,0.9999979730475151,0.005924773701156388
DP02_0081E,0.005896434473605937,0.9999953916883841,0.005896434473605937
DP03_0101M,-0.005856835762571301,0.9999989680967356,0.005856835762571301
DP05_0078M,-0.005852484702125224,0.9999984865237626,0.005852484702125224
DP02_0092M,0.005789801815790682,0.9999984145513223,0.005789801815790682
DP02_0100E,-0.0057863184369161495,0.9999990180195729,0.0057863184369161495
DP02_0121M,-0.005737717065759651,0.9999994073621257,0.005737717065759651
DP04_0012E,0.005640675103166616,0.9999946735845224,0.005640675103166616
DP05_0010M,0.005625166420513993,0.9999991194359236,0.005625166420513993
DP04_0036M,-0.005569046956412443,0.9999991979663927,0.005569046956412443
DP05_0079E,0.0055213851935844525,0.9999890639817413,0.0055213851935844525
DP02_0069M,0.0054571484727258465,0.9999996561266274,0.0054571484727258465
DP04_0139M,0.005255780288560878,0.9999992685449305,0.005255780288560878
DP03_0057M,0.005255189188722052,0.9999992446286244,0.005255189188722052
DP03_0031E,0.005158385472840715,0.9999905344910713,0.005158385472840715
DP05_0089E,-0.005157999301227947,0.9999962334068662,0.005157999301227947
google_trend,0.005023808055935164,0.999997529237256,0.005023808055935164
DP04_0058E,-0.005015232909085058,0.9999882088045852,0.005015232909085058
DP03_0080E,-0.00494249028311574,0.99999757055583,0.00494249028311574
DP04_0068E,0.004911599081891472,0.9999945271166385,0.004911599081891472
DP03_0063E,0.004909362603699162,0.9999843420760071,0.004909362603699162
DP04_0018E,0.004799200696856775,0.9999906823060545,0.004799200696856775
DP02_0146E,-0.0047383894544601,0.9999937088843256,0.0047383894544601
DP05_0072M,-0.004721001816806774,0.9999990526060633,0.004721001816806774
DP03_0043E,0.004649814286103875,0.9999924375681676,0.004649814286103875
DP02_0001E,0.004641108802415663,0.9999974895365805,0.004641108802415663
DP05_0013E,0.00463788644459015,0.9999994688117533,0.00463788644459015
DP05_0036E,-0.0046088733810639585,0.9999965721218694,0.0046088733810639585
DP02_0036M,-0.004589914100667581,0.9999993207440622,0.004589914100667581
DP05_0034E,-0.004559505451042242,0.9999966133168593,0.004559505451042242
DP02_0072E,-0.004535241652558924,0.9999921089707825,0.004535241652558924
DP02_0133M,-0.004503562852331749,0.999998135433452,0.004503562852331749
DP04_0013E,-0.004493988215729392,0.9999946813198263,0.004493988215729392
DP02_0131E,-0.004440706248779871,0.9999892978111945,0.004440706248779871
DP02_0015E,0.0044241987355923326,0.999997764212824,0.0044241987355923326
DP03_0077E,-0.004312604829664873,0.9999989584698538,0.004312604829664873
DP04_0032E,-0.004229933763618937,0.9999950606349499,0.004229933763618937
DP02_0046PM,0.004223091113117257,0.9999998779363007,0.004223091113117257
DP05_0052E,0.004210975877704895,0.9999968299133816,0.004210975877704895
DP03_0074E,-0.004149115863925544,0.9999926932284323,0.004149115863925544
DP04_0128E,-0.0040400849267131465,0.9999944801755868,0.0040400849267131465
DP04_0086E,0.003963643715418328,0.9999857827952608,0.003963643715418328
DP04_0043E,-0.003921087666346819,0.9999961972544347,0.003921087666346819
DP04_0097E,-0.0038550012935751176,0.9999972974176593,0.0038550012935751176
DP02_0121E,-0.0038530511498406344,0.9999979469317621,0.0038530511498406344
DP04_0104E,0.0037407899370911343,0.9999971691691971,0.0037407899370911343
DP04_0047E,0.003738918790958801,0.9999926944515207,0.003738918790958801
DP04_0045E,0.003731025499612152,0.9999780620244483,0.003731025499612152
DP04_0002E,0.0037244494092822807,0.9999781189460809,0.0037244494092822807
DP04_0050E,0.0037244133380140983,0.9999781191144467,0.0037244133380140983
DP04_0050PE,0.003723697319734625,0.9999781143796449,0.003723697319734625
DP04_0057E,0.003723697170003754,0.9999781143800268,0.003723697170003754
DP04_0076PE,0.0037231864068741002,0.9999781164061455,0.0037231864068741002
DP04_0062E,0.0037231300326435977,0.9999781176029471,0.0037231300326435977
DP03_0051PE,0.0037231293061891855,0.999978117606917,0.0037231293061891855
DP04_0057PE,0.0037230819451384107,0.9999781149592248,0.0037230819451384107
DP04_0072PE,0.003723059791163464,0.9999781147378485,0.003723059791163464
DP03_0051E,0.003722984550664183,0.9999781151646824,0.003722984550664183
DP04_0072E,0.0037150502076421866,0.9999781796405705,0.0037150502076421866
DP04_0062PE,0.0037136834337366314,0.9999781863193027,0.0037136834337366314
DP04_0076E,0.0037136560189594426,0.9999781865756334,0.0037136560189594426
DP02_0038E,0.0037039761585359564,0.9999992069617715,0.0037039761585359564
DP04_0045PE,0.003680583914270541,0.9999783628712341,0.003680583914270541
DP03_0071M,-0.003672986443009508,0.9999838447790561,0.003672986443009508
DP02_0118M,-0.0036658380353139907,0.9999992033441849,0.0036658380353139907
DP04_0135E,-0.0035964247074763873,0.9999973232904594,0.0035964247074763873
DP02_0111M,-0.003592189672637785,0.9999995041923708,0.003592189672637785
DP04_0041E,0.0035358715077263543,0.9999964107907564,0.0035358715077263543
DP04_0085E,0.003495618661856145,0.9999917996880443,0.003495618661856145
DP03_0065M,-0.003478913338791993,0.9999792522725152,0.003478913338791993
DP03_0042E,-0.003436340561473153,0.9999915334363234,0.003436340561473153
DP03_0063M,-0.003212653712934806,0.9999925729434013,0.003212653712934806
DP03_0022E,0.003211137711437418,0.9999966178979799,0.003211137711437418
DP03_0087M,0.003095441673161805,0.9999878020671591,0.003095441673161805
DP04_0026E,0.00309185885071026,0.9999892386976224,0.00309185885071026
DP02_0139E,-0.0028927249344958333,0.9999903573468045,0.0028927249344958333
DP05_0068E,0.0027878573200682197,0.9999973576652601,0.0027878573200682197
DP05_0033E,0.0027836601835525944,0.9999973621854876,0.0027836601835525944
DP05_0033PE,0.0027797149081919556,0.9999973663639478,0.0027797149081919556
DP05_0001PE,0.0027638784776273283,0.999997381542166,0.0027638784776273283
DP05_0075PE,0.002755925648635728,0.9999973895164261,0.002755925648635728
DP05_0075E,0.0027498526499039506,0.9999973960890716,0.0027498526499039506
DP03_0002E,0.002730632814952727,0.999999649995103,0.002730632814952727
DP05_0001E,0.002707116634118113,0.9999974383870117,0.002707116634118113
DP05_0068PE,0.002706848706588237,0.9999974386518163,0.002706848706588237
DP05_0077E,0.0026805744068020857,0.9999935840087308,0.0026805744068020857
DP04_0014E,-0.0026474940386726244,0.9999972793984929,0.0026474940386726244
DP02_0136E,-0.0026189875351791654,0.9999875759203282,0.0026189875351791654
DP02_0144E,0.0025817082542326343,0.9999980640729386,0.0025817082542326343
DP03_0040E,-0.0025540428482466607,0.9999947179158285,0.0025540428482466607
DP03_0087E,-0.002511210982865852,0.9999887173149663,0.002511210982865852
DP03_0089E,0.002475453119256922,0.9999944819577429,0.002475453119256922
DP03_0089PE,0.002470722097707243,0.9999944902465339,0.002470722097707243
DP04_0025E,0.0024484452103943326,0.9999962301847752,0.0024484452103943326
DP02_0151E,-0.0024154056980621205,0.9999960581492994,0.0024154056980621205
DP04_0082E,0.0023889351773457744,0.9999970605007176,0.0023889351773457744
DP03_0017E,-0.002376647825477579,0.9999969657355413,0.002376647825477579
DP02_0141E,0.002328514532669624,0.9999921279462742,0.002328514532669624
DP04_0108E,0.0023005181279862133,0.9999975379708713,0.0023005181279862133
DP02_0070E,0.002300156780973966,0.9999958437167452,0.002300156780973966
DP02_0129E,-0.0022859868999628033,0.9999919792680533,0.0022859868999628033
DP04_0022E,0.0022680123181629077,0.9999931325545941,0.0022680123181629077
DP04_0007E,-0.0022323840305574516,0.9999973511939734,0.0022323840305574516
DP04_0040E,0.0022297188126340793,0.999998108320748,0.0022297188126340793
DP03_0106M,0.002168543657289579,0.9999995494816188,0.002168543657289579
DP03_0041E,-0.002100453465859066,0.9999963970174998,0.002100453465859066
DP02_0125E,0.002076966473908425,0.9999905548801867,0.002076966473908425
DP05_0078E,0.0020436026623198277,0.9999966103822117,0.0020436026623198277
DP03_0030E,0.002042228088992379,0.999997592534333,0.002042228088992379
DP05_0059E,-0.001994008302312597,0.9999996431178093,0.001994008302312597
DP04_0008E,0.0019529854434380681,0.9999976482382266,0.0019529854434380681
DP04_0084E,-0.0019470466034813287,0.9999976118432204,0.0019470466034813287
DP04_0061E,-0.0018483593388809348,0.9999945895221208,0.0018483593388809348
DP05_0080E,0.001760140195245577,0.9999956605376343,0.001760140195245577
DP04_0059E,-0.001758198622059603,0.9999950767562269,0.001758198622059603
DP03_0011E,0.0015816214471199418,0.9999996829196544,0.0015816214471199418
DP04_0066E,0.001580185042787602,0.9999973731799205,0.001580185042787602
DP03_0066E,-0.0015508121386992742,0.9999984016022849,0.0015508121386992742
DP02_0133E,-0.0015365093733491057,0.9999879032184353,0.0015365093733491057
DP02_0028E,-0.0015202714952792205,0.999999638889994,0.0015202714952792205
DP02_0130E,0.0015066541168697774,0.9999942807513512,0.0015066541168697774
DP03_0116M,0.0014534210947432027,0.999999746860439,0.0014534210947432027
DP04_0024E,0.0014442241086095823,0.9999968018477552,0.0014442241086095823
DP04_0020E,0.0014144887040363808,0.9999966112287524,0.0014144887040363808
DP04_0003E,-0.001412091216492219,0.9999956627957016,0.001412091216492219
DP03_0091M,0.001406889692471572,0.9999890228168892,0.001406889692471572
DP03_0090M,0.001367022291940074,0.9999826237711429,0.001367022291940074
DP04_0021E,0.0013231130572897319,0.9999960941393313,0.0013231130572897319
DP02_0074E,0.0013208321495245413,0.9999990932303359,0.0013208321495245413
DP03_0049E,0.0012978885023964062,0.9999994764979687,0.0012978885023964062
DP04_0053E,-0.0012208792520815885,0.9999975439388401,0.0012208792520815885
DP03_0088E,-0.0012190419832209505,0.9999962089768718,0.0012190419832209505
DP02_0032M,-0.0012179293442902972,0.9999998054880664,0.0012179293442902972
DP02_0028M,0.0012123068783092342,0.9999998714973823,0.0012123068783092342
DP03_0086M,0.0011586751553354874,0.9999869031294455,0.0011586751553354874
DP03_0069M,-0.0011506289871410077,0.9999887507210302,0.0011506289871410077
DP03_0057E,0.0011421087636998306,0.9999990375905469,0.0011421087636998306
DP04_0063E,-0.0011362841226396536,0.9999980618595834,0.0011362841226396536
DP02_0145E,-0.0011337865024806954,0.9999990154795991,0.0011337865024806954
DP04_0098E,0.0011291468221657983,0.9999992309306197,0.0011291468221657983
DP03_0086E,-0.0011203165512079808,0.9999864621743192,0.0011203165512079808
DP02_0137E,-0.0011194902336521524,0.9999943628186947,0.0011194902336521524
DP02_0127E,0.0011002142240744204,0.9999986856565802,0.0011002142240744204
DP02_0140E,0.0010932244206445577,0.9999954300654783,0.0010932244206445577
DP02_0131M,-0.0010353741157782814,0.9999996878866605,0.0010353741157782814
DP02_0147E,0.001008286233476487,0.9999982055149002,0.001008286233476487
DP04_0096E,-0.0009819265576125804,0.9999992434040285,0.0009819265576125804
DP03_0092E,-0.0009761509861260036,0.999991799295762,0.0009761509861260036
DP03_0082E,-0.000971773613795831,0.9999993946758612,0.000971773613795831
DP04_0087E,-0.0009697915857645952,0.9999969141024236,0.0009697915857645952
DP05_0060E,0.0009666736075263915,0.9999997867367769,0.0009666736075263915
DP03_0088M,-0.0009626491368042831,0.9999985969598443,0.0009626491368042831
DP04_0090E,-0.000920025063654593,0.9999982123181946,0.000920025063654593
DP02_0147M,-0.0009194884669928398,0.9999997671185288,0.0009194884669928398
DP04_0080E,-0.0009190495935128321,0.9999982144876808,0.0009190495935128321
DP03_0091E,-0.00091348571586781,0.9999913223734146,0.00091348571586781
DP04_0046E,-0.0009108549458166793,0.9999982300112897,0.0009108549458166793
DP04_0090PE,-0.0009074328874324323,0.9999982364880506,0.0009074328874324323
DP04_0080PE,-0.0009028370740884265,0.9999982455491614,0.0009028370740884265
DP03_0062M,0.0008663105235471231,0.9999926647182252,0.0008663105235471231
DP03_0092M,-0.0008607564412999548,0.9999957815053226,0.0008607564412999548
DP03_0083E,-0.0007518164956681513,0.9999995411797921,0.0007518164956681513
DP03_0094E,0.0007420234541410929,0.9999886779990937,0.0007420234541410929
DP03_0090E,0.0007166709874333586,0.9999915727756116,0.0007166709874333586
DP05_0049E,-0.0006135297943443063,0.9999994986378914,0.0006135297943443063
DP03_0014PE,-0.0005866061234829616,0.9999994191836946,0.0005866061234829616
DP03_0014E,-0.0005865471673639103,0.9999994192422856,0.0005865471673639103
DP03_0065E,0.0005701551363978535,0.9999941299749329,0.0005701551363978535
DP03_0071E,0.0005263042790026613,0.9999955666320319,0.0005263042790026613
DP04_0024M,0.0005205059727194095,0.9999999146997286,0.0005205059727194095
DP04_0027E,-0.0005198609280054504,0.9999942164990766,0.0005198609280054504
DP03_0073M,0.0005169331440045096,0.9999979004559536,0.0005169331440045096
DP04_0001E,-0.0005160007943723571,0.9999942418671139,0.0005160007943723571
DP04_0064E,-0.0005114511756982455,0.9999993164737538,0.0005114511756982455
DP04_0016PE,-0.0005088746734180621,0.9999943399439002,0.0005088746734180621
DP04_0006E,-0.0005051676303945208,0.9999943836632351,0.0005051676303945208
DP04_0038E,-0.0005049287356685725,0.9999943858714658,0.0005049287356685725
DP03_0067E,-0.0005015249310311821,0.9999974611766691,0.0005015249310311821
DP04_0016E,-0.0004931498890603784,0.9999943891863361,0.0004931498890603784
DP04_0001PE,-0.0004931488493382254,0.9999943891959271,0.0004931488493382254
DP04_0038PE,-0.0004920843193728915,0.9999943960881381,0.0004920843193728915
DP04_0027PE,-0.00048350298303589804,0.9999945787964942,0.00048350298303589804
DP05_0091E,-0.00047115094232553237,0.9999946785472358,0.00047115094232553237
DP04_0006PE,-0.0004654884217817258,0.9999946467268541,0.0004654884217817258
DP02_0091M,0.0004546653566549555,0.9999998722673035,0.0004546653566549555
DP03_0093M,-0.00043880216121916244,0.9999952685408854,0.00043880216121916244
DP03_0115PM,-0.00042535820633310406,0.9999999960362677,0.00042535820633310406
DP03_0118PM,-0.00042534925144860347,0.9999999960363511,0.00042534925144860347
DP03_0019E,-0.00040254714781561766,0.9999988657435879,0.00040254714781561766
DP03_0094M,-0.00029502274486641365,0.9999970308682029,0.00029502274486641365
DP03_0027E,0.00028919299681739443,0.9999993513831094,0.00028919299681739443
DP04_0052E,0.00027440416898082305,0.9999995418172624,0.00027440416898082305
DP05_0029E,0.00022942151514626988,0.9999999024099681,0.00022942151514626988
DP05_0029PE,0.00022898173863875743,0.9999999025995989,0.00022898173863875743
DP05_0024E,0.00022640302405635762,0.9999999036941747,0.00022640302405635762
DP04_0031E,-0.00022345893204559712,0.9999997490917572,0.00022345893204559712
DP03_0073E,-0.0002188355053902712,0.999998774830527,0.0002188355053902712
DP03_0093E,-0.00020954897776940913,0.9999961222583759,0.00020954897776940913
DP03_0062E,0.000194173439494876,0.9999979791545341,0.000194173439494876
DP04_0065E,0.00012916802220486754,0.9999997799514664,0.00012916802220486754
DP03_0069E,-9.46947838106687e-05,0.999998771308502,9.46947838106687e-05
DP04_0089M,-8.912990654826643e-05,0.9999978868580851,8.912990654826643e-05
DP03_0075E,7.80628142127461e-05,0.9999998367489011,7.80628142127461e-05
DP03_0075PE,6.791039493271719e-05,0.9999998579810445,6.791039493271719e-05
DP04_0089E,-1.1916444938233378e-05,0.9999991995715956,1.1916444938233378e-05
intl_passengers,1.0328005265001672e-07,0.999978602001342,1.0328005265001672e-07
intl_passengers_lag1,8.956056481368012e-08,0.9999951577521364,8.956056481368012e-08
