county,Date,time_to_outbreak,event,hazard_score,risk_percentile
new_york,2024-12-01,12.0,0,670886.800219598,100.0
miami,2024-12-01,12.0,0,466642.8788503988,99.98934356351235
los_angeles,2024-12-01,12.0,0,309699.15976614493,99.97868712702473
miami,2025-01-01,2.102496714848883,1,271613.9467695147,99.96270247229326
miami,2025-01-01,12.0,0,271613.9467695147,99.96270247229326
new_york,2025-01-01,12.0,0,269714.1006639387,99.9467178175618
san_francisco,2024-12-01,12.0,0,201535.71200795157,99.93606138107417
newark,2024-12-01,12.0,0,198727.333151375,99.92540494458653
new_york,2024-01-01,12.0,0,196006.44994459336,99.9147485080989
miami,2024-01-01,12.0,0,195163.9116699985,99.90409207161125
houston,2024-12-01,12.0,0,188888.73997840146,99.89343563512362
orlando,2024-12-01,12.0,0,187737.2706222596,99.88277919863597
los_angeles,2025-01-01,12.0,0,178393.33025026732,99.87212276214834
chicago,2024-12-01,12.0,0,176579.04513852438,99.8614663256607
atlanta,2024-12-01,12.0,0,170976.7542125882,99.85080988917306
dallas,2024-12-01,12.0,0,170067.04172243236,99.84015345268543
fort_lauderdale,2024-12-01,12.0,0,170028.77662207346,99.82949701619779
washington,2024-12-01,12.0,0,155230.73344290015,99.81884057971014
boston,2024-12-01,12.0,0,140279.78946383292,99.8081841432225
las_vegas,2024-12-01,12.0,0,138700.26594970145,99.79752770673487
honolulu,2024-12-01,12.0,0,136433.02084891408,99.78687127024722
seattle,2024-12-01,12.0,0,132531.749598542,99.7762148337596
los_angeles,2024-01-01,12.0,0,130371.80194542401,99.76555839727195
denver,2024-12-01,12.0,0,120854.6463708063,99.75490196078431
agana,2024-12-01,12.0,0,119242.39145217085,99.74424552429667
san_francisco,2025-01-01,12.0,0,118305.9169019797,99.73358908780904
phoenix,2024-12-01,12.0,0,118078.10653966333,99.7229326513214
detroit,2024-12-01,12.0,0,115883.01736716386,99.71227621483376
tampa,2024-12-01,12.0,0,115730.91757359472,99.70161977834611
charlotte,2024-12-01,12.0,0,113592.49591776954,99.69096334185849
minneapolis,2024-12-01,12.0,0,113167.73607730729,99.68030690537084
philadelphia,2024-12-01,12.0,0,112726.48018071834,99.6696504688832
orlando,2025-01-01,12.0,0,110139.03861447237,99.65899403239557
san_antonio,2024-12-01,12.0,0,109742.07720999802,99.64833759590793
san_juan,2024-12-01,12.0,0,108849.86657044906,99.63768115942028
fort_myers,2024-12-01,12.0,0,108445.25709232037,99.62702472293266
palm_springs,2024-12-01,12.0,0,108350.58604473899,99.61636828644501
san_diego,2024-12-01,12.0,0,107801.82450251169,99.60571184995737
salt_lake_city,2024-12-01,12.0,0,107361.51605151461,99.59505541346974
austin,2024-12-01,12.0,0,107181.19223391675,99.5843989769821
saipan,2024-12-01,12.0,0,107175.8194372547,99.57374254049446
oakland,2024-12-01,12.0,0,106966.96694855235,99.56308610400681
kahului,2024-12-01,12.0,0,106376.7345093233,99.55242966751918
raleigh,2024-12-01,12.0,0,105862.73224856112,99.54177323103154
san_jose,2024-12-01,12.0,0,105587.48891579545,99.5311167945439
fresno,2024-12-01,12.0,0,105484.14880632795,99.52046035805625
baltimore,2024-12-01,12.0,0,105424.23675236858,99.50980392156863
west_palm_beach,2024-12-01,12.0,0,105369.87547480968,99.49914748508098
portland,2024-12-01,12.0,0,105290.67329024035,99.48849104859335
sacramento,2024-12-01,12.0,0,105191.02188597132,99.47783461210571
ontario,2024-12-01,12.0,0,105027.56371407688,99.46717817561807
laguna_beach,2024-12-01,12.0,0,104840.64826075114,99.45652173913044
nashville,2024-12-01,12.0,0,104808.53561683929,99.4458653026428
new_orleans,2024-12-01,12.0,0,104759.04303144473,99.43520886615515
kona,2024-12-01,12.0,0,104681.58272989372,99.42455242966753
cincinnati,2024-12-01,12.0,0,104165.79141858518,99.41389599317988
pittsburgh,2024-12-01,12.0,0,103931.65545063448,99.40323955669224
mcallen,2024-12-01,12.0,0,103927.14018598272,99.3925831202046
st._louis,2024-12-01,12.0,0,103916.60533130621,99.38192668371697
kauai_island,2024-12-01,12.0,0,103865.68263524919,99.37127024722933
newburgh,2024-12-01,12.0,0,103766.33954591905,99.36061381074168
sarasota,2024-12-01,12.0,0,103729.58704578657,99.34995737425405
reno,2024-12-01,12.0,0,103719.53438451292,99.33930093776641
newark,2025-01-01,12.0,0,103668.04257908155,99.32864450127877
teterboro,2024-12-01,12.0,0,103660.16267692197,99.31798806479112
cleveland,2024-12-01,12.0,0,103651.27139915904,99.3073316283035
hartford,2024-12-01,12.0,0,103584.09185801861,99.29667519181585
brownsville,2024-12-01,12.0,0,103501.27399354322,99.28601875532821
vail,2024-12-01,12.0,0,103484.90281732105,99.27536231884058
white_plains,2024-12-01,12.0,0,103477.87092408884,99.26470588235294
laredo,2024-12-01,12.0,0,103473.26010595523,99.2540494458653
scottsdale,2024-12-01,12.0,0,103453.09019215488,99.24339300937767
st._thomas_island,2024-12-01,12.0,0,103447.09760408466,99.23273657289002
naples,2024-12-01,12.0,0,103436.95709197268,99.2220801364024
el_paso,2024-12-01,12.0,0,103433.8459977703,99.21142369991475
bangor,2024-12-01,12.0,0,103433.03943306644,99.20076726342711
tuscon,2024-12-01,12.0,0,103429.81323714615,99.19011082693947
kendall-tamiami,2024-12-01,12.0,0,103429.58279843094,99.174126172208
kansas_city,2024-12-01,12.0,0,103429.58279843094,99.174126172208
vail:eagle,2024-12-01,12.0,0,103425.08934610293,99.15814151747657
conroe,2024-12-01,12.0,0,103420.94171722267,99.14748508098891
boca_raton,2024-12-01,12.0,0,103418.86796515726,99.13682864450128
columbus,2024-12-01,12.0,0,103408.96061254191,99.12617220801364
bedford,2024-12-01,12.0,0,103408.73022028594,99.11551577152599
burlington,2024-12-01,12.0,0,103406.19593934725,99.10485933503837
wilmington,2024-12-01,12.0,0,103402.62501253339,99.09420289855072
jacksonville,2024-12-01,12.0,0,103401.24275138939,99.08354646206308
norfolk,2024-12-01,12.0,0,103399.5149509437,99.07289002557545
buffalo,2024-12-01,12.0,0,103399.16939431913,99.05690537084399
indianapolis,2024-12-01,12.0,0,103399.16939431913,99.05690537084399
anchorage,2024-12-01,12.0,0,103397.9023632425,99.04092071611254
farmingdale,2024-12-01,12.0,0,103396.6353476916,99.02493606138107
boise,2024-12-01,12.0,0,103396.6353476916,99.02493606138107
bullhead_city,2024-12-01,12.0,0,103396.28980069053,99.00895140664962
aguadilla,2024-12-01,12.0,0,103396.1746186136,98.99829497016198
van_nuys,2024-12-01,12.0,0,103395.36834766662,98.98763853367434
north_kingstown,2024-12-01,12.0,0,103395.25316661617,98.9769820971867
providence,2024-12-01,12.0,0,103394.10136316718,98.96632566069906
carlsbad,2024-12-01,12.0,0,103393.8710040172,98.95566922421143
long_beach,2024-12-01,12.0,0,103393.1799296463,98.94501278772378
midland,2024-12-01,12.0,0,103391.4522639277,98.93435635123615
windsor_locks,2024-12-01,12.0,0,103391.22191067983,98.92369991474851
memphis,2024-12-01,12.0,0,103390.41567835366,98.91304347826086
charleston,2024-12-01,12.0,0,103390.30050282023,98.89705882352942
milwaukee,2024-12-01,12.0,0,103390.30050282023,98.89705882352942
greenville,2024-12-01,12.0,0,103388.68805882477,98.88107416879795
stuart,2024-12-01,12.0,0,103388.5728852159,98.87041773231032
savannah,2024-12-01,12.0,0,103388.34253838321,98.85976129582268
pontiac,2024-12-01,12.0,0,103387.76667354649,98.84910485933503
rochester,2024-12-01,12.0,0,103386.96046816384,98.8384484228474
west_chicago,2024-12-01,12.0,0,103386.15426906788,98.82779198635976
addison,2024-12-01,12.0,0,103385.80875709394,98.81713554987212
sugar_land,2024-12-01,12.0,0,103385.69358669274,98.80647911338448
broomdield-co,2024-12-01,12.0,0,103383.15987032263,98.79582267689685
greensboro,2024-12-01,12.0,0,103383.04470287207,98.77450980392157
fargo,2024-12-01,12.0,0,103383.04470287207,98.77450980392157
columbia,2024-12-01,12.0,0,103383.04470287207,98.77450980392157
everett,2024-12-01,12.0,0,103382.9295355498,98.74786871270247
bellingham,2024-12-01,12.0,0,103382.9295355498,98.74786871270247
casper,2024-12-01,12.0,0,103382.81436835583,98.73188405797102
melbourne,2024-12-01,12.0,0,103382.46886754388,98.72122762148338
great_falls,2024-12-01,12.0,0,103382.3537008631,98.70524296675191
fort_pierce,2024-12-01,12.0,0,103382.3537008631,98.70524296675191
portsmouth,2024-12-01,12.0,0,103382.23853431077,98.68393009377664
wichita,2024-12-01,12.0,0,103382.23853431077,98.68393009377664
bozeman,2024-12-01,12.0,0,103382.12336788657,98.66794543904518
nogales,2024-12-01,12.0,0,103382.00820159067,98.65196078431373
des_moines,2024-12-01,12.0,0,103382.00820159067,98.65196078431373
south_bend,2024-12-01,12.0,0,103381.7778693839,98.63064791133846
peoria,2024-12-01,12.0,0,103381.7778693839,98.63064791133846
santa_teresa,2024-12-01,12.0,0,103381.66270347289,98.61466325660699
dallas-fort_worth,2024-12-01,12.0,0,103381.31720650975,98.60400682011935
minot,2024-12-01,12.0,0,103381.08687584232,98.59335038363172
raleigh-durham,2024-12-01,12.0,0,103380.97171070124,98.58269394714408
morristown,2024-12-01,12.0,0,103380.85654568825,98.57203751065644
oklahoma_city,2024-12-01,12.0,0,103380.74138080356,98.55605285592497
aspen,2024-12-01,12.0,0,103380.74138080356,98.55605285592497
spokane,2024-12-01,12.0,0,103380.62621604718,98.54006820119352
st._paul,2024-12-01,12.0,0,103380.51105141926,98.52941176470588
tallahassee,2024-12-01,12.0,0,103380.39588691945,98.51875532821825
st._croix_island,2024-12-01,12.0,0,103380.1655583047,98.50277067348678
louisville,2024-12-01,12.0,0,103380.1655583047,98.50277067348678
tulsa,2024-12-01,12.0,0,103380.05039418995,98.4814578005115
leesburg,2024-12-01,12.0,0,103380.05039418995,98.4814578005115
fort_worth,2024-12-01,12.0,0,103379.93523020331,98.46547314578005
san_bernardino,2024-12-01,12.0,0,103379.82006634495,98.4494884910486
syracuse,2024-12-01,12.0,0,103379.82006634495,98.4494884910486
kalispell,2024-12-01,12.0,0,103379.70490261508,98.4228473998295
richmond,2024-12-01,12.0,0,103379.70490261508,98.4228473998295
dayton,2024-12-01,12.0,0,103379.70490261508,98.4228473998295
daytona_beach,2024-12-01,12.0,0,103379.5897390133,98.39087809036658
friday_harbor,2024-12-01,12.0,0,103379.5897390133,98.39087809036658
rogers,2024-12-01,12.0,0,103379.5897390133,98.39087809036658
mesa,2024-12-01,12.0,0,103379.47457553982,98.36956521739131
grand_rapids,2024-12-01,12.0,0,103379.35941219464,98.35358056265984
birmingham,2024-12-01,12.0,0,103379.35941219464,98.35358056265984
islip,2024-12-01,12.0,0,103379.1290858893,98.32161125319693
chicago-wheeling,2024-12-01,12.0,0,103379.1290858893,98.32161125319693
rockford,2024-12-01,12.0,0,103379.1290858893,98.32161125319693
amarillo,2024-12-01,12.0,0,103379.1290858893,98.32161125319693
coeur_d'alene,2024-12-01,12.0,0,103379.01392292899,98.29497016197783
albany,2024-12-01,12.0,0,103378.89876009696,98.2843137254902
albuquerque,2024-12-01,12.0,0,103378.7835973934,98.26832907075874
mobile,2024-12-01,12.0,0,103378.7835973934,98.26832907075874
trenton,2024-12-01,12.0,0,103378.66843481796,98.25234441602728
colorado_springs,2024-12-01,12.0,0,103378.55327237079,98.24168797953963
omaha,2024-12-01,12.0,0,103378.32294786152,98.2257033248082
vero_beach,2024-12-01,12.0,0,103378.32294786152,98.2257033248082
lakeland,2024-12-01,12.0,0,103378.20778579923,98.20971867007673
appleton,2024-12-01,12.0,0,103378.09262386523,98.19373401534527
st._thomas,2024-12-01,12.0,0,103378.09262386523,98.19373401534527
camp_springs,2024-12-01,12.0,0,103377.9774620597,98.1777493606138
niagara_falls,2024-12-01,12.0,0,103377.86230038227,98.16176470588235
jackson,2024-12-01,12.0,0,103377.86230038227,98.16176470588235
moline,2024-12-01,12.0,0,103377.74713883313,98.1457800511509
key_west,2024-12-01,12.0,0,103377.63197741228,98.12979539641944
rifle,2024-12-01,12.0,0,103377.63197741228,98.12979539641944
springfield,2024-12-01,12.0,0,103377.51681611991,98.10848252344417
renton,2024-12-01,12.0,0,103377.51681611991,98.10848252344417
erie,2024-12-01,12.0,0,103377.40165495564,98.06585677749361
green_bay,2024-12-01,12.0,0,103377.40165495564,98.06585677749361
calexico,2024-12-01,12.0,0,103377.40165495564,98.06585677749361
flint,2024-12-01,12.0,0,103377.40165495564,98.06585677749361
lexington_ky,2024-12-01,12.0,0,103377.40165495564,98.06585677749361
gary,2024-12-01,12.0,0,103377.40165495564,98.06585677749361
chattanooga,2024-12-01,12.0,0,103377.28649391966,98.02323103154306
toledo,2024-12-01,12.0,0,103377.28649391966,98.02323103154306
sioux_falls,2024-12-01,12.0,0,103377.17133301195,97.99126172208014
eagle_pass,2024-12-01,12.0,0,103377.17133301195,97.99126172208014
santa_barbara,2024-12-01,12.0,0,103377.17133301195,97.99126172208014
harrisburg,2024-12-01,12.0,0,103377.17133301195,97.99126172208014
port_clinton,2024-12-01,12.0,0,103377.05617223273,97.92732310315431
palm_desert,2024-12-01,12.0,0,103377.05617223273,97.92732310315431
tuscaloosa,2024-12-01,12.0,0,103377.05617223273,97.92732310315431
myrtle_beach,2024-12-01,12.0,0,103377.05617223273,97.92732310315431
atlantic_city,2024-12-01,12.0,0,103377.05617223273,97.92732310315431
yuma,2024-12-01,12.0,0,103377.05617223273,97.92732310315431
allentown,2024-12-01,12.0,0,103377.05617223273,97.92732310315431
st._augustine_airport,2024-12-01,12.0,0,103377.05617223273,97.92732310315431
manassas,2024-12-01,12.0,0,103376.94101158161,97.8420716112532
fairbanks,2024-12-01,12.0,0,103376.94101158161,97.8420716112532
ceiba,2024-12-01,12.0,0,103376.94101158161,97.8420716112532
st._petersburg,2024-12-01,12.0,0,103376.94101158161,97.8420716112532
hillsboro,2024-12-01,12.0,0,103376.94101158161,97.8420716112532
kalamazoo,2024-12-01,12.0,0,103376.94101158161,97.8420716112532
west_hampton_beach,2024-12-01,12.0,0,103376.94101158161,97.8420716112532
sanford,2024-12-01,12.0,0,103376.94101158161,97.8420716112532
corpus_christi,2024-12-01,12.0,0,103376.82585105878,97.76214833759592
scranton,2024-12-01,12.0,0,103376.82585105878,97.76214833759592
bristol,2024-12-01,12.0,0,103376.82585105878,97.76214833759592
marathon,2024-12-01,12.0,0,103376.82585105878,97.76214833759592
holland,2024-12-01,12.0,0,103376.82585105878,97.76214833759592
del_rio,2024-12-01,12.0,0,103376.82585105878,97.76214833759592
houma,2024-12-01,12.0,0,103376.82585105878,97.76214833759592
harlingen,2024-12-01,12.0,0,103376.71069066423,97.71419437340153
grand_forks,2024-12-01,12.0,0,103376.71069066423,97.71419437340153
guam,2024-12-01,12.0,0,103376.59553039816,97.66091219096334
baudette,2024-12-01,12.0,0,103376.59553039816,97.66091219096334
kapolei,2024-12-01,12.0,0,103376.59553039816,97.66091219096334
duluth,2024-12-01,12.0,0,103376.59553039816,97.66091219096334
sagarai,2024-12-01,12.0,0,103376.59553039816,97.66091219096334
key_largo,2024-12-01,12.0,0,103376.59553039816,97.66091219096334
victorville,2024-12-01,12.0,0,103376.59553039816,97.66091219096334
augusta,2024-12-01,12.0,0,103376.59553039816,97.66091219096334
hilton_head_island,2024-12-01,12.0,0,103376.48037026018,97.57566069906224
lafayette,2024-12-01,12.0,0,103376.48037026018,97.57566069906224
dover-cheswold,2024-12-01,12.0,0,103376.48037026018,97.57566069906224
port_huron,2024-12-01,12.0,0,103376.48037026018,97.57566069906224
watertown,2024-12-01,12.0,0,103376.48037026018,97.57566069906224
greensboro:high_poin,2024-12-01,12.0,0,103376.48037026018,97.57566069906224
winston-salem,2024-12-01,12.0,0,103376.48037026018,97.57566069906224
napa,2024-12-01,12.0,0,103376.48037026018,97.57566069906224
tacoma,2024-12-01,12.0,0,103376.3652102505,97.47442455242967
weslaco,2024-12-01,12.0,0,103376.3652102505,97.47442455242967
marco_island,2024-12-01,12.0,0,103376.3652102505,97.47442455242967
wichita_falls,2024-12-01,12.0,0,103376.3652102505,97.47442455242967
sault_ste_marie,2024-12-01,12.0,0,103376.3652102505,97.47442455242967
cahokia:st_louis,2024-12-01,12.0,0,103376.3652102505,97.47442455242967
westfield,2024-12-01,12.0,0,103376.3652102505,97.47442455242967
new_haven,2024-12-01,12.0,0,103376.3652102505,97.47442455242967
port_angeles,2024-12-01,12.0,0,103376.3652102505,97.47442455242967
cheyenne,2024-12-01,12.0,0,103376.3652102505,97.47442455242967
saginlaw,2024-12-01,12.0,0,103376.3652102505,97.47442455242967
clinton,2024-12-01,12.0,0,103376.25005036929,97.37851662404093
lorain-elyria,2024-12-01,12.0,0,103376.25005036929,97.37851662404093
new_bedford,2024-12-01,12.0,0,103376.25005036929,97.37851662404093
reading,2024-12-01,12.0,0,103376.25005036929,97.37851662404093
pensacola,2024-12-01,12.0,0,103376.25005036929,97.37851662404093
grant_county_airport,2024-12-01,12.0,0,103376.25005036929,97.37851662404093
battle_creek,2024-12-01,12.0,0,103376.25005036929,97.37851662404093
cocoa,2024-12-01,12.0,0,103376.13489061617,97.27195225916454
placida,2024-12-01,12.0,0,103376.13489061617,97.27195225916454
monterey,2024-12-01,12.0,0,103376.13489061617,97.27195225916454
aiken,2024-12-01,12.0,0,103376.13489061617,97.27195225916454
ithaca,2024-12-01,12.0,0,103376.13489061617,97.27195225916454
akron,2024-12-01,12.0,0,103376.13489061617,97.27195225916454
international_falls,2024-12-01,12.0,0,103376.13489061617,97.27195225916454
elmira,2024-12-01,12.0,0,103376.13489061617,97.27195225916454
huntsville,2024-12-01,12.0,0,103376.13489061617,97.27195225916454
pierre,2024-12-01,12.0,0,103376.13489061617,97.27195225916454
galveston,2024-12-01,12.0,0,103376.13489061617,97.27195225916454
presidio,2024-12-01,12.0,0,103376.13489061617,97.27195225916454
cedar_rapids,2024-12-01,12.0,0,103376.13489061617,97.27195225916454
provo,2024-12-01,12.0,0,103376.01973099135,97.16538789428814
barnstable,2024-12-01,12.0,0,103376.01973099135,97.16538789428814
santa_ana,2024-12-01,12.0,0,103376.01973099135,97.16538789428814
little_rock,2024-12-01,12.0,0,103376.01973099135,97.16538789428814
college_station,2024-12-01,12.0,0,103376.01973099135,97.16538789428814
calliano,2024-12-01,12.0,0,103376.01973099135,97.16538789428814
georgetown,2024-12-01,12.0,0,103376.01973099135,97.16538789428814
helena,2024-12-01,12.0,0,103375.9045714948,97.0428388746803
panama_city,2024-12-01,12.0,0,103375.9045714948,97.0428388746803
groton,2024-12-01,12.0,0,103375.9045714948,97.0428388746803
lima,2024-12-01,12.0,0,103375.9045714948,97.0428388746803
burlington:mount_vernon,2024-12-01,12.0,0,103375.9045714948,97.0428388746803
page,2024-12-01,12.0,0,103375.9045714948,97.0428388746803
mountain_view,2024-12-01,12.0,0,103375.9045714948,97.0428388746803
oxford,2024-12-01,12.0,0,103375.9045714948,97.0428388746803
racine,2024-12-01,12.0,0,103375.9045714948,97.0428388746803
sheboygan,2024-12-01,12.0,0,103375.9045714948,97.0428388746803
kenosha,2024-12-01,12.0,0,103375.9045714948,97.0428388746803
kenmore,2024-12-01,12.0,0,103375.9045714948,97.0428388746803
baton_rouge,2024-12-01,12.0,0,103375.9045714948,97.0428388746803
westhampton,2024-12-01,12.0,0,103375.9045714948,97.0428388746803
binghamton,2024-12-01,12.0,0,103375.9045714948,97.0428388746803
worcester,2024-12-01,12.0,0,103375.9045714948,97.0428388746803
lubbock,2024-12-01,12.0,0,103375.78941212673,96.82438192668373
ocala,2024-12-01,12.0,0,103375.78941212673,96.82438192668373
waukesha,2024-12-01,12.0,0,103375.78941212673,96.82438192668373
kingston,2024-12-01,12.0,0,103375.78941212673,96.82438192668373
saranac_lake,2024-12-01,12.0,0,103375.78941212673,96.82438192668373
pinecreek,2024-12-01,12.0,0,103375.78941212673,96.82438192668373
palm_beach_gardens,2024-12-01,12.0,0,103375.78941212673,96.82438192668373
knoxville,2024-12-01,12.0,0,103375.78941212673,96.82438192668373
olympia,2024-12-01,12.0,0,103375.78941212673,96.82438192668373
warroad,2024-12-01,12.0,0,103375.78941212673,96.82438192668373
clarksburg,2024-12-01,12.0,0,103375.78941212673,96.82438192668373
ponce,2024-12-01,12.0,0,103375.78941212673,96.82438192668373
ogdensburg,2024-12-01,12.0,0,103375.78941212673,96.82438192668373
madison,2024-12-01,12.0,0,103375.78941212673,96.82438192668373
modesto,2024-12-01,12.0,0,103375.78941212673,96.82438192668373
sebring,2024-12-01,12.0,0,103375.78941212673,96.82438192668373
champaign,2024-12-01,12.0,0,103375.78941212673,96.82438192668373
queensbury,2024-12-01,12.0,0,103375.78941212673,96.82438192668373
ogden,2024-12-01,12.0,0,103375.78941212673,96.82438192668373
billings,2024-12-01,12.0,0,103375.78941212673,96.82438192668373
scotia,2024-12-01,12.0,0,103375.78941212673,96.82438192668373
vieques_island,2024-12-01,12.0,0,103375.78941212673,96.82438192668373
manchester,2024-12-01,12.0,0,103375.78941212673,96.82438192668373
henderson,2024-12-01,12.0,0,103375.78941212673,96.82438192668373
brunswick,2024-12-01,12.0,0,103375.78941212673,96.82438192668373
smithfield,2024-12-01,12.0,0,103375.67425288676,96.1583546462063
nairobi,2024-12-01,12.0,0,103375.67425288676,96.1583546462063
louisiana,2024-12-01,4.664914586070959,1,103375.67425288676,96.1583546462063
fort_collins,2024-12-01,12.0,0,103375.67425288676,96.1583546462063
pendleton,2024-12-01,12.0,0,103375.67425288676,96.1583546462063
shreveport,2024-12-01,12.0,0,103375.67425288676,96.1583546462063
lake_charles,2024-12-01,12.0,0,103375.67425288676,96.1583546462063
unknown,2024-12-01,4.467805519053877,1,103375.67425288676,96.1583546462063
unknown,2024-12-01,4.23784494086728,1,103375.67425288676,96.1583546462063
butte,2024-12-01,12.0,0,103375.67425288676,96.1583546462063
unknown,2024-12-01,6.471747700394218,1,103375.67425288676,96.1583546462063
fort_dix,2024-12-01,12.0,0,103375.67425288676,96.1583546462063
vineyard_haven,2024-12-01,12.0,0,103375.67425288676,96.1583546462063
bush_field,2024-12-01,12.0,0,103375.67425288676,96.1583546462063
unknown,2024-12-01,6.931668856767411,1,103375.67425288676,96.1583546462063
unknown,2024-12-01,6.307490144546649,1,103375.67425288676,96.1583546462063
unknown,2024-12-01,8.902759526938238,1,103375.67425288676,96.1583546462063
unknown,2024-12-01,3.7450722733245727,1,103375.67425288676,96.1583546462063
hailey,2024-12-01,12.0,0,103375.67425288676,96.1583546462063
decatur,2024-12-01,12.0,0,103375.67425288676,96.1583546462063
louisiana,2024-12-01,12.0,0,103375.67425288676,96.1583546462063
louisiana,2024-12-01,4.566360052562418,1,103375.67425288676,96.1583546462063
unknown,2024-12-01,4.106438896189225,1,103375.67425288676,96.1583546462063
burbank,2024-12-01,12.0,0,103375.67425288676,96.1583546462063
monroe,2024-12-01,12.0,0,103375.67425288676,96.1583546462063
jacksn_hole,2024-12-01,12.0,0,103375.67425288676,96.1583546462063
hampton,2024-12-01,12.0,0,103375.67425288676,96.1583546462063
lakehurst,2024-12-01,12.0,0,103375.67425288676,96.1583546462063
thomasville,2024-12-01,12.0,0,103375.67425288676,96.1583546462063
auburn,2024-12-01,12.0,0,103375.67425288676,96.1583546462063
broomfield,2024-12-01,12.0,0,103375.67425288676,96.1583546462063
stratford,2024-12-01,12.0,0,103375.67425288676,96.1583546462063
state_college,2024-12-01,12.0,0,103375.67425288676,96.1583546462063
fort_wayne,2024-12-01,12.0,0,103375.67425288676,96.1583546462063
hayward,2024-12-01,12.0,0,103375.67425288676,96.1583546462063
nashua,2024-12-01,12.0,0,103375.67425288676,96.1583546462063
pittsfield,2024-12-01,12.0,0,103375.67425288676,96.1583546462063
lincoln,2024-12-01,12.0,0,103375.67425288676,96.1583546462063
montrose,2024-12-01,12.0,0,103375.67425288676,96.1583546462063
twin_falls,2024-12-01,12.0,0,103375.67425288676,96.1583546462063
marshfield,2024-12-01,12.0,0,103375.67425288676,96.1583546462063
plattsburgh,2024-12-01,12.0,0,103375.67425288676,96.1583546462063
bridgeport_ct,2024-12-01,12.0,0,103375.67425288676,96.1583546462063
council_bluffs,2024-12-01,12.0,0,103375.67425288676,96.1583546462063
beverly,2024-12-01,12.0,0,103375.67425288676,96.1583546462063
tokeen,2024-12-01,12.0,0,103375.67425288676,96.1583546462063
durango,2024-12-01,12.0,0,103375.67425288676,96.1583546462063
unknown,2024-12-01,4.434954007884363,1,103375.67425288676,96.1583546462063
san_angelo,2024-12-01,12.0,0,103375.67425288676,96.1583546462063
unknown,2024-12-01,6.471747700394218,1,103375.67425288676,96.1583546462063
unknown,2024-12-01,3.9421813403416555,1,103375.67425288676,96.1583546462063
kissimmee,2024-12-01,12.0,0,103375.67425288676,96.1583546462063
bakersfield,2024-12-01,12.0,0,103375.67425288676,96.1583546462063
massena,2024-12-01,12.0,0,103375.67425288676,96.1583546462063
unknown,2024-12-01,4.0078843626806835,1,103375.67425288676,96.1583546462063
fernandina_beach,2024-12-01,12.0,0,103375.67425288676,96.1583546462063
west_bend,2024-12-01,12.0,0,103375.67425288676,96.1583546462063
fayetteville,2024-12-01,12.0,0,103375.67425288676,96.1583546462063
unknown,2024-12-01,12.0,0,103375.67425288676,96.1583546462063
waterloo,2024-12-01,12.0,0,103375.67425288676,96.1583546462063
ketchikan,2024-12-01,12.0,0,103375.67425288676,96.1583546462063
santa_fe,2024-12-01,12.0,0,103375.67425288676,96.1583546462063
easton,2024-12-01,12.0,0,103375.67425288676,96.1583546462063
lawrenceville,2024-12-01,12.0,0,103375.67425288676,96.1583546462063
fairhope,2024-12-01,12.0,0,103375.67425288676,96.1583546462063
fairfield,2024-12-01,12.0,0,103375.67425288676,96.1583546462063
wausau,2024-12-01,12.0,0,103375.67425288676,96.1583546462063
alexandria,2024-12-01,12.0,0,103375.67425288676,96.1583546462063
gulfport,2024-12-01,12.0,0,103375.67425288676,96.1583546462063
lawrence,2024-12-01,12.0,0,103375.67425288676,96.1583546462063
hyannis,2024-12-01,12.0,0,103375.67425288676,96.1583546462063
waukegan,2024-12-01,12.0,0,103375.67425288676,96.1583546462063
edinburg,2024-12-01,12.0,0,103375.67425288676,96.1583546462063
kennesaw,2024-12-01,12.0,0,103375.67425288676,96.1583546462063
valdosta,2024-12-01,12.0,0,103375.67425288676,96.1583546462063
oceana,2024-12-01,12.0,0,103375.67425288676,96.1583546462063
telluride,2024-12-01,12.0,0,103375.67425288676,96.1583546462063
st._augustine,2024-12-01,12.0,0,103375.67425288676,96.1583546462063
newport_news,2024-12-01,12.0,0,103375.67425288676,96.1583546462063
latrobe,2024-12-01,12.0,0,103375.67425288676,96.1583546462063
huntington,2024-12-01,12.0,0,103375.67425288676,96.1583546462063
charlottesville,2024-12-01,12.0,0,103375.67425288676,96.1583546462063
beaumont,2024-12-01,12.0,0,103375.67425288676,96.1583546462063
topeka,2024-12-01,12.0,0,103375.67425288676,96.1583546462063
sitka,2024-12-01,12.0,0,103375.67425288676,96.1583546462063
lansing,2024-12-01,12.0,0,103375.67425288676,96.1583546462063
unknown,2024-12-01,4.697766097240473,1,103375.67425288676,96.1583546462063
unknown,2024-12-01,4.993429697766097,1,103375.67425288676,96.1583546462063
belmar,2024-12-01,12.0,0,103375.67425288676,96.1583546462063
unknown,2024-12-01,6.3731931668856765,1,103375.67425288676,96.1583546462063
unknown,2024-12-01,6.14323258869908,1,103375.67425288676,96.1583546462063
belmar:farmingdale,2024-12-01,12.0,0,103375.67425288676,96.1583546462063
unknown,2024-12-01,4.763469119579501,1,103375.67425288676,96.1583546462063
beaufort,2024-12-01,12.0,0,103375.67425288676,96.1583546462063
gulf_shores,2024-12-01,12.0,0,103375.67425288676,96.1583546462063
santa_monica,2024-12-01,12.0,0,103375.67425288676,96.1583546462063
asheville,2024-12-01,12.0,0,103375.67425288676,96.1583546462063
unknown,2024-12-01,6.044678055190539,1,103375.67425288676,96.1583546462063
unknown,2024-12-01,5.124835742444152,1,103375.67425288676,96.1583546462063
bentonville,2024-12-01,12.0,0,103375.67425288676,96.1583546462063
houston,2025-01-01,12.0,0,100257.50987787957,95.62020460358056
fort_lauderdale,2025-01-01,12.0,0,95483.42558937304,95.60954816709292
atlanta,2025-01-01,12.0,0,94695.95615988043,95.59889173060529
dallas,2025-01-01,5.716162943495401,1,94309.1776432377,95.58290707587382
dallas,2025-01-01,12.0,0,94309.1776432377,95.58290707587382
chicago,2025-01-01,12.0,0,94256.66266245383,95.56692242114238
washington,2025-01-01,12.0,0,84391.16732730909,95.4923273657289
washington,2025-01-01,2.4967148488830486,1,84391.16732730909,95.4923273657289
washington,2025-01-01,5.716162943495401,1,84391.16732730909,95.4923273657289
washington,2025-01-01,4.993429697766097,1,84391.16732730909,95.4923273657289
washington,2025-01-01,4.566360052562418,1,84391.16732730909,95.4923273657289
washington,2025-01-01,7.752956636005256,1,84391.16732730909,95.4923273657289
washington,2025-01-01,1.8725361366622864,1,84391.16732730909,95.4923273657289
washington,2025-01-01,5.683311432325887,1,84391.16732730909,95.4923273657289
washington,2025-01-01,5.5847568988173455,1,84391.16732730909,95.4923273657289
washington,2025-01-01,2.9894875164257555,1,84391.16732730909,95.4923273657289
washington,2025-01-01,3.2851511169513796,1,84391.16732730909,95.4923273657289
washington,2025-01-01,3.712220762155059,1,84391.16732730909,95.4923273657289
washington,2025-01-01,5.387647831800263,1,84391.16732730909,95.4923273657289
san_francisco,2024-01-01,12.0,0,82135.18017970907,95.41773231031543
las_vegas,2025-01-01,12.0,0,81549.4729234507,95.4070758738278
honolulu,2025-01-01,3.1865965834428382,1,79662.0932971911,95.38576300085252
honolulu,2025-01-01,12.0,0,79662.0932971911,95.38576300085252
honolulu,2025-01-01,3.4822601839684624,1,79662.0932971911,95.38576300085252
boston,2025-01-01,12.0,0,78186.99883393901,95.36445012787725
seattle,2025-01-01,12.0,0,76787.19145547376,95.3537936913896
newark,2024-01-01,12.0,0,76362.0653062847,95.34313725490196
orlando,2024-01-01,12.0,0,76113.39676743162,95.33248081841433
houston,2024-01-01,12.0,0,74644.03610331188,95.32182438192667
fort_lauderdale,2024-01-01,12.0,0,71885.33591015507,95.31116794543905
denver,2025-01-01,3.7450722733245727,1,69488.95254189262,95.27919863597613
denver,2025-01-01,5.059132720105125,1,69488.95254189262,95.27919863597613
denver,2025-01-01,3.1537450722733245,1,69488.95254189262,95.27919863597613
denver,2025-01-01,3.679369250985545,1,69488.95254189262,95.27919863597613
denver,2025-01-01,12.0,0,69488.95254189262,95.27919863597613
agana,2025-01-01,12.0,0,69327.81762771959,95.24722932651322
atlanta,2024-01-01,12.0,0,68807.64626528103,95.23657289002557
chicago,2024-01-01,12.0,0,68697.43407278282,95.22591645353793
phoenix,2025-01-01,12.0,0,68044.8398485567,95.2152600170503
dallas,2024-01-01,12.0,0,67992.04802796886,95.20460358056266
detroit,2025-01-01,12.0,0,66986.03641057169,95.19394714407503
tampa,2025-01-01,12.0,0,66480.67480834582,95.18329070758739
charlotte,2025-01-01,12.0,0,64851.82385212464,95.17263427109974
minneapolis,2025-01-01,12.0,0,64432.7232557956,95.16197783461212
philadelphia,2025-01-01,2.923784494086728,1,64137.1785302606,95.14066496163683
philadelphia,2025-01-01,3.2851511169513796,1,64137.1785302606,95.14066496163683
philadelphia,2025-01-01,12.0,0,64137.1785302606,95.14066496163683
palm_springs,2025-01-01,12.0,0,62993.260291992396,95.11935208866154
san_juan,2025-01-01,12.0,0,62911.21056328865,95.1086956521739
fort_myers,2025-01-01,12.0,0,62795.401193012185,95.09803921568627
san_antonio,2025-01-01,12.0,0,62462.7482165111,95.08738277919863
san_diego,2025-01-01,12.0,0,62390.35460920341,95.076726342711
saipan,2025-01-01,12.0,0,61938.77390460268,95.06606990622336
salt_lake_city,2025-01-01,12.0,0,61885.73639427356,95.05541346973571
washington,2024-01-01,12.0,0,61808.65980269196,95.04475703324809
kahului,2025-01-01,12.0,0,61780.967564507046,95.03410059676044
oakland,2025-01-01,12.0,0,61682.766155448895,95.01811594202898
oakland,2025-01-01,2.3653088042049935,1,61682.766155448895,95.01811594202898
austin,2025-01-01,12.0,0,61633.586682743975,95.00213128729753
raleigh,2025-01-01,12.0,0,61151.91319755998,94.9914748508099
fresno,2025-01-01,2.266754270696452,1,61079.81406235847,94.97016197783461
fresno,2025-01-01,2.5295663600525624,1,61079.81406235847,94.97016197783461
fresno,2025-01-01,12.0,0,61079.81406235847,94.97016197783461
west_palm_beach,2025-01-01,12.0,0,60975.18693799443,94.94884910485933
san_jose,2025-01-01,12.0,0,60942.86293436297,94.9381926683717
ontario,2025-01-01,12.0,0,60916.731054876735,94.92220801364024
ontario,2025-01-01,4.7963206307490145,1,60916.731054876735,94.92220801364024
portland,2025-01-01,12.0,0,60829.38946026102,94.90622335890878
sacramento,2025-01-01,12.0,0,60811.29938698446,94.89023870417732
sacramento,2025-01-01,5.45335085413929,1,60811.29938698446,94.89023870417732
baltimore,2025-01-01,12.0,0,60788.9483029421,94.87425404944587
laguna_beach,2025-01-01,12.0,0,60704.0890796037,94.86359761295823
new_orleans,2025-01-01,12.0,0,60665.15039323806,94.85294117647058
nashville,2025-01-01,12.0,0,60662.04178369707,94.84228473998296
kona,2025-01-01,12.0,0,60582.691061727804,94.83162830349531
cincinnati,2025-01-01,12.0,0,60189.50317027027,94.82097186700767
st._louis,2025-01-01,12.0,0,60185.07801084714,94.81031543052003
kauai_island,2025-01-01,12.0,0,60157.260598205954,94.7996589940324
pittsburgh,2025-01-01,12.0,0,60136.8246729189,94.78900255754475
mcallen,2025-01-01,12.0,0,60109.29740621599,94.77834612105713
sarasota,2025-01-01,12.0,0,60099.454947078775,94.76768968456948
reno,2025-01-01,12.0,0,60088.61002206567,94.75703324808184
newburgh,2025-01-01,12.0,0,60084.460013028234,94.7463768115942
teterboro,2025-01-01,12.0,0,59988.621084426806,94.73572037510657
hartford,2025-01-01,12.0,0,59965.83755690055,94.72506393861893
bullhead_city,2025-01-01,12.0,0,59956.75328536534,94.7144075021313
brownsville,2025-01-01,12.0,0,59954.14849082455,94.70375106564364
vail,2025-01-01,12.0,0,59953.01310297833,94.69309462915601
cleveland,2025-01-01,12.0,0,59950.14133557753,94.68243819266837
white_plains,2025-01-01,12.0,0,59943.59689130777,94.67178175618074
st._thomas_island,2025-01-01,12.0,0,59942.39492818698,94.6611253196931
laredo,2025-01-01,12.0,0,59936.85285446921,94.65046888320545
scottsdale,2025-01-01,12.0,0,59934.11539267258,94.63981244671783
anchorage,2025-01-01,4.6320630749014455,1,59930.042815041226,94.61849957374254
anchorage,2025-01-01,12.0,0,59930.042815041226,94.61849957374254
anchorage,2025-01-01,0.49277266754270693,1,59930.042815041226,94.61849957374254
naples,2025-01-01,12.0,0,59926.97187395431,94.59718670076727
kansas_city,2025-01-01,12.0,0,59924.30161831278,94.58653026427962
boca_raton,2025-01-01,12.0,0,59920.83046385679,94.575873827792
tuscon,2025-01-01,12.0,0,59920.76371285714,94.56521739130434
kendall-tamiami,2025-01-01,12.0,0,59919.228460386366,94.55456095481671
atlantic_city,2025-01-01,12.0,0,59915.42387379683,94.54390451832907
el_paso,2025-01-01,12.0,0,59914.956660520205,94.53324808184144
vail:eagle,2025-01-01,12.0,0,59914.22247558923,94.5225916453538
jacksonville,2025-01-01,12.0,0,59910.952124737436,94.51193520886616
conroe,2025-01-01,12.0,0,59909.5506004469,94.50127877237851
aguadilla,2025-01-01,12.0,0,59908.74974414438,94.49062233589088
bedford,2025-01-01,12.0,0,59907.748688820924,94.47996589940324
farmingdale,2025-01-01,12.0,0,59906.881121071085,94.46930946291559
bangor,2025-01-01,12.0,0,59905.880096971705,94.45332480818415
boise,2025-01-01,12.0,0,59905.880096971705,94.45332480818415
milwaukee,2025-01-01,12.0,0,59905.74662835564,94.43734015345268
pontiac,2025-01-01,12.0,0,59904.94582290359,94.42668371696504
van_nuys,2025-01-01,12.0,0,59904.81235636896,94.41602728047741
midland,2025-01-01,7.1616294349540075,1,59903.677902830954,94.37340153452686
midland,2025-01-01,5.256241787122208,1,59903.677902830954,94.37340153452686
midland,2025-01-01,4.664914586070959,1,59903.677902830954,94.37340153452686
midland,2025-01-01,3.679369250985545,1,59903.677902830954,94.37340153452686
midland,2025-01-01,2.562417871222076,1,59903.677902830954,94.37340153452686
midland,2025-01-01,3.416557161629435,1,59903.677902830954,94.37340153452686
midland,2025-01-01,12.0,0,59903.677902830954,94.37340153452686
buffalo,2025-01-01,12.0,0,59903.077318478994,94.3307757885763
wilmington,2025-01-01,12.0,0,59902.610201479314,94.32011935208865
windsor_locks,2025-01-01,12.0,0,59902.00962783195,94.30946291560103
rochester,2025-01-01,12.0,0,59901.675978407504,94.29880647911338
addison,2025-01-01,12.0,0,59901.208872335315,94.28282182438193
indianapolis,2025-01-01,12.0,0,59901.208872335315,94.28282182438193
sugar_land,2025-01-01,12.0,0,59900.87522737091,94.26683716965046
fairbanks,2025-01-01,12.0,0,59900.808498601014,94.25618073316284
stuart,2025-01-01,12.0,0,59900.60831273744,94.24552429667519
norfolk,2025-01-01,12.0,0,59900.34139929332,94.23486786018755
omaha,2025-01-01,12.0,0,59900.007759160675,94.22421142369991
greenville,2025-01-01,12.0,0,59899.874303628014,94.20289855072464
long_beach,2025-01-01,12.0,0,59899.874303628014,94.20289855072464
daytona_beach,2025-01-01,12.0,0,59899.874303628014,94.20289855072464
savannah,2025-01-01,12.0,0,59899.27375741031,94.18158567774935
dallas-fort_worth,2025-01-01,12.0,0,59899.140303512984,94.17092924126173
melbourne,2025-01-01,12.0,0,59898.673217213676,94.16027280477408
columbus,2025-01-01,12.0,0,59898.53976465423,94.14961636828644
aspen,2025-01-01,12.0,0,59898.47303848612,94.13895993179881
burlington,2025-01-01,12.0,0,59898.40631239223,94.12830349531117
birmingham,2025-01-01,12.0,0,59898.13940876009,94.11764705882352
broomdield-co,2025-01-01,12.0,0,59898.00595738996,94.1069906223359
islip,2025-01-01,12.0,0,59897.9392318165,94.09633418584825
charleston,2025-01-01,12.0,0,59897.87250631726,94.08567774936061
nogales,2025-01-01,12.0,0,59897.805780892355,94.07502131287298
memphis,2025-01-01,12.0,0,59897.67233026565,94.05903665814151
carlsbad,2025-01-01,12.0,0,59897.67233026565,94.05903665814151
bozeman,2025-01-01,12.0,0,59897.605605063734,94.04305200341005
morristown,2025-01-01,12.0,0,59897.472154883006,94.03239556692242
toledo,2025-01-01,12.0,0,59897.27198016924,94.02173913043478
casper,2025-01-01,12.0,0,59897.13853073182,94.01108269394715
camp_springs,2025-01-01,12.0,0,59896.604735955145,93.99509803921569
kalispell,2025-01-01,12.0,0,59896.604735955145,93.99509803921569
columbia,2025-01-01,5.387647831800263,1,59896.53801194252,93.9737851662404
columbia,2025-01-01,12.0,0,59896.53801194252,93.9737851662404
st._thomas,2025-01-01,12.0,0,59896.40456414036,93.95247229326513
greensboro,2025-01-01,12.0,0,59896.40456414036,93.95247229326513
little_rock,2025-01-01,12.0,0,59896.33784035072,93.93648763853368
st._petersburg,2025-01-01,12.0,0,59896.27111663541,93.91517476555839
raleigh-durham,2025-01-01,12.0,0,59896.27111663541,93.91517476555839
louisville,2025-01-01,12.0,0,59896.27111663541,93.91517476555839
rogers,2025-01-01,12.0,0,59896.07094593557,93.89386189258312
amarillo,2025-01-01,12.0,0,59895.93749917402,93.87787723785166
wichita,2025-01-01,12.0,0,59895.93749917402,93.87787723785166
fort_pierce,2025-01-01,12.0,0,59895.87077590469,93.86189258312021
fargo,2025-01-01,12.0,0,59895.670606542764,93.85123614663257
vero_beach,2025-01-01,12.0,0,59895.537160673055,93.8352514919011
leesburg,2025-01-01,12.0,0,59895.537160673055,93.8352514919011
great_falls,2025-01-01,12.0,0,59895.47043784969,93.8032821824382
west_chicago,2025-01-01,12.0,0,59895.47043784969,93.8032821824382
spokane,2025-01-01,12.0,0,59895.47043784969,93.8032821824382
spokane,2025-01-01,7.752956636005256,1,59895.47043784969,93.8032821824382
manassas,2025-01-01,12.0,0,59895.33699242606,93.77131287297527
albany,2025-01-01,12.0,0,59895.33699242606,93.77131287297527
bellingham,2025-01-01,12.0,0,59895.20354729974,93.75
duluth,2025-01-01,12.0,0,59895.20354729974,93.75
santa_teresa,2025-01-01,12.0,0,59895.13682484802,93.73401534526855
minot,2025-01-01,12.0,0,59895.07010247063,93.70737425404944
calexico,2025-01-01,12.0,0,59895.07010247063,93.70737425404944
fort_worth,2025-01-01,12.0,0,59895.07010247063,93.70737425404944
key_west,2025-01-01,12.0,0,59895.07010247063,93.70737425404944
everett,2025-01-01,12.0,0,59894.93665793893,93.68073316283035
richmond,2025-01-01,12.0,0,59894.86993578452,93.6647485080989
moline,2025-01-01,12.0,0,59894.86993578452,93.6647485080989
st._croix_island,2025-01-01,12.0,0,59894.803213704436,93.64876385336743
st._paul,2025-01-01,12.0,0,59894.73649169868,93.62745098039215
grand_junction,2025-01-01,12.0,0,59894.73649169868,93.62745098039215
del_rio,2025-01-01,12.0,0,59894.73649169868,93.62745098039215
friday_harbor,2025-01-01,12.0,0,59894.66976976736,93.59548167092923
providence,2025-01-01,12.0,0,59894.66976976736,93.59548167092923
providence,2025-01-01,0.5584756898817346,1,59894.66976976736,93.59548167092923
corpus_christi,2025-01-01,12.0,0,59894.603047910256,93.56884057971014
sanford,2025-01-01,12.0,0,59894.603047910256,93.56884057971014
erie,2025-01-01,4.204993429697766,1,59894.53632612748,93.52088661551578
erie,2025-01-01,12.0,0,59894.53632612748,93.52088661551578
erie,2025-01-01,3.416557161629435,1,59894.53632612748,93.52088661551578
erie,2025-01-01,2.726675427069645,1,59894.53632612748,93.52088661551578
marathon,2025-01-01,12.0,0,59894.53632612748,93.52088661551578
tulsa,2025-01-01,12.0,0,59894.53632612748,93.52088661551578
erie,2025-01-01,2.890932982917214,1,59894.53632612748,93.52088661551578
venice,2025-01-01,12.0,0,59894.46960441904,93.47826086956522
colorado_springs,2025-01-01,12.0,0,59894.40288278503,93.4462915601023
huntsville,2025-01-01,12.0,0,59894.40288278503,93.4462915601023
harlingen,2025-01-01,12.0,0,59894.40288278503,93.4462915601023
peoria,2025-01-01,12.0,0,59894.40288278503,93.4462915601023
lakeland,2025-01-01,12.0,0,59894.40288278503,93.4462915601023
dover-cheswold,2025-01-01,12.0,0,59894.26943973977,93.41432225063939
mesa,2025-01-01,7.522996057818659,1,59894.202718328736,93.36636828644501
harrisburg,2025-01-01,12.0,0,59894.202718328736,93.36636828644501
mesa,2025-01-01,7.424441524310118,1,59894.202718328736,93.36636828644501
grant_county_airport,2025-01-01,12.0,0,59894.202718328736,93.36636828644501
trenton,2025-01-01,12.0,0,59894.202718328736,93.36636828644501
mesa,2025-01-01,7.917214191852825,1,59894.202718328736,93.36636828644501
galveston,2025-01-01,12.0,0,59894.202718328736,93.36636828644501
mesa,2025-01-01,12.0,0,59894.202718328736,93.36636828644501
presque_isle,2025-01-01,12.0,0,59894.13599699193,93.30242966751918
coeur_d'alene,2025-01-01,12.0,0,59894.13599699193,93.30242966751918
lexington_ky,2025-01-01,12.0,0,59894.13599699193,93.30242966751918
syracuse,2025-01-01,12.0,0,59894.13599699193,93.30242966751918
winston-salem,2025-01-01,12.0,0,59894.069275729446,93.27046035805625
des_moines,2025-01-01,12.0,0,59894.069275729446,93.27046035805625
saginlaw,2025-01-01,12.0,0,59894.00255454129,93.25447570332481
west_hampton_beach,2025-01-01,12.0,0,59893.93583342756,93.21717817561807
oklahoma_city,2025-01-01,12.0,0,59893.93583342756,93.21717817561807
scranton,2025-01-01,12.0,0,59893.93583342756,93.21717817561807
kalamazoo,2025-01-01,12.0,0,59893.93583342756,93.21717817561807
niagara_falls,2025-01-01,12.0,0,59893.93583342756,93.21717817561807
north_kingstown,2025-01-01,12.0,0,59893.93583342756,93.21717817561807
newport_news,2025-01-01,12.0,0,59893.869112388056,93.1692242114237
port_clinton,2025-01-01,12.0,0,59893.869112388056,93.1692242114237
ocala,2025-01-01,12.0,0,59893.869112388056,93.1692242114237
hillsboro,2025-01-01,12.0,0,59893.802391422876,93.13192668371697
st._augustine_airport,2025-01-01,12.0,0,59893.802391422876,93.13192668371697
mountain_view,2025-01-01,12.0,0,59893.802391422876,93.13192668371697
fort_wayne,2025-01-01,12.0,0,59893.802391422876,93.13192668371697
kissimmee,2025-01-01,12.0,0,59893.73567053203,93.07864450127877
telluride,2025-01-01,12.0,0,59893.73567053203,93.07864450127877
port_angeles,2025-01-01,12.0,0,59893.73567053203,93.07864450127877
portsmouth,2025-01-01,12.0,0,59893.73567053203,93.07864450127877
gary,2025-01-01,12.0,0,59893.73567053203,93.07864450127877
manchester,2025-01-01,12.0,0,59893.73567053203,93.07864450127877
grand_rapids,2025-01-01,12.0,0,59893.668949715604,93.00937766410912
lincoln,2025-01-01,5.617608409986859,1,59893.668949715604,93.00937766410912
sault_ste._marie,2025-01-01,12.0,0,59893.668949715604,93.00937766410912
albuquerque,2025-01-01,12.0,0,59893.668949715604,93.00937766410912
flagstaff,2025-01-01,12.0,0,59893.668949715604,93.00937766410912
lincoln,2025-01-01,12.0,0,59893.668949715604,93.00937766410912
lincoln,2025-01-01,5.847568988173456,1,59893.668949715604,93.00937766410912
flint,2025-01-01,12.0,0,59893.6022289734,92.95076726342711
yuma,2025-01-01,12.0,0,59893.6022289734,92.95076726342711
akron,2025-01-01,12.0,0,59893.6022289734,92.95076726342711
hailey,2025-01-01,12.0,0,59893.6022289734,92.95076726342711
worcester,2025-01-01,12.0,0,59893.53550830553,92.88682864450128
pompano_beach,2025-01-01,12.0,0,59893.53550830553,92.88682864450128
myrtle_beach,2025-01-01,12.0,0,59893.53550830553,92.88682864450128
sioux_falls,2025-01-01,12.0,0,59893.53550830553,92.88682864450128
dayton,2025-01-01,12.0,0,59893.53550830553,92.88682864450128
south_bend,2025-01-01,12.0,0,59893.53550830553,92.88682864450128
green_bay,2025-01-01,12.0,0,59893.53550830553,92.88682864450128
chattanooga,2025-01-01,12.0,0,59893.53550830553,92.88682864450128
jackson,2025-01-01,12.0,0,59893.46878771198,92.81223358908781
appleton,2025-01-01,12.0,0,59893.46878771198,92.81223358908781
gulfport,2025-01-01,12.0,0,59893.46878771198,92.81223358908781
grand_forks,2025-01-01,12.0,0,59893.46878771198,92.81223358908781
binghamton,2025-01-01,12.0,0,59893.46878771198,92.81223358908781
billings,2025-01-01,12.0,0,59893.46878771198,92.81223358908781
lubbock,2025-01-01,1.9053876478318001,1,59893.40206719287,92.65771526001704
massena,2025-01-01,12.0,0,59893.40206719287,92.65771526001704
lubbock,2025-01-01,2.9894875164257555,1,59893.40206719287,92.65771526001704
lihue,2025-01-01,12.0,0,59893.40206719287,92.65771526001704
lubbock,2025-01-01,1.5768725361366622,1,59893.40206719287,92.65771526001704
lubbock,2025-01-01,12.0,0,59893.40206719287,92.65771526001704
lubbock,2025-01-01,3.876478318002628,1,59893.40206719287,92.65771526001704
lubbock,2025-01-01,2.4967148488830486,1,59893.40206719287,92.65771526001704
lubbock,2025-01-01,4.336399474375821,1,59893.40206719287,92.65771526001704
lubbock,2025-01-01,4.106438896189225,1,59893.40206719287,92.65771526001704
lubbock,2025-01-01,3.9750328515111693,1,59893.40206719287,92.65771526001704
lubbock,2025-01-01,3.679369250985545,1,59893.40206719287,92.65771526001704
lubbock,2025-01-01,3.515111695137976,1,59893.40206719287,92.65771526001704
lubbock,2025-01-01,3.416557161629435,1,59893.40206719287,92.65771526001704
lubbock,2025-01-01,3.2851511169513796,1,59893.40206719287,92.65771526001704
lubbock,2025-01-01,3.1865965834428382,1,59893.40206719287,92.65771526001704
lubbock,2025-01-01,2.562417871222076,1,59893.40206719287,92.65771526001704
lubbock,2025-01-01,3.055190538764783,1,59893.40206719287,92.65771526001704
burbank,2025-01-01,12.0,0,59893.40206719287,92.65771526001704
helena,2025-01-01,12.0,0,59893.40206719287,92.65771526001704
fairfield,2025-01-01,12.0,0,59893.40206719287,92.65771526001704
sheboygan,2025-01-01,12.0,0,59893.40206719287,92.65771526001704
sagarai,2025-01-01,12.0,0,59893.40206719287,92.65771526001704
key_largo,2025-01-01,12.0,0,59893.33534674797,92.49254049445865
napa,2025-01-01,12.0,0,59893.33534674797,92.49254049445865
santa_ana,2025-01-01,12.0,0,59893.33534674797,92.49254049445865
bristol,2025-01-01,12.0,0,59893.33534674797,92.49254049445865
san_bernardino,2025-01-01,12.0,0,59893.33534674797,92.49254049445865
muskegon,2025-01-01,12.0,0,59893.33534674797,92.49254049445865
muskegon,2025-01-01,5.781865965834428,1,59893.33534674797,92.49254049445865
eagle_pass,2025-01-01,12.0,0,59893.33534674797,92.49254049445865
lake_charles,2025-01-01,12.0,0,59893.268626377394,92.40728900255755
huntington,2025-01-01,12.0,0,59893.268626377394,92.40728900255755
houlton,2025-01-01,12.0,0,59893.268626377394,92.40728900255755
ketchikan,2025-01-01,12.0,0,59893.268626377394,92.40728900255755
santa_fe,2025-01-01,12.0,0,59893.268626377394,92.40728900255755
new_haven,2025-01-01,12.0,0,59893.268626377394,92.40728900255755
hayden,2025-01-01,12.0,0,59893.268626377394,92.40728900255755
oroville,2025-01-01,12.0,0,59893.268626377394,92.40728900255755
houma,2025-01-01,12.0,0,59893.20190608126,92.33802216538788
santa_barbara,2025-01-01,12.0,0,59893.20190608126,92.33802216538788
saint_george,2025-01-01,12.0,0,59893.20190608126,92.33802216538788
georgetown,2025-01-01,12.0,0,59893.20190608126,92.33802216538788
clinton,2025-01-01,12.0,0,59893.20190608126,92.33802216538788
beaumont,2025-01-01,12.0,0,59893.13518585934,92.25277067348678
presidio,2025-01-01,12.0,0,59893.13518585934,92.25277067348678
cedar_rapids,2025-01-01,12.0,0,59893.13518585934,92.25277067348678
port_huron,2025-01-01,12.0,0,59893.13518585934,92.25277067348678
springfield,2025-01-01,12.0,0,59893.13518585934,92.25277067348678
ceiba,2025-01-01,12.0,0,59893.13518585934,92.25277067348678
victorville,2025-01-01,12.0,0,59893.13518585934,92.25277067348678
lansing,2025-01-01,12.0,0,59893.13518585934,92.25277067348678
chicago-wheeling,2025-01-01,12.0,0,59893.13518585934,92.25277067348678
madison,2025-01-01,12.0,0,59893.13518585934,92.25277067348678
belleville,2025-01-01,12.0,0,59893.13518585934,92.25277067348678
westfield,2025-01-01,12.0,0,59893.068465711745,92.14087809036658
tacoma,2025-01-01,12.0,0,59893.068465711745,92.14087809036658
ponce,2025-01-01,12.0,0,59893.068465711745,92.14087809036658
port_townsed,2025-01-01,12.0,0,59893.068465711745,92.14087809036658
cocoa,2025-01-01,12.0,0,59893.068465711745,92.14087809036658
knoxville,2025-01-01,12.0,0,59893.068465711745,92.14087809036658
roanoke,2025-01-01,12.0,0,59893.068465711745,92.14087809036658
new_bedford,2025-01-01,12.0,0,59893.068465711745,92.14087809036658
sitka,2025-01-01,12.0,0,59893.068465711745,92.14087809036658
montrose,2025-01-01,12.0,0,59893.068465711745,92.14087809036658
cutbank,2025-01-01,12.0,0,59893.001745638474,91.97037510656436
laconia,2025-01-01,12.0,0,59893.001745638474,91.97037510656436
monterey,2025-01-01,12.0,0,59893.001745638474,91.97037510656436
clarksburg,2025-01-01,12.0,0,59893.001745638474,91.97037510656436
pensacola,2025-01-01,12.0,0,59893.001745638474,91.97037510656436
stratford,2025-01-01,12.0,0,59893.001745638474,91.97037510656436
lafayette,2025-01-01,12.0,0,59893.001745638474,91.97037510656436
sedalia,2025-01-01,12.0,0,59893.001745638474,91.97037510656436
marco_island,2025-01-01,12.0,0,59893.001745638474,91.97037510656436
el_centro,2025-01-01,12.0,0,59893.001745638474,91.97037510656436
smyrna,2025-01-01,12.0,0,59893.001745638474,91.97037510656436
hilton_head_island,2025-01-01,12.0,0,59893.001745638474,91.97037510656436
baton_rouge,2025-01-01,12.0,0,59893.001745638474,91.97037510656436
allentown,2025-01-01,12.0,0,59893.001745638474,91.97037510656436
lynchburg,2025-01-01,12.0,0,59893.001745638474,91.97037510656436
ithaca,2025-01-01,12.0,0,59893.001745638474,91.97037510656436
northway,2025-01-01,12.0,0,59893.001745638474,91.97037510656436
westhampton,2025-01-01,12.0,0,59893.001745638474,91.97037510656436
idaho_falls,2025-01-01,12.0,0,59893.001745638474,91.97037510656436
punta_gorda,2025-01-01,12.0,0,59893.001745638474,91.97037510656436
dunseith,2025-01-01,12.0,0,59893.001745638474,91.97037510656436
rockford,2025-01-01,12.0,0,59893.001745638474,91.97037510656436
scotia,2025-01-01,12.0,0,59892.935025639636,91.79454390451833
rifle,2025-01-01,12.0,0,59892.935025639636,91.79454390451833
shreveport,2025-01-01,12.0,0,59892.935025639636,91.79454390451833
panama_city,2025-01-01,12.0,0,59892.935025639636,91.79454390451833
greensboro:high_poin,2025-01-01,12.0,0,59892.935025639636,91.79454390451833
pasco,2025-01-01,12.0,0,59892.935025639636,91.79454390451833
rosewell,2025-01-01,12.0,0,59892.935025639636,91.79454390451833
kenmore,2025-01-01,12.0,0,59892.935025639636,91.79454390451833
sault_ste_marie,2025-01-01,12.0,0,59892.935025639636,91.79454390451833
moses_lake,2025-01-01,12.0,0,59892.935025639636,91.79454390451833
oxford,2025-01-01,12.0,0,59892.935025639636,91.79454390451833
watertown,2025-01-01,12.0,0,59892.86830571502,91.33098891730606
terre_haute,2025-01-01,12.0,0,59892.86830571502,91.33098891730606
chino,2025-01-01,12.0,0,59892.86830571502,91.33098891730606
tokeen,2025-01-01,12.0,0,59892.86830571502,91.33098891730606
porthill,2025-01-01,12.0,0,59892.86830571502,91.33098891730606
sheridan,2025-01-01,4.829172141918528,1,59892.86830571502,91.33098891730606
ogden,2025-01-01,12.0,0,59892.86830571502,91.33098891730606
sheridan,2025-01-01,12.0,0,59892.86830571502,91.33098891730606
lakehurst,2025-01-01,12.0,0,59892.86830571502,91.33098891730606
reading,2025-01-01,12.0,0,59892.86830571502,91.33098891730606
eau_claire,2025-01-01,12.0,0,59892.86830571502,91.33098891730606
mobile,2025-01-01,12.0,0,59892.86830571502,91.33098891730606
beverly,2025-01-01,12.0,0,59892.86830571502,91.33098891730606
yakima,2025-01-01,12.0,0,59892.86830571502,91.33098891730606
north_bend,2025-01-01,12.0,0,59892.86830571502,91.33098891730606
rapid_city,2025-01-01,12.0,0,59892.86830571502,91.33098891730606
grand_island,2025-01-01,12.0,0,59892.86830571502,91.33098891730606
casablanca,2025-01-01,12.0,0,59892.86830571502,91.33098891730606
watsonville,2025-01-01,12.0,0,59892.86830571502,91.33098891730606
burlington:mount_vernon,2025-01-01,12.0,0,59892.86830571502,91.33098891730606
fernandina_beach,2025-01-01,12.0,0,59892.86830571502,91.33098891730606
pascagoula,2025-01-01,12.0,0,59892.86830571502,91.33098891730606
killeen,2025-01-01,12.0,0,59892.86830571502,91.33098891730606
fort_collins,2025-01-01,12.0,0,59892.86830571502,91.33098891730606
paso_robles,2025-01-01,12.0,0,59892.86830571502,91.33098891730606
macon,2025-01-01,12.0,0,59892.86830571502,91.33098891730606
fort_dix,2025-01-01,12.0,0,59892.86830571502,91.33098891730606
hopkinsville,2025-01-01,12.0,0,59892.86830571502,91.33098891730606
santa_monica,2025-01-01,12.0,0,59892.86830571502,91.33098891730606
marysville,2025-01-01,12.0,0,59892.86830571502,91.33098891730606
broomfield,2025-01-01,12.0,0,59892.86830571502,91.33098891730606
santa_rosa,2025-01-01,12.0,0,59892.86830571502,91.33098891730606
riverside,2025-01-01,3.0223390275952693,1,59892.86830571502,91.33098891730606
riverside,2025-01-01,12.0,0,59892.86830571502,91.33098891730606
calliano,2025-01-01,12.0,0,59892.86830571502,91.33098891730606
medford,2025-01-01,12.0,0,59892.86830571502,91.33098891730606
henderson,2025-01-01,12.0,0,59892.86830571502,91.33098891730606
kerrville,2025-01-01,12.0,0,59892.86830571502,91.33098891730606
longview,2025-01-01,12.0,0,59892.86830571502,91.33098891730606
charlottesville,2025-01-01,12.0,0,59892.86830571502,91.33098891730606
gillette,2025-01-01,12.0,0,59892.86830571502,91.33098891730606
waukegan,2025-01-01,12.0,0,59892.86830571502,91.33098891730606
champaign,2025-01-01,12.0,0,59892.86830571502,91.33098891730606
kenosha,2025-01-01,12.0,0,59892.86830571502,91.33098891730606
renton,2025-01-01,12.0,0,59892.86830571502,91.33098891730606
toms_river,2025-01-01,12.0,0,59892.86830571502,91.33098891730606
bakersfield,2025-01-01,12.0,0,59892.86830571502,91.33098891730606
fairhope,2025-01-01,12.0,0,59892.86830571502,91.33098891730606
oxnard,2025-01-01,12.0,0,59892.86830571502,91.33098891730606
rome,2025-01-01,12.0,0,59892.86830571502,91.33098891730606
weslaco,2025-01-01,12.0,0,59892.86830571502,91.33098891730606
winston_salem,2025-01-01,12.0,0,59892.86830571502,91.33098891730606
durango,2025-01-01,12.0,0,59892.86830571502,91.33098891730606
brunswick,2025-01-01,12.0,0,59892.86830571502,91.33098891730606
international_falls,2025-01-01,12.0,0,59892.86830571502,91.33098891730606
monroe,2025-01-01,12.0,0,59892.86830571502,91.33098891730606
princeton,2025-01-01,12.0,0,59892.86830571502,91.33098891730606
vieques_island,2025-01-01,12.0,0,59892.86830571502,91.33098891730606
latrobe,2025-01-01,12.0,0,59892.86830571502,91.33098891730606
racine,2025-01-01,12.0,0,59892.86830571502,91.33098891730606
guam,2025-01-01,12.0,0,59892.86830571502,91.33098891730606
lawrence,2025-01-01,12.0,0,59892.86830571502,91.33098891730606
jacksn_hole,2025-01-01,12.0,0,59892.86830571502,91.33098891730606
douglas,2025-01-01,12.0,0,59892.86830571502,91.33098891730606
warroad,2025-01-01,12.0,0,59892.86830571502,91.33098891730606
montgomery,2025-01-01,1.9710906701708277,1,59892.86830571502,91.33098891730606
beaufort,2025-01-01,12.0,0,59892.86830571502,91.33098891730606
montgomery,2025-01-01,12.0,0,59892.86830571502,91.33098891730606
providenciales,2025-01-01,12.0,0,59892.86830571502,91.33098891730606
gulf_shores,2025-01-01,12.0,0,59892.86830571502,91.33098891730606
lawrenceville,2025-01-01,12.0,0,59892.86830571502,91.33098891730606
groton,2025-01-01,12.0,0,59892.86830571502,91.33098891730606
belmar:farmingdale,2025-01-01,12.0,0,59892.86830571502,91.33098891730606
barnstable,2025-01-01,12.0,0,59892.86830571502,91.33098891730606
destin,2025-01-01,12.0,0,59892.86830571502,91.33098891730606
lexington,2025-01-01,12.0,0,59892.86830571502,91.33098891730606
honolulu,2024-01-01,12.0,0,57932.49736756803,90.92071611253198
las_vegas,2024-01-01,12.0,0,57567.02568919808,90.91005967604433
boston,2024-01-01,12.0,0,54901.021496036046,90.8994032395567
seattle,2024-01-01,12.0,0,54440.903924049555,90.88874680306905
agana,2024-01-01,12.0,0,51956.18302966586,90.8780903665814
denver,2024-01-01,12.0,0,50218.97426596592,90.86743393009378
phoenix,2024-01-01,12.0,0,49600.88782341783,90.85677749360613
detroit,2024-01-01,12.0,0,48581.45065274805,90.8461210571185
charlotte,2024-01-01,12.0,0,48112.67422624616,90.83546462063086
miami,2024-02-01,12.0,0,47994.53705563034,90.82480818414322
tampa,2024-01-01,12.0,0,47828.00899490393,90.81415174765559
philadelphia,2024-01-01,12.0,0,47325.73243249038,90.80349531116795
minneapolis,2024-01-01,12.0,0,47044.25583970288,90.7928388746803
new_york,2024-10-01,12.0,0,46267.45318872432,90.78218243819268
palm_springs,2024-01-01,12.0,0,45948.19543140832,90.77152600170503
fort_myers,2024-01-01,12.0,0,45820.613376561836,90.76086956521739
saipan,2024-01-01,12.0,0,45709.98258762582,90.75021312872975
san_diego,2024-01-01,12.0,0,45642.35953292489,90.73955669224212
san_juan,2024-01-01,12.0,0,45621.61948515896,90.72890025575447
san_antonio,2024-01-01,12.0,0,45507.56548314092,90.71824381926685
kahului,2024-01-01,12.0,0,45442.82356853206,90.7075873827792
salt_lake_city,2024-01-01,12.0,0,45234.63505649967,90.69693094629156
austin,2024-01-01,12.0,0,45022.48491801272,90.68627450980392
oakland,2024-01-01,12.0,0,44818.918130225204,90.67561807331627
san_jose,2024-01-01,12.0,0,44734.12135838433,90.66496163682865
ontario,2024-01-01,12.0,0,44683.07144065463,90.654305200341
portland,2024-01-01,12.0,0,44635.46083879101,90.64364876385336
baltimore,2024-01-01,12.0,0,44628.50011523945,90.63299232736573
fresno,2024-01-01,12.0,0,44591.477375491726,90.62233589087809
sacramento,2024-01-01,12.0,0,44518.31748835164,90.61167945439045
kona,2024-01-01,12.0,0,44513.80476911054,90.60102301790282
laguna_beach,2024-01-01,12.0,0,44436.21795699415,90.59036658141517
raleigh,2024-01-01,12.0,0,44382.98638462182,90.57971014492753
west_palm_beach,2024-01-01,12.0,0,44372.011600463324,90.5690537084399
new_orleans,2024-01-01,12.0,0,44337.37479996517,90.55839727195226
nashville,2024-01-01,12.0,0,44307.84865796636,90.54774083546462
cincinnati,2024-01-01,12.0,0,44098.473109246566,90.53708439897699
st._louis,2024-01-01,12.0,0,44046.33306562066,90.52642796248934
pittsburgh,2024-01-01,12.0,0,44030.585358241966,90.51577152600171
newburgh,2024-01-01,12.0,0,44029.06484976124,90.50511508951406
kauai_island,2024-01-01,12.0,0,44020.678472401356,90.49445865302643
reno,2024-01-01,12.0,0,44004.8909162941,90.48380221653879
sarasota,2024-01-01,12.0,0,43972.05917766605,90.47314578005115
cleveland,2024-01-01,12.0,0,43944.930241987,90.46248934356352
indianapolis,2024-01-01,12.0,0,43928.72942561032,90.45183290707587
hartford,2024-01-01,12.0,0,43927.554976317035,90.44117647058823
new_york,2024-02-01,12.0,0,43920.75897573742,90.4305200341006
teterboro,2024-01-01,12.0,0,43919.87289502805,90.41986359761296
columbus,2024-01-01,12.0,0,43915.078391560855,90.40920716112531
brownsville,2024-01-01,12.0,0,43890.62478528951,90.39855072463769
vail,2024-01-01,12.0,0,43890.380318003874,90.38789428815004
white_plains,2024-01-01,12.0,0,43882.753622642645,90.3772378516624
st._thomas_island,2024-01-01,12.0,0,43877.7187745313,90.36658141517476
scottsdale,2024-01-01,12.0,0,43875.27488178481,90.35592497868713
bullhead_city,2024-01-01,12.0,0,43874.63949196737,90.34526854219949
tuscon,2024-01-01,12.0,0,43871.56042550366,90.33461210571186
mcallen,2024-01-01,12.0,0,43870.827346290695,90.3239556692242
providence,2024-01-01,12.0,0,43869.947667404485,90.31329923273658
kansas_city,2024-01-01,12.0,0,43868.823658941044,90.30264279624893
laredo,2024-01-01,12.0,0,43866.087063101586,90.2919863597613
harlingen,2024-01-01,12.0,0,43865.15861401394,90.28132992327366
buffalo,2024-01-01,12.0,0,43864.66996449255,90.27067348678602
naples,2024-01-01,12.0,0,43863.9370004169,90.26001705029839
boca_raton,2024-01-01,12.0,0,43863.7904090715,90.24936061381074
kendall-tamiami,2024-01-01,12.0,0,43860.125784649936,90.2387041773231
bedford,2024-01-01,12.0,0,43859.34403773191,90.22804774083546
van_nuys,2024-01-01,12.0,0,43856.85231241955,90.21739130434783
vail:eagle,2024-01-01,12.0,0,43856.55917757201,90.20673486786018
el_paso,2024-01-01,12.0,0,43855.33780346318,90.19607843137256
conroe,2024-01-01,12.0,0,43855.19124085585,90.1854219948849
jacksonville,2024-01-01,12.0,0,43855.09353272315,90.17476555839727
st._croix_island,2024-01-01,12.0,0,43854.507288498215,90.16410912190963
rochester,2024-01-01,12.0,0,43853.72564172214,90.153452685422
atlantic_city,2024-01-01,12.0,0,43853.33482355854,90.14279624893436
bangor,2024-01-01,12.0,0,43852.748602843676,90.13213981244672
casper,2024-01-01,12.0,0,43852.1623899652,90.11615515771526
anchorage,2024-01-01,12.0,0,43852.1623899652,90.11615515771526
midland,2024-01-01,12.0,0,43851.38078498375,90.1001705029838
windsor_locks,2024-01-01,12.0,0,43851.23423560066,90.08951406649616
savannah,2024-01-01,12.0,0,43850.84343964012,90.07885763000853
boise,2024-01-01,12.0,0,43850.69689205283,90.06820119352089
pontiac,2024-01-01,12.0,0,43850.59919393333,90.05754475703324
wilmington,2024-01-01,12.0,0,43850.30610088102,90.04688832054562
aguadilla,2024-01-01,12.0,0,43850.06185816716,90.03623188405797
broomdield-co,2024-01-01,12.0,0,43849.96416146258,90.02557544757033
addison,2024-01-01,12.0,0,43849.91531319188,90.0149190110827
columbia,2024-01-01,12.0,0,43849.817616813794,90.00426257459505
milwaukee,2024-01-01,12.0,0,43849.719920653304,89.99360613810742
bozeman,2024-01-01,12.0,0,43849.37798580583,89.97229326513214
stuart,2024-01-01,12.0,0,43849.37798580583,89.97229326513214
kalispell,2024-01-01,12.0,0,43849.37798580583,89.97229326513214
greenville,2024-01-01,12.0,0,43849.280290624905,89.95098039215686
carlsbad,2024-01-01,12.0,0,43849.18259566156,89.94032395566921
rogers,2024-01-01,12.0,0,43849.133748261505,89.92966751918159
camp_springs,2024-01-01,12.0,0,43849.03605362473,89.91901108269394
sugar_land,2024-01-01,12.0,0,43848.98720638792,89.9083546462063
st._petersburg,2024-01-01,12.0,0,43848.84066500408,89.89769820971867
fort_pierce,2024-01-01,12.0,0,43848.742971020205,89.88704177323103
manassas,2024-01-01,12.0,0,43848.69412410997,89.87105711849958
norfolk,2024-01-01,12.0,0,43848.69412410997,89.87105711849958
st._thomas,2024-01-01,12.0,0,43848.40104379087,89.85507246376811
memphis,2024-01-01,12.0,0,43848.30335078654,89.84441602728049
farmingdale,2024-01-01,12.0,0,43848.254504365956,89.8231031543052
fargo,2024-01-01,12.0,0,43848.254504365956,89.8231031543052
daytona_beach,2024-01-01,12.0,0,43848.254504365956,89.8231031543052
bellingham,2024-01-01,12.0,0,43848.20565799979,89.80179028132991
dallas-fort_worth,2024-01-01,12.0,0,43848.15681168811,89.78580562659847
great_falls,2024-01-01,12.0,0,43848.15681168811,89.78580562659847
toledo,2024-01-01,12.0,0,43847.91258094563,89.769820971867
nogales,2024-01-01,12.0,0,43847.86373496036,89.75916453537937
greensboro,2024-01-01,12.0,0,43847.76604315313,89.74850809889173
fairbanks,2024-01-01,12.0,0,43847.717197331105,89.73785166240408
raleigh-durham,2024-01-01,12.0,0,43847.619505850365,89.72719522591646
wichita,2024-01-01,12.0,0,43847.424123541765,89.71653878942881
long_beach,2024-01-01,12.0,0,43847.37527810063,89.70588235294117
lihue,2024-01-01,12.0,0,43847.32643271391,89.69522591645354
west_chicago,2024-01-01,12.0,0,43847.2775873816,89.67924126172207
syracuse,2024-01-01,12.0,0,43847.2775873816,89.67924126172207
melbourne,2024-01-01,12.0,0,43847.228742103776,89.6579283887468
fort_dix,2024-01-01,12.0,0,43847.228742103776,89.6579283887468
lexington_ky,2024-01-01,12.0,0,43847.1798968803,89.64194373401536
erie,2024-01-01,12.0,0,43847.13105171123,89.6312872975277
fort_worth,2024-01-01,12.0,0,43847.08220659657,89.61530264279625
birmingham,2024-01-01,12.0,0,43847.08220659657,89.61530264279625
charleston,2024-01-01,12.0,0,43847.0333615364,89.59931798806478
santa_teresa,2024-01-01,12.0,0,43846.98451653057,89.58866155157715
morristown,2024-01-01,12.0,0,43846.93567157915,89.56734867860187
new_bedford,2024-01-01,12.0,0,43846.93567157915,89.56734867860187
richmond,2024-01-01,12.0,0,43846.93567157915,89.56734867860187
aspen,2024-01-01,12.0,0,43846.88682668222,89.5460358056266
burlington,2024-01-01,12.0,0,43846.83798183963,89.53537936913895
west_hampton_beach,2024-01-01,12.0,0,43846.78913705144,89.52472293265133
amarillo,2024-01-01,12.0,0,43846.74029231768,89.51406649616368
albany,2024-01-01,12.0,0,43846.6914476384,89.48742540494459
st._augustine_airport,2024-01-01,12.0,0,43846.6914476384,89.48742540494459
friday_harbor,2024-01-01,12.0,0,43846.6914476384,89.48742540494459
leesburg,2024-01-01,12.0,0,43846.6914476384,89.48742540494459
omaha,2024-01-01,12.0,0,43846.64260301345,89.4607843137255
lakeland,2024-01-01,12.0,0,43846.544913926795,89.44479965899403
grant_county_airport,2024-01-01,12.0,0,43846.544913926795,89.44479965899403
trenton,2024-01-01,12.0,0,43846.49606946517,89.42348678601876
rifle,2024-01-01,12.0,0,43846.49606946517,89.42348678601876
des_moines,2024-01-01,12.0,0,43846.39838070499,89.39684569479965
chattanooga,2024-01-01,12.0,0,43846.39838070499,89.39684569479965
grand_rapids,2024-01-01,12.0,0,43846.39838070499,89.39684569479965
minot,2024-01-01,12.0,0,43846.34953640652,89.37553282182438
jackson,2024-01-01,12.0,0,43846.300692162535,89.35954816709292
allentown,2024-01-01,12.0,0,43846.300692162535,89.35954816709292
gary,2024-01-01,12.0,0,43846.25184797288,89.34356351236147
islip,2024-01-01,12.0,0,43846.20300383765,89.33290707587382
tulsa,2024-01-01,12.0,0,43846.1541597569,89.30626598465473
bristol,2024-01-01,12.0,0,43846.1541597569,89.30626598465473
yuma,2024-01-01,12.0,0,43846.1541597569,89.30626598465473
colorado_springs,2024-01-01,12.0,0,43846.1541597569,89.30626598465473
albuquerque,2024-01-01,12.0,0,43846.105315730485,89.27962489343564
south_bend,2024-01-01,12.0,0,43846.056471758486,89.26896845694799
titusville,2024-01-01,12.0,0,43846.007627840896,89.25831202046037
sioux_falls,2024-01-01,12.0,0,43845.958783977796,89.23167092924126
peoria,2024-01-01,12.0,0,43845.958783977796,89.23167092924126
huntsville,2024-01-01,12.0,0,43845.958783977796,89.23167092924126
calexico,2024-01-01,12.0,0,43845.958783977796,89.23167092924126
springfield,2024-01-01,12.0,0,43845.909940169026,89.19437340153452
scranton,2024-01-01,12.0,0,43845.909940169026,89.19437340153452
key_west,2024-01-01,12.0,0,43845.909940169026,89.19437340153452
bristol:johnson:kingsport,2024-01-01,12.0,0,43845.86109641467,89.16773231031543
corpus_christi,2024-01-01,12.0,0,43845.86109641467,89.16773231031543
toronto,2024-01-01,12.0,0,43845.81225271473,89.13043478260869
dayton,2024-01-01,12.0,0,43845.81225271473,89.13043478260869
coeur_d'alene,2024-01-01,12.0,0,43845.81225271473,89.13043478260869
duluth,2024-01-01,12.0,0,43845.81225271473,89.13043478260869
fort_wayne,2024-01-01,12.0,0,43845.81225271473,89.13043478260869
san_bernardino,2024-01-01,12.0,0,43845.76340906927,89.07182438192667
angleton,2024-01-01,12.0,0,43845.76340906927,89.07182438192667
vero_beach,2024-01-01,12.0,0,43845.76340906927,89.07182438192667
chicago-wheeling,2024-01-01,12.0,0,43845.76340906927,89.07182438192667
del_rio,2024-01-01,12.0,0,43845.76340906927,89.07182438192667
mountain_view,2024-01-01,12.0,0,43845.76340906927,89.07182438192667
sanford,2024-01-01,12.0,0,43845.71456547815,89.0185421994885
mesa,2024-01-01,12.0,0,43845.71456547815,89.0185421994885
binghamton,2024-01-01,12.0,0,43845.71456547815,89.0185421994885
lansing,2024-01-01,12.0,0,43845.71456547815,89.0185421994885
ocala,2024-01-01,12.0,0,43845.66572194144,88.98124467178175
st._paul,2024-01-01,12.0,0,43845.66572194144,88.98124467178175
lafayette,2024-01-01,12.0,0,43845.66572194144,88.98124467178175
grand_forks,2024-01-01,12.0,0,43845.61687845914,88.95460358056266
akron,2024-01-01,12.0,0,43845.61687845914,88.95460358056266
brunswick,2024-01-01,12.0,0,43845.56803503133,88.88533674339301
little_rock,2024-01-01,12.0,0,43845.56803503133,88.88533674339301
green_bay,2024-01-01,12.0,0,43845.56803503133,88.88533674339301
augusta,2024-01-01,12.0,0,43845.56803503133,88.88533674339301
tacoma,2024-01-01,12.0,0,43845.56803503133,88.88533674339301
port_huron,2024-01-01,12.0,0,43845.56803503133,88.88533674339301
flint,2024-01-01,12.0,0,43845.56803503133,88.88533674339301
port_angeles,2024-01-01,12.0,0,43845.56803503133,88.88533674339301
monterey,2024-01-01,12.0,0,43845.56803503133,88.88533674339301
eagle_pass,2024-01-01,12.0,0,43845.56803503133,88.88533674339301
appleton,2024-01-01,12.0,0,43845.56803503133,88.88533674339301
galveston,2024-01-01,12.0,0,43845.51919165785,88.78942881500427
kenosha,2024-01-01,12.0,0,43845.51919165785,88.78942881500427
park_rapids,2024-01-01,12.0,0,43845.51919165785,88.78942881500427
harrisburg,2024-01-01,12.0,0,43845.51919165785,88.78942881500427
cocoa,2024-01-01,12.0,0,43845.51919165785,88.78942881500427
kissimmee,2024-01-01,12.0,0,43845.51919165785,88.78942881500427
spokane,2024-01-01,12.0,0,43845.51919165785,88.78942881500427
louisville,2024-01-01,12.0,0,43845.470348338786,88.71483375959079
everett,2024-01-01,12.0,0,43845.470348338786,88.71483375959079
worcester,2024-01-01,12.0,0,43845.470348338786,88.71483375959079
punta_gorda,2024-01-01,12.0,0,43845.470348338786,88.71483375959079
new_haven,2024-01-01,12.0,0,43845.470348338786,88.71483375959079
shreveport,2024-01-01,12.0,0,43845.470348338786,88.71483375959079
knoxville,2024-01-01,12.0,0,43845.470348338786,88.71483375959079
houma,2024-01-01,12.0,0,43845.421505074206,88.65089514066497
pensacola,2024-01-01,12.0,0,43845.421505074206,88.65089514066497
cutbank,2024-01-01,12.0,0,43845.421505074206,88.65089514066497
tokeen,2024-01-01,12.0,0,43845.421505074206,88.65089514066497
westhampton,2024-01-01,12.0,0,43845.421505074206,88.65089514066497
massena,2024-01-01,12.0,0,43845.372661863956,88.56031543052003
richmond_heights,2024-01-01,12.0,0,43845.372661863956,88.56031543052003
presque_isle,2024-01-01,12.0,0,43845.372661863956,88.56031543052003
westfield,2024-01-01,12.0,0,43845.372661863956,88.56031543052003
racine,2024-01-01,12.0,0,43845.372661863956,88.56031543052003
presidio,2024-01-01,12.0,0,43845.372661863956,88.56031543052003
scotia,2024-01-01,12.0,0,43845.372661863956,88.56031543052003
port_clinton,2024-01-01,12.0,0,43845.372661863956,88.56031543052003
kingman,2024-01-01,12.0,0,43845.372661863956,88.56031543052003
dover-cheswold,2024-01-01,12.0,0,43845.372661863956,88.56031543052003
belmar,2024-01-01,12.0,0,43845.372661863956,88.56031543052003
klamath_falls,2024-01-01,12.0,0,43845.372661863956,88.56031543052003
queensbury,2024-01-01,12.0,0,43845.32381870812,88.4644075021313
lorain-elyria,2024-01-01,12.0,0,43845.32381870812,88.4644075021313
weslaco,2024-01-01,12.0,0,43845.32381870812,88.4644075021313
saginlaw,2024-01-01,12.0,0,43845.32381870812,88.4644075021313
rockford,2024-01-01,12.0,0,43845.32381870812,88.4644075021313
manchester,2024-01-01,12.0,0,43845.32381870812,88.4644075021313
monroe,2024-01-01,12.0,0,43845.2749756067,88.33120204603581
montrose,2024-01-01,12.0,0,43845.2749756067,88.33120204603581
lake_havasu_city,2024-01-01,12.0,0,43845.2749756067,88.33120204603581
oxford,2024-01-01,12.0,0,43845.2749756067,88.33120204603581
edinburg,2024-01-01,12.0,0,43845.2749756067,88.33120204603581
lawrence,2024-01-01,12.0,0,43845.2749756067,88.33120204603581
niagara_falls,2024-01-01,12.0,0,43845.2749756067,88.33120204603581
cheyenne,2024-01-01,12.0,0,43845.2749756067,88.33120204603581
madison,2024-01-01,12.0,0,43845.2749756067,88.33120204603581
holland,2024-01-01,12.0,0,43845.2749756067,88.33120204603581
henderson,2024-01-01,12.0,0,43845.2749756067,88.33120204603581
idaho_falls,2024-01-01,12.0,0,43845.2749756067,88.33120204603581
oklahoma_city,2024-01-01,12.0,0,43845.2749756067,88.33120204603581
moline,2024-01-01,12.0,0,43845.2749756067,88.33120204603581
decatur,2024-01-01,12.0,0,43845.2749756067,88.33120204603581
ithaca,2024-01-01,12.0,0,43845.2749756067,88.33120204603581
international_falls,2024-01-01,12.0,0,43845.2749756067,88.33120204603581
billings,2024-01-01,12.0,0,43845.2749756067,88.33120204603581
roanoke,2024-01-01,12.0,0,43845.2749756067,88.33120204603581
marathon,2024-01-01,12.0,0,43845.226132559765,88.16602728047741
clinton,2024-01-01,12.0,0,43845.226132559765,88.16602728047741
baton_rouge,2024-01-01,12.0,0,43845.226132559765,88.16602728047741
ceiba,2024-01-01,12.0,0,43845.226132559765,88.16602728047741
newport_news,2024-01-01,12.0,0,43845.226132559765,88.16602728047741
groton,2024-01-01,12.0,0,43845.226132559765,88.16602728047741
georgetown,2024-01-01,12.0,0,43845.226132559765,88.16602728047741
nome,2024-01-01,12.0,0,43845.226132559765,88.16602728047741
bamburi,2024-01-01,12.0,0,43845.226132559765,88.16602728047741
pinecreek,2024-01-01,12.0,0,43845.226132559765,88.16602728047741
ely,2024-01-01,12.0,0,43845.226132559765,88.16602728047741
olympia,2024-01-01,12.0,0,43845.226132559765,88.16602728047741
hillsboro,2024-01-01,12.0,0,43845.17728956716,87.60123614663257
san_angelo,2024-01-01,12.0,0,43845.17728956716,87.60123614663257
marietta,2024-01-01,12.0,0,43845.17728956716,87.60123614663257
smithfield,2024-01-01,12.0,0,43845.17728956716,87.60123614663257
dubuque,2024-01-01,12.0,0,43845.17728956716,87.60123614663257
santa_ana,2024-01-01,12.0,0,43845.17728956716,87.60123614663257
valparaiso,2024-01-01,12.0,0,43845.17728956716,87.60123614663257
watertown,2024-01-01,12.0,0,43845.17728956716,87.60123614663257
burbank,2024-01-01,12.0,0,43845.17728956716,87.60123614663257
north_kingstown,2024-01-01,12.0,0,43845.17728956716,87.60123614663257
chicopee_falls,2024-01-01,12.0,0,43845.17728956716,87.60123614663257
twin_falls,2024-01-01,12.0,0,43845.17728956716,87.60123614663257
eden_prairie,2024-01-01,12.0,0,43845.17728956716,87.60123614663257
mobile,2024-01-01,12.0,0,43845.17728956716,87.60123614663257
alexandria,2024-01-01,12.0,0,43845.17728956716,87.60123614663257
chino,2024-01-01,12.0,0,43845.17728956716,87.60123614663257
uvalde,2024-01-01,12.0,0,43845.17728956716,87.60123614663257
winston-salem,2024-01-01,12.0,0,43845.17728956716,87.60123614663257
fairhope,2024-01-01,12.0,0,43845.17728956716,87.60123614663257
medford,2024-01-01,12.0,0,43845.17728956716,87.60123614663257
santa_barbara,2024-01-01,12.0,0,43845.17728956716,87.60123614663257
middletown,2024-01-01,12.0,0,43845.17728956716,87.60123614663257
waco,2024-01-01,12.0,0,43845.17728956716,87.60123614663257
sturgeon_bay,2024-01-01,12.0,0,43845.17728956716,87.60123614663257
fairfield,2024-01-01,12.0,0,43845.17728956716,87.60123614663257
cedar_rapids,2024-01-01,12.0,0,43845.17728956716,87.60123614663257
jacksn_hole,2024-01-01,12.0,0,43845.17728956716,87.60123614663257
sagarai,2024-01-01,12.0,0,43845.17728956716,87.60123614663257
sirnak,2024-01-01,12.0,0,43845.17728956716,87.60123614663257
muncie,2024-01-01,12.0,0,43845.17728956716,87.60123614663257
key_largo,2024-01-01,12.0,0,43845.17728956716,87.60123614663257
ketchikan,2024-01-01,12.0,0,43845.17728956716,87.60123614663257
kalamazoo,2024-01-01,12.0,0,43845.17728956716,87.60123614663257
destin,2024-01-01,12.0,0,43845.17728956716,87.60123614663257
terre_haute,2024-01-01,12.0,0,43845.17728956716,87.60123614663257
calliano,2024-01-01,12.0,0,43845.17728956716,87.60123614663257
myrtle_beach,2024-01-01,12.0,0,43845.17728956716,87.60123614663257
santa_rosa,2024-01-01,12.0,0,43845.17728956716,87.60123614663257
sheboygan,2024-01-01,12.0,0,43845.17728956716,87.60123614663257
kenmore,2024-01-01,12.0,0,43845.17728956716,87.60123614663257
marysville,2024-01-01,12.0,0,43845.17728956716,87.60123614663257
venice,2024-01-01,12.0,0,43845.17728956716,87.60123614663257
sioux_city,2024-01-01,12.0,0,43845.17728956716,87.60123614663257
burlington:mount_vernon,2024-01-01,12.0,0,43845.17728956716,87.60123614663257
morgantown,2024-01-01,12.0,0,43845.17728956716,87.60123614663257
napa,2024-01-01,12.0,0,43845.17728956716,87.60123614663257
waukegan,2024-01-01,12.0,0,43845.17728956716,87.60123614663257
douglas,2024-01-01,12.0,0,43845.17728956716,87.60123614663257
olathe,2024-01-01,12.0,0,43845.17728956716,87.60123614663257
huntington,2024-01-01,12.0,0,43845.17728956716,87.60123614663257
kennesaw,2024-01-01,12.0,0,43845.17728956716,87.60123614663257
hunter_aaf,2024-01-01,12.0,0,43845.17728956716,87.60123614663257
killeen,2024-01-01,12.0,0,43845.17728956716,87.60123614663257
culebra_island,2024-01-01,12.0,0,43845.17728956716,87.60123614663257
anacortes,2024-01-01,12.0,0,43845.17728956716,87.60123614663257
spartanburg,2024-01-01,12.0,0,43845.17728956716,87.60123614663257
ponce,2024-01-01,12.0,0,43845.17728956716,87.60123614663257
barnstable,2024-01-01,12.0,0,43845.17728956716,87.60123614663257
wilkes-barre,2024-01-01,12.0,0,43845.17728956716,87.60123614663257
grand_island,2024-01-01,12.0,0,43845.17728956716,87.60123614663257
hagerstown,2024-01-01,12.0,0,43845.17728956716,87.60123614663257
beverly,2024-01-01,12.0,0,43845.17728956716,87.60123614663257
grand_junction,2024-01-01,12.0,0,43845.17728956716,87.60123614663257
gulfport,2024-01-01,12.0,0,43845.17728956716,87.60123614663257
provo,2024-01-01,12.0,0,43845.17728956716,87.60123614663257
redmond-bend,2024-01-01,12.0,0,43845.17728956716,87.60123614663257
bakersfield,2024-01-01,12.0,0,43845.17728956716,87.60123614663257
winchester,2024-01-01,12.0,0,43845.17728956716,87.60123614663257
greensboro:high_poin,2024-01-01,12.0,0,43845.17728956716,87.60123614663257
frederick,2024-01-01,12.0,0,43845.17728956716,87.60123614663257
porthill,2024-01-01,12.0,0,43845.17728956716,87.60123614663257
bridgeport_ct,2024-01-01,12.0,0,43845.17728956716,87.60123614663257
helena,2024-01-01,12.0,0,43845.17728956716,87.60123614663257
redmond,2024-01-01,12.0,0,43845.17728956716,87.60123614663257
beaufort,2024-01-01,12.0,0,43845.17728956716,87.60123614663257
hattiesburg,2024-01-01,12.0,0,43845.17728956716,87.60123614663257
lubbock,2024-01-01,12.0,0,43845.17728956716,87.60123614663257
fulshear,2024-01-01,12.0,0,43845.17728956716,87.60123614663257
pinehurst-southern_pines,2024-01-01,12.0,0,43845.17728956716,87.60123614663257
quonset,2024-01-01,12.0,0,43845.17728956716,87.60123614663257
stratford,2024-01-01,12.0,0,43845.17728956716,87.60123614663257
hayden,2024-01-01,12.0,0,43845.17728956716,87.60123614663257
guam,2024-01-01,12.0,0,43845.17728956716,87.60123614663257
quonset_point,2024-01-01,12.0,0,43845.17728956716,87.60123614663257
reading,2024-01-01,12.0,0,43845.17728956716,87.60123614663257
bar_harbor,2024-01-01,12.0,0,43845.17728956716,87.60123614663257
gulf_shores,2024-01-01,12.0,0,43845.17728956716,87.60123614663257
portsmouth,2024-01-01,12.0,0,43845.17728956716,87.60123614663257
hailey,2024-01-01,12.0,0,43845.17728956716,87.60123614663257
broomfield,2024-01-01,12.0,0,43845.17728956716,87.60123614663257
beaumont,2024-01-01,12.0,0,43845.17728956716,87.60123614663257
belmar:farmingdale,2024-01-01,12.0,0,43845.17728956716,87.60123614663257
lake_charles,2024-01-01,12.0,0,43845.17728956716,87.60123614663257
renton,2024-01-01,12.0,0,43845.17728956716,87.60123614663257
new_york,2024-09-01,12.0,0,36907.377818303066,87.09505541346974
los_angeles,2024-02-01,12.0,0,32535.990773217447,87.0843989769821
new_york,2024-05-01,12.0,0,30075.360704118106,87.07374254049446
new_york,2024-06-01,12.0,0,23624.141834764676,87.06308610400681
new_york,2024-11-01,12.0,0,23547.116597861557,87.05242966751918
miami,2024-10-01,12.0,0,22640.850709742805,87.04177323103154
los_angeles,2024-10-01,12.0,0,22490.25110191284,87.0311167945439
san_francisco,2024-02-01,12.0,0,21716.46897727577,87.02046035805625
los_angeles,2024-09-01,12.0,0,20680.600067052008,87.00980392156863
new_york,2024-07-01,12.0,0,20679.329401561048,86.99914748508098
orlando,2024-02-01,12.0,0,20672.648802107633,86.98849104859335
newark,2024-02-01,12.0,0,20363.606081907685,86.97783461210571
houston,2024-02-01,12.0,0,19917.544946556834,86.96717817561807
fort_lauderdale,2024-02-01,12.0,0,19450.354071240083,86.95652173913044
new_york,2024-08-01,12.0,0,19334.361999205095,86.9458653026428
atlanta,2024-02-01,12.0,0,18312.483245431256,86.93520886615515
chicago,2024-02-01,12.0,0,18210.889145686113,86.92455242966753
dallas,2024-02-01,12.0,0,18179.61365930321,86.91389599317988
miami,2024-09-01,12.0,0,17625.067808030362,86.90323955669224
miami,2024-11-01,12.0,0,17287.821079298392,86.8925831202046
miami,2024-05-01,12.0,0,16737.26382208187,86.88192668371697
washington,2024-02-01,12.0,0,16623.374238474826,86.87127024722933
honolulu,2024-02-01,12.0,0,16578.417333042045,86.86061381074168
las_vegas,2024-02-01,12.0,0,16474.400004741172,86.84995737425405
los_angeles,2024-05-01,12.0,0,15515.830887904936,86.83930093776641
seattle,2024-02-01,12.0,0,15173.522405015974,86.82864450127877
boston,2024-02-01,12.0,0,14948.203330323804,86.81798806479112
san_francisco,2024-10-01,12.0,0,14895.585006748499,86.8073316283035
agana,2024-02-01,12.0,0,14728.543391979809,86.79667519181585
phoenix,2024-02-01,12.0,0,14314.908866718632,86.78601875532821
denver,2024-02-01,12.0,0,14305.678747898595,86.77536231884058
tampa,2024-02-01,12.0,0,13795.382127269731,86.76470588235294
new_york,2024-04-01,12.0,0,13735.527185268737,86.7540494458653
detroit,2024-02-01,12.0,0,13659.953325236274,86.74339300937767
charlotte,2024-02-01,12.0,0,13629.416529793863,86.73273657289002
minneapolis,2024-02-01,12.0,0,13362.535547515912,86.7220801364024
philadelphia,2024-02-01,12.0,0,13360.332646511162,86.71142369991475
palm_springs,2024-02-01,12.0,0,13310.062576679613,86.70076726342711
san_francisco,2024-09-01,12.0,0,13297.275846865723,86.69011082693947
miami,2024-06-01,12.0,0,13260.007797165206,86.67945439045184
fort_myers,2024-02-01,12.0,0,13161.68926009739,86.66879795396419
saipan,2024-02-01,12.0,0,13142.144740419806,86.65814151747657
los_angeles,2024-11-01,12.0,0,13090.627084567604,86.64748508098891
san_diego,2024-02-01,12.0,0,13059.411070270588,86.63682864450128
kahului,2024-02-01,12.0,0,13045.118197178099,86.62617220801364
san_juan,2024-02-01,12.0,0,13036.387331439635,86.61551577152599
newark,2024-10-01,12.0,0,13003.427938267298,86.60485933503837
san_antonio,2024-02-01,12.0,0,12973.136611150214,86.59420289855072
salt_lake_city,2024-02-01,12.0,0,12929.435553225701,86.58354646206308
austin,2024-02-01,12.0,0,12905.77832007849,86.57289002557545
chicago,2024-10-01,12.0,0,12856.94022209446,86.56223358908781
san_jose,2024-02-01,12.0,0,12810.696627508589,86.55157715260017
oakland,2024-02-01,12.0,0,12799.855294087278,86.54092071611254
portland,2024-02-01,12.0,0,12788.467521947505,86.53026427962489
ontario,2024-02-01,12.0,0,12781.659656377895,86.51960784313727
fresno,2024-02-01,12.0,0,12776.221666404044,86.50895140664962
laguna_beach,2024-02-01,12.0,0,12773.304327366137,86.49829497016198
kona,2024-02-01,12.0,0,12766.34809584645,86.48763853367434
baltimore,2024-02-01,12.0,0,12757.46272182433,86.4769820971867
sacramento,2024-02-01,12.0,0,12753.413044491688,86.46632566069906
new_orleans,2024-02-01,12.0,0,12750.330468008799,86.45566922421143
nashville,2024-02-01,12.0,0,12736.900840914604,86.44501278772378
west_palm_beach,2024-02-01,12.0,0,12732.261966509124,86.43435635123615
raleigh,2024-02-01,12.0,0,12720.310823924226,86.42369991474851
newburgh,2024-02-01,12.0,0,12649.952386969022,86.41304347826086
cincinnati,2024-02-01,12.0,0,12649.783285481937,86.40238704177324
pittsburgh,2024-02-01,12.0,0,12643.809817044517,86.39173060528559
st._louis,2024-02-01,12.0,0,12643.78164699184,86.38107416879795
kauai_island,2024-02-01,12.0,0,12639.739895071718,86.37041773231032
sarasota,2024-02-01,12.0,0,12636.107645952769,86.35976129582268
reno,2024-02-01,12.0,0,12635.629055311172,86.34910485933503
mcallen,2024-02-01,12.0,0,12627.059721814298,86.3384484228474
cleveland,2024-02-01,12.0,0,12619.367754300492,86.32779198635976
indianapolis,2024-02-01,12.0,0,12619.016313847027,86.31713554987212
columbus,2024-02-01,12.0,0,12614.153382943347,86.30647911338448
teterboro,2024-02-01,12.0,0,12614.097175047988,86.29582267689685
hartford,2024-02-01,12.0,0,12611.020174986063,86.28516624040921
fairbanks,2024-02-01,12.0,0,12609.460886251003,86.27450980392157
vail,2024-02-01,12.0,0,12607.410223463778,86.26385336743392
bullhead_city,2024-02-01,12.0,0,12605.387978623494,86.2531969309463
white_plains,2024-02-01,12.0,0,12604.79821831513,86.24254049445865
brownsville,2024-02-01,12.0,0,12604.699927613068,86.23188405797102
anchorage,2024-02-01,12.0,0,12604.166362889922,86.22122762148338
scottsdale,2024-02-01,12.0,0,12601.274273517547,86.21057118499573
laredo,2024-02-01,12.0,0,12598.930202681531,86.19991474850809
buffalo,2024-02-01,12.0,0,12598.761783246598,86.18925831202046
tuscon,2024-02-01,12.0,0,12598.046025764868,86.17860187553282
el_paso,2024-02-01,12.0,0,12597.82148277785,86.16794543904518
naples,2024-02-01,12.0,0,12597.596943793003,86.15728900255755
kendall-tamiami,2024-02-01,12.0,0,12597.540809672144,86.1466325660699
st._thomas_island,2024-02-01,12.0,0,12597.091745709693,86.13597612958228
kansas_city,2024-02-01,12.0,0,12597.077712718801,86.12531969309462
van_nuys,2024-02-01,12.0,0,12596.670762783218,86.11466325660699
vail:eagle,2024-02-01,12.0,0,12596.502373551928,86.10400682011935
boca_raton,2024-02-01,12.0,0,12595.997219363879,86.09335038363172
jacksonville,2024-02-01,12.0,0,12595.618367017229,86.08269394714408
windsor_locks,2024-02-01,12.0,0,12595.534179154329,86.07203751065644
bedford,2024-02-01,12.0,0,12595.30968093755,86.06138107416879
atlantic_city,2024-02-01,12.0,0,12595.0290637935,86.05072463768117
casper,2024-02-01,12.0,0,12594.636210295195,86.04006820119352
midland,2024-02-01,12.0,0,12594.608149799908,86.02941176470588
greenville,2024-02-01,12.0,0,12594.566059174222,86.01875532821825
bozeman,2024-02-01,12.0,0,12594.38366808834,86.0080988917306
bangor,2024-02-01,12.0,0,12594.271428732964,85.99211423699916
allentown,2024-02-01,12.0,0,12594.271428732964,85.99211423699916
boise,2024-02-01,12.0,0,12594.25739888389,85.97612958226769
conroe,2024-02-01,12.0,0,12594.229339232585,85.96547314578005
savannah,2024-02-01,12.0,0,12594.117101252566,85.95481670929242
pueblo,2024-02-01,13.92904073587385,1,12594.060982637651,85.93883205456095
pueblo,2024-02-01,12.0,0,12594.060982637651,85.93883205456095
omaha,2024-02-01,12.0,0,12594.032923423976,85.9228473998295
wilmington,2024-02-01,12.0,0,12593.976805184153,85.91219096334186
rochester,2024-02-01,12.0,0,12593.864569454683,85.90153452685422
lansing,2024-02-01,12.0,0,12593.696217735902,85.89087809036658
st._croix_island,2024-02-01,12.0,0,12593.654130157853,85.87489343563513
norfolk,2024-02-01,12.0,0,12593.654130157853,85.87489343563513
fargo,2024-02-01,12.0,0,12593.64010099642,85.85890878090366
pontiac,2024-02-01,12.0,0,12593.626071850635,85.84825234441603
rogers,2024-02-01,12.0,0,12593.569955423716,85.83759590792839
toledo,2024-02-01,12.0,0,12593.527868267629,85.82693947144075
milwaukee,2024-02-01,12.0,0,12593.499810241698,85.81628303495312
little_rock,2024-02-01,12.0,0,12593.429665450381,85.80562659846548
colorado_springs,2024-02-01,12.0,0,12593.41563653902,85.79497016197783
angleton,2024-02-01,12.0,0,12593.345492216546,85.7843137254902
aguadilla,2024-02-01,12.0,0,12593.303405810606,85.77365728900256
syracuse,2024-02-01,12.0,0,12593.289377039873,85.76300085251492
melbourne,2024-02-01,12.0,0,12593.261319545316,85.75234441602728
santa_barbara,2024-02-01,12.0,0,12593.247290821468,85.73635976129582
kalispell,2024-02-01,12.0,0,12593.247290821468,85.73635976129582
birmingham,2024-02-01,12.0,0,12593.233262113246,85.71504688832054
fort_worth,2024-02-01,12.0,0,12593.233262113246,85.71504688832054
carlsbad,2024-02-01,12.0,0,12593.219233420654,85.69373401534527
spokane,2024-02-01,12.0,0,12593.219233420654,85.69373401534527
camp_springs,2024-02-01,12.0,0,12593.205204743712,85.6777493606138
farmingdale,2024-02-01,12.0,0,12593.191176082373,85.66176470588235
bellingham,2024-02-01,12.0,0,12593.191176082373,85.66176470588235
charleston,2024-02-01,12.0,0,12593.163118806606,85.6457800511509
broomdield-co,2024-02-01,12.0,0,12593.107004442578,85.63512361466326
great_falls,2024-02-01,12.0,0,12593.078947354317,85.61381074168798
greensboro,2024-02-01,12.0,0,12593.078947354317,85.61381074168798
sugar_land,2024-02-01,12.0,0,12593.078947354317,85.61381074168798
huntsville,2024-02-01,12.0,0,12593.06491883363,85.58716965046888
fort_pierce,2024-02-01,12.0,0,12593.06491883363,85.58716965046888
green_bay,2024-02-01,12.0,0,12593.050890328592,85.56585677749361
pierre,2024-02-01,12.0,0,12593.050890328592,85.56585677749361
stuart,2024-02-01,12.0,0,12593.022833365352,85.54987212276215
harlingen,2024-02-01,12.0,0,12592.994776464648,85.52855924978687
west_chicago,2024-02-01,12.0,0,12592.994776464648,85.52855924978687
san_bernardino,2024-02-01,12.0,0,12592.994776464648,85.52855924978687
memphis,2024-02-01,12.0,0,12592.980748037724,85.50191815856778
st._petersburg,2024-02-01,12.0,0,12592.980748037724,85.50191815856778
port_angeles,2024-02-01,12.0,0,12592.966719626429,85.48593350383632
binghamton,2024-02-01,12.0,0,12592.952691230761,85.47527706734867
corpus_christi,2024-02-01,12.0,0,12592.938662850742,85.45929241261722
peoria,2024-02-01,12.0,0,12592.938662850742,85.45929241261722
st._thomas,2024-02-01,12.0,0,12592.92463448633,85.44330775788576
raleigh-durham,2024-02-01,12.0,0,12592.868521184973,85.43265132139813
st._paul,2024-02-01,12.0,0,12592.84046462807,85.42199488491049
niagara_falls,2024-02-01,12.0,0,12592.826436373049,85.41133844842285
portsmouth,2024-02-01,12.0,0,12592.812408133654,85.40068201193522
grand_rapids,2024-02-01,12.0,0,12592.798379909887,85.39002557544757
grant_county_airport,2024-02-01,12.0,0,12592.78435170177,85.3687127024723
manassas,2024-02-01,12.0,0,12592.78435170177,85.3687127024723
louisville,2024-02-01,12.0,0,12592.78435170177,85.3687127024723
erie,2024-02-01,12.0,0,12592.770323509256,85.32608695652173
amarillo,2024-02-01,12.0,0,12592.770323509256,85.32608695652173
pensacola,2024-02-01,12.0,0,12592.770323509256,85.32608695652173
dallas-fort_worth,2024-02-01,12.0,0,12592.770323509256,85.32608695652173
albuquerque,2024-02-01,12.0,0,12592.770323509256,85.32608695652173
morristown,2024-02-01,12.0,0,12592.75629533237,85.28878942881501
santa_teresa,2024-02-01,12.0,0,12592.75629533237,85.28878942881501
oklahoma_city,2024-02-01,12.0,0,12592.742267171114,85.26214833759592
mesa,2024-02-01,12.0,0,12592.742267171114,85.26214833759592
burlington,2024-02-01,12.0,0,12592.742267171114,85.26214833759592
saginlaw,2024-02-01,12.0,0,12592.728239025504,85.23550724637681
wichita,2024-02-01,12.0,0,12592.728239025504,85.23550724637681
lakeland,2024-02-01,12.0,0,12592.714210895501,85.2035379369139
nogales,2024-02-01,12.0,0,12592.714210895501,85.2035379369139
aspen,2024-02-01,12.0,0,12592.714210895501,85.2035379369139
addison,2024-02-01,12.0,0,12592.714210895501,85.2035379369139
providence,2024-02-01,12.0,0,12592.700182781124,85.16091219096334
yuma,2024-02-01,12.0,0,12592.700182781124,85.16091219096334
duluth,2024-02-01,12.0,0,12592.700182781124,85.16091219096334
long_beach,2024-02-01,12.0,0,12592.700182781124,85.16091219096334
del_rio,2024-02-01,12.0,0,12592.686154682397,85.13427109974424
minot,2024-02-01,12.0,0,12592.672126599275,85.10230179028133
coeur_d'alene,2024-02-01,12.0,0,12592.672126599275,85.10230179028133
trenton,2024-02-01,12.0,0,12592.672126599275,85.10230179028133
leesburg,2024-02-01,12.0,0,12592.672126599275,85.10230179028133
daytona_beach,2024-02-01,12.0,0,12592.672126599275,85.10230179028133
harrisburg,2024-02-01,12.0,0,12592.65809853178,85.05967604433079
key_west,2024-02-01,12.0,0,12592.65809853178,85.05967604433079
richmond,2024-02-01,12.0,0,12592.65809853178,85.05967604433079
gary,2024-02-01,12.0,0,12592.630042443692,85.02237851662404
international_falls,2024-02-01,12.0,0,12592.630042443692,85.02237851662404
chattanooga,2024-02-01,12.0,0,12592.630042443692,85.02237851662404
eagle_pass,2024-02-01,12.0,0,12592.630042443692,85.02237851662404
ocala,2024-02-01,12.0,0,12592.616014423078,84.99040920716112
calexico,2024-02-01,12.0,0,12592.616014423078,84.99040920716112
columbia,2024-02-01,12.0,0,12592.60198641809,84.97442455242967
islip,2024-02-01,12.0,0,12592.58795842873,84.94245524296676
chicago-wheeling,2024-02-01,12.0,0,12592.58795842873,84.94245524296676
des_moines,2024-02-01,12.0,0,12592.58795842873,84.94245524296676
lexington_ky,2024-02-01,12.0,0,12592.58795842873,84.94245524296676
lake_charles,2024-02-01,12.0,0,12592.58795842873,84.94245524296676
sioux_falls,2024-02-01,12.0,0,12592.573930455019,84.88384484228474
rifle,2024-02-01,12.0,0,12592.573930455019,84.88384484228474
fort_wayne,2024-02-01,12.0,0,12592.573930455019,84.88384484228474
dayton,2024-02-01,12.0,0,12592.573930455019,84.88384484228474
renton,2024-02-01,12.0,0,12592.573930455019,84.88384484228474
galveston,2024-02-01,12.0,0,12592.573930455019,84.88384484228474
flint,2024-02-01,12.0,0,12592.559902496914,84.82523444160273
bristol,2024-02-01,12.0,0,12592.559902496914,84.82523444160273
west_hampton_beach,2024-02-01,12.0,0,12592.559902496914,84.82523444160273
massena,2024-02-01,12.0,0,12592.559902496914,84.82523444160273
new_haven,2024-02-01,12.0,0,12592.559902496914,84.82523444160273
tulsa,2024-02-01,12.0,0,12592.545874554435,84.79326513213982
appleton,2024-02-01,12.0,0,12592.531846627582,84.7612958226769
south_bend,2024-02-01,12.0,0,12592.531846627582,84.7612958226769
marathon,2024-02-01,12.0,0,12592.531846627582,84.7612958226769
topeka,2024-02-01,12.0,0,12592.531846627582,84.7612958226769
manchester,2024-02-01,12.0,0,12592.531846627582,84.7612958226769
nantucket,2024-02-01,12.0,0,12592.517818716378,84.69202898550725
knoxville,2024-02-01,12.0,0,12592.517818716378,84.69202898550725
everett,2024-02-01,12.0,0,12592.517818716378,84.69202898550725
fairfield,2024-02-01,12.0,0,12592.517818716378,84.69202898550725
dover-cheswold,2024-02-01,12.0,0,12592.517818716378,84.69202898550725
weslaco,2024-02-01,12.0,0,12592.517818716378,84.69202898550725
albany,2024-02-01,12.0,0,12592.517818716378,84.69202898550725
myrtle_beach,2024-02-01,12.0,0,12592.517818716378,84.69202898550725
sault_ste_marie,2024-02-01,12.0,0,12592.503790820781,84.63874680306905
vero_beach,2024-02-01,12.0,0,12592.503790820781,84.63874680306905
racine,2024-02-01,12.0,0,12592.48976294081,84.58546462063086
presidio,2024-02-01,12.0,0,12592.48976294081,84.58546462063086
sheboygan,2024-02-01,12.0,0,12592.48976294081,84.58546462063086
champaign,2024-02-01,12.0,0,12592.48976294081,84.58546462063086
westhampton,2024-02-01,12.0,0,12592.48976294081,84.58546462063086
chino,2024-02-01,12.0,0,12592.48976294081,84.58546462063086
idaho_falls,2024-02-01,12.0,0,12592.48976294081,84.58546462063086
hailey,2024-02-01,12.0,0,12592.48976294081,84.58546462063086
pittsfield,2024-02-01,12.0,0,12592.475735076487,84.51619778346121
houma,2024-02-01,12.0,0,12592.475735076487,84.51619778346121
helena,2024-02-01,12.0,0,12592.475735076487,84.51619778346121
oxford,2024-02-01,12.0,0,12592.475735076487,84.51619778346121
sanford,2024-02-01,12.0,0,12592.475735076487,84.51619778346121
victorville,2024-02-01,12.0,0,12592.461707227769,84.43627450980392
pine_mountain,2024-02-01,12.0,0,12592.461707227769,84.43627450980392
mountain_view,2024-02-01,12.0,0,12592.461707227769,84.43627450980392
cutbank,2024-02-01,12.0,0,12592.461707227769,84.43627450980392
cocoa,2024-02-01,12.0,0,12592.461707227769,84.43627450980392
hunter_aaf,2024-02-01,12.0,0,12592.461707227769,84.43627450980392
plattsburgh,2024-02-01,12.0,0,12592.461707227769,84.43627450980392
hillsboro,2024-02-01,12.0,0,12592.461707227769,84.43627450980392
venice,2024-02-01,12.0,0,12592.461707227769,84.43627450980392
shreveport,2024-02-01,12.0,0,12592.461707227769,84.43627450980392
st._augustine_airport,2024-02-01,12.0,0,12592.447679394678,84.3190537084399
kenmore,2024-02-01,12.0,0,12592.447679394678,84.3190537084399
watertown,2024-02-01,12.0,0,12592.447679394678,84.3190537084399
lubbock,2024-02-01,12.0,0,12592.447679394678,84.3190537084399
hilton_head_island,2024-02-01,12.0,0,12592.447679394678,84.3190537084399
twin_falls,2024-02-01,12.0,0,12592.447679394678,84.3190537084399
groton,2024-02-01,12.0,0,12592.447679394678,84.3190537084399
moline,2024-02-01,12.0,0,12592.447679394678,84.3190537084399
stratford,2024-02-01,12.0,0,12592.447679394678,84.3190537084399
tacoma,2024-02-01,12.0,0,12592.447679394678,84.3190537084399
friday_harbor,2024-02-01,12.0,0,12592.447679394678,84.3190537084399
holland,2024-02-01,12.0,0,12592.447679394678,84.3190537084399
rockford,2024-02-01,12.0,0,12592.433651577214,84.15920716112531
gulfport,2024-02-01,12.0,0,12592.433651577214,84.15920716112531
douglas,2024-02-01,12.0,0,12592.433651577214,84.15920716112531
springfield,2024-02-01,12.0,0,12592.433651577214,84.15920716112531
brunswick,2024-02-01,12.0,0,12592.433651577214,84.15920716112531
sagarai,2024-02-01,12.0,0,12592.433651577214,84.15920716112531
middletown,2024-02-01,12.0,0,12592.433651577214,84.15920716112531
port_huron,2024-02-01,12.0,0,12592.433651577214,84.15920716112531
owensboro,2024-02-01,12.0,0,12592.433651577214,84.15920716112531
napa,2024-02-01,12.0,0,12592.433651577214,84.15920716112531
ketchikan,2024-02-01,12.0,0,12592.433651577214,84.15920716112531
worcester,2024-02-01,12.0,0,12592.433651577214,84.15920716112531
wilkes-barre,2024-02-01,12.0,0,12592.433651577214,84.15920716112531
ceiba,2024-02-01,12.0,0,12592.433651577214,84.15920716112531
revelstoke,2024-02-01,12.0,0,12592.433651577214,84.15920716112531
port_clinton,2024-02-01,12.0,0,12592.433651577214,84.15920716112531
decatur,2024-02-01,12.0,0,12592.433651577214,84.15920716112531
grand_junction,2024-02-01,12.0,0,12592.433651577214,84.15920716112531
wake_island,2024-02-01,12.0,0,12592.419623775399,83.93009377664109
oroville,2024-02-01,12.0,0,12592.419623775399,83.93009377664109
monterey,2024-02-01,12.0,0,12592.419623775399,83.93009377664109
sault_ste._marie,2024-02-01,12.0,0,12592.419623775399,83.93009377664109
kennesaw,2024-02-01,12.0,0,12592.419623775399,83.93009377664109
clinton,2024-02-01,12.0,0,12592.419623775399,83.93009377664109
scranton,2024-02-01,12.0,0,12592.419623775399,83.93009377664109
kissimmee,2024-02-01,12.0,0,12592.419623775399,83.93009377664109
baudette,2024-02-01,12.0,0,12592.419623775399,83.93009377664109
north_kingstown,2024-02-01,12.0,0,12592.419623775399,83.93009377664109
ogdensburg,2024-02-01,12.0,0,12592.419623775399,83.93009377664109
huntington,2024-02-01,12.0,0,12592.419623775399,83.93009377664109
guam,2024-02-01,12.0,0,12592.419623775399,83.93009377664109
billings,2024-02-01,12.0,0,12592.419623775399,83.93009377664109
bakersfield,2024-02-01,12.0,0,12592.419623775399,83.93009377664109
vidalia,2024-02-01,12.0,0,12592.419623775399,83.93009377664109
newport_news,2024-02-01,12.0,0,12592.419623775399,83.93009377664109
jackson,2024-02-01,12.0,0,12592.419623775399,83.93009377664109
juneau,2024-02-01,12.0,0,12592.419623775399,83.93009377664109
winston-salem,2024-02-01,12.0,0,12592.419623775399,83.93009377664109
cheyenne,2024-02-01,12.0,0,12592.419623775399,83.93009377664109
butte,2024-02-01,12.0,0,12592.419623775399,83.93009377664109
nice,2024-02-01,12.0,0,12592.419623775399,83.93009377664109
scotia,2024-02-01,12.0,0,12592.419623775399,83.93009377664109
gainesville,2024-02-01,12.0,0,12592.419623775399,83.93009377664109
olympia,2024-02-01,12.0,0,12592.405595989188,83.31734867860187
kalamazoo,2024-02-01,12.0,0,12592.405595989188,83.31734867860187
latrobe,2024-02-01,12.0,0,12592.405595989188,83.31734867860187
charlottesville,2024-02-01,12.0,0,12592.405595989188,83.31734867860187
evansville,2024-02-01,12.0,0,12592.405595989188,83.31734867860187
beverly,2024-02-01,12.0,0,12592.405595989188,83.31734867860187
waukegan,2024-02-01,12.0,0,12592.405595989188,83.31734867860187
walterboro,2024-02-01,12.0,0,12592.405595989188,83.31734867860187
lawrence,2024-02-01,12.0,0,12592.405595989188,83.31734867860187
clemson,2024-02-01,12.0,0,12592.405595989188,83.31734867860187
lihue,2024-02-01,12.0,0,12592.405595989188,83.31734867860187
alexandria,2024-02-01,12.0,0,12592.405595989188,83.31734867860187
belmar,2024-02-01,12.0,0,12592.405595989188,83.31734867860187
northway,2024-02-01,12.0,0,12592.405595989188,83.31734867860187
ithaca,2024-02-01,12.0,0,12592.405595989188,83.31734867860187
mobile,2024-02-01,12.0,0,12592.405595989188,83.31734867860187
lakehurst,2024-02-01,12.0,0,12592.405595989188,83.31734867860187
haines,2024-02-01,12.0,0,12592.405595989188,83.31734867860187
winchester,2024-02-01,12.0,0,12592.405595989188,83.31734867860187
porthill,2024-02-01,12.0,0,12592.405595989188,83.31734867860187
valparaiso,2024-02-01,12.0,0,12592.405595989188,83.31734867860187
lexington,2024-02-01,12.0,0,12592.405595989188,83.31734867860187
chicopee_falls,2024-02-01,12.0,0,12592.405595989188,83.31734867860187
monroe,2024-02-01,12.0,0,12592.405595989188,83.31734867860187
poughkeepsie,2024-02-01,12.0,0,12592.405595989188,83.31734867860187
edinburg,2024-02-01,12.0,0,12592.405595989188,83.31734867860187
durango,2024-02-01,12.0,0,12592.405595989188,83.31734867860187
toronto,2024-02-01,12.0,0,12592.405595989188,83.31734867860187
ogden,2024-02-01,12.0,0,12592.405595989188,83.31734867860187
santa_ana,2024-02-01,12.0,0,12592.405595989188,83.31734867860187
san_angelo,2024-02-01,12.0,0,12592.405595989188,83.31734867860187
baton_rouge,2024-02-01,12.0,0,12592.405595989188,83.31734867860187
grand_forks,2024-02-01,12.0,0,12592.405595989188,83.31734867860187
hyannis,2024-02-01,12.0,0,12592.405595989188,83.31734867860187
barnstable,2024-02-01,12.0,0,12592.405595989188,83.31734867860187
shannon,2024-02-01,12.0,0,12592.405595989188,83.31734867860187
madison,2024-02-01,12.0,0,12592.405595989188,83.31734867860187
culebra_island,2024-02-01,12.0,0,12592.405595989188,83.31734867860187
placida,2024-02-01,12.0,0,12592.405595989188,83.31734867860187
new_bedford,2024-02-01,12.0,0,12592.405595989188,83.31734867860187
gulf_shores,2024-02-01,12.0,0,12592.405595989188,83.31734867860187
bristol:johnson:kingsport,2024-02-01,12.0,0,12592.405595989188,83.31734867860187
calliano,2024-02-01,12.0,0,12592.405595989188,83.31734867860187
presque_isle,2024-02-01,12.0,0,12592.405595989188,83.31734867860187
winston_salem,2024-02-01,12.0,0,12592.405595989188,83.31734867860187
fulshear,2024-02-01,12.0,0,12592.405595989188,83.31734867860187
lafayette,2024-02-01,12.0,0,12592.405595989188,83.31734867860187
pompano_beach,2024-02-01,12.0,0,12592.405595989188,83.31734867860187
beaufort,2024-02-01,12.0,0,12592.405595989188,83.31734867860187
westfield,2024-02-01,12.0,0,12592.405595989188,83.31734867860187
ponce,2024-02-01,12.0,0,12592.405595989188,83.31734867860187
battle_creek,2024-02-01,12.0,0,12592.405595989188,83.31734867860187
jacksn_hole,2024-02-01,12.0,0,12592.405595989188,83.31734867860187
palm_beach_gardens,2024-02-01,12.0,0,12592.405595989188,83.31734867860187
apalachicola,2024-02-01,12.0,0,12592.405595989188,83.31734867860187
terre_haute,2024-02-01,12.0,0,12592.405595989188,83.31734867860187
morgantown,2024-02-01,12.0,0,12592.405595989188,83.31734867860187
merritt_island,2024-02-01,12.0,0,12592.405595989188,83.31734867860187
punta_gorda,2024-02-01,12.0,0,12592.405595989188,83.31734867860187
traverse_city,2024-02-01,12.0,0,12592.405595989188,83.31734867860187
sirnak,2024-02-01,12.0,0,12592.405595989188,83.31734867860187
morgan_city,2024-02-01,12.0,0,12592.405595989188,83.31734867860187
tokeen,2024-02-01,12.0,0,12592.405595989188,83.31734867860187
louisiana,2024-02-01,12.0,0,12592.405595989188,83.31734867860187
fort_collins:lovelan,2024-02-01,12.0,0,12592.405595989188,83.31734867860187
homestead,2024-02-01,12.0,0,12592.405595989188,83.31734867860187
smithfield,2024-02-01,12.0,0,12592.405595989188,83.31734867860187
marshfield,2024-02-01,12.0,0,12592.405595989188,83.31734867860187
tallahassee,2024-02-01,12.0,0,12592.405595989188,83.31734867860187
henderson,2024-02-01,12.0,0,12592.405595989188,83.31734867860187
philipsburg,2024-02-01,12.0,0,12592.405595989188,83.31734867860187
fort_stockton,2024-02-01,12.0,0,12592.405595989188,83.31734867860187
anacortes,2024-02-01,12.0,0,12592.405595989188,83.31734867860187
danbury,2024-02-01,12.0,0,12592.405595989188,83.31734867860187
lancaster,2024-02-01,12.0,0,12592.405595989188,83.31734867860187
akron,2024-02-01,12.0,0,12592.405595989188,83.31734867860187
marietta,2024-02-01,12.0,0,12592.405595989188,83.31734867860187
beaumont,2024-02-01,12.0,0,12592.405595989188,83.31734867860187
wausau,2024-02-01,12.0,0,12592.405595989188,83.31734867860187
burbank,2024-02-01,12.0,0,12592.405595989188,83.31734867860187
fairhope,2024-02-01,12.0,0,12592.405595989188,83.31734867860187
richmond_heights,2024-02-01,12.0,0,12592.405595989188,83.31734867860187
georgetown,2024-02-01,12.0,0,12592.405595989188,83.31734867860187
vieques_island,2024-02-01,12.0,0,12592.405595989188,83.31734867860187
broomfield,2024-02-01,12.0,0,12592.405595989188,83.31734867860187
burlington:mount_vernon,2024-02-01,12.0,0,12592.405595989188,83.31734867860187
jamestown,2024-02-01,12.0,0,12592.405595989188,83.31734867860187
fort_dix,2024-02-01,12.0,0,12592.405595989188,83.31734867860187
athens,2024-02-01,12.0,0,12592.405595989188,83.31734867860187
dickinson,2024-02-01,12.0,0,12592.405595989188,83.31734867860187
los_angeles,2024-06-01,12.0,0,12358.72079210992,82.83248081841433
miami,2024-07-01,12.0,0,12044.847247817228,82.82182438192667
houston,2024-10-01,12.0,0,11840.707684078614,82.81116794543905
orlando,2024-10-01,12.0,0,11411.446735819634,82.8005115089514
atlanta,2024-10-01,12.0,0,11357.99038939441,82.78985507246377
dallas,2024-10-01,12.0,0,11109.38128308585,82.77919863597613
chicago,2024-09-01,12.0,0,10927.523251889193,82.7685421994885
washington,2024-10-01,12.0,0,10856.48593077997,82.75788576300084
los_angeles,2024-07-01,12.0,0,10798.94438066657,82.74722932651322
newark,2024-09-01,12.0,0,10620.198341849575,82.73657289002557
san_francisco,2024-05-01,12.0,0,10442.314546379741,82.72591645353793
miami,2024-08-01,12.0,0,10363.171387702385,82.7152600170503
los_angeles,2024-08-01,12.0,0,10292.415732309786,82.70460358056266
las_vegas,2024-10-01,12.0,0,9998.617449443433,82.69394714407503
boston,2024-10-01,12.0,0,9988.50895753867,82.68329070758739
houston,2024-09-01,12.0,0,9944.638505773226,82.67263427109974
orlando,2024-09-01,12.0,0,9657.68067150119,82.66197783461212
atlanta,2024-09-01,12.0,0,9541.153642017387,82.65132139812447
seattle,2024-10-01,12.0,0,9449.965813561781,82.64066496163683
fort_lauderdale,2024-10-01,12.0,0,9433.725878542657,82.6300085251492
honolulu,2024-10-01,12.0,0,9218.348918788119,82.61935208866154
dallas,2024-09-01,12.0,0,9169.27692137291,82.6086956521739
miami,2024-04-01,12.0,0,9167.045470855519,82.59803921568627
washington,2024-09-01,12.0,0,9128.723541172465,82.58738277919863
chicago,2024-05-01,12.0,0,8916.246178534686,82.576726342711
newark,2024-05-01,12.0,0,8883.311113131735,82.56606990622336
san_francisco,2024-11-01,12.0,0,8799.573387410346,82.55541346973571
san_francisco,2024-06-01,12.0,0,8716.883372364271,82.54475703324809
boston,2024-09-01,12.0,0,8642.041780399664,82.53410059676044
seattle,2024-09-01,12.0,0,8451.091724732196,82.5234441602728
newark,2024-11-01,12.0,0,8355.244870857188,82.51278772378517
las_vegas,2024-09-01,12.0,0,8250.480026685931,82.50213128729753
denver,2024-10-01,12.0,0,8234.956108648905,82.4914748508099
houston,2024-05-01,12.0,0,8048.871617442634,82.48081841432226
agana,2024-10-01,12.0,0,8037.084167468216,82.47016197783461
detroit,2024-10-01,12.0,0,8003.615328828542,82.45950554134697
chicago,2024-11-01,12.0,0,7970.27340752252,82.44884910485933
phoenix,2024-10-01,12.0,0,7966.522143823377,82.4381926683717
honolulu,2024-09-01,12.0,0,7953.6788761914295,82.42753623188406
houston,2024-11-01,12.0,0,7944.575335007766,82.41687979539643
orlando,2024-11-01,12.0,0,7942.911680070221,82.40622335890878
minneapolis,2024-10-01,12.0,0,7862.066686249392,82.39556692242114
atlanta,2024-05-01,12.0,0,7855.24344905857,82.3849104859335
fort_lauderdale,2024-09-01,12.0,0,7841.770644931473,82.37425404944587
charlotte,2024-10-01,12.0,0,7810.9366493238795,82.36359761295823
orlando,2024-05-01,12.0,0,7798.17010328687,82.35294117647058
philadelphia,2024-10-01,12.0,0,7769.68009021024,82.34228473998296
tampa,2024-10-01,12.0,0,7610.703540130459,82.33162830349531
dallas,2024-11-01,12.0,0,7587.496758918178,82.32097186700767
washington,2024-05-01,12.0,0,7575.900519771233,82.31031543052003
los_angeles,2024-04-01,12.0,0,7572.0915290082485,82.2996589940324
chicago,2024-06-01,12.0,0,7549.21655085548,82.28900255754475
austin,2024-10-01,12.0,0,7492.695441904889,82.27834612105713
san_diego,2024-10-01,12.0,0,7487.997685585788,82.26768968456948
nashville,2024-10-01,12.0,0,7486.671499225042,82.25703324808184
san_antonio,2024-10-01,12.0,0,7456.209036892265,82.2463768115942
dallas,2024-05-01,12.0,0,7438.46005476403,82.23572037510657
salt_lake_city,2024-10-01,12.0,0,7421.933940351876,82.22506393861893
atlanta,2024-11-01,12.0,0,7416.797995895851,82.2144075021313
newark,2024-06-01,12.0,0,7391.333099338102,82.20375106564364
saipan,2024-10-01,12.0,0,7384.352412049834,82.19309462915601
palm_springs,2024-10-01,12.0,0,7366.383885555966,82.18243819266837
san_juan,2024-10-01,12.0,0,7362.208186400962,82.17178175618074
oakland,2024-10-01,12.0,0,7344.031742299608,82.1611253196931
raleigh,2024-10-01,12.0,0,7338.0946233282575,82.15046888320545
melbourne,2024-10-01,12.0,0,7333.975809850423,82.13981244671783
portland,2024-10-01,12.0,0,7324.488463897252,82.12915601023018
san_jose,2024-10-01,12.0,0,7296.750250351113,82.11849957374254
new_orleans,2024-10-01,12.0,0,7271.911327374291,82.1078431372549
fort_myers,2024-10-01,12.0,0,7266.550564106018,82.09718670076727
fresno,2024-10-01,12.0,0,7265.474029583674,82.08653026427962
baltimore,2024-10-01,12.0,0,7262.666077542983,82.075873827792
laguna_beach,2024-10-01,12.0,0,7259.090949311114,82.06521739130434
ontario,2024-10-01,12.0,0,7255.307437626523,82.05456095481671
sacramento,2024-10-01,12.0,0,7249.958914540819,82.04390451832907
kahului,2024-10-01,12.0,0,7226.414253895869,82.03324808184144
pittsburgh,2024-10-01,12.0,0,7210.444362328862,82.0225916453538
cincinnati,2024-10-01,12.0,0,7210.235524446227,82.01193520886616
st._louis,2024-10-01,12.0,0,7198.662519670416,82.00127877237851
newburgh,2024-10-01,12.0,0,7198.542232409075,81.99062233589088
mcallen,2024-10-01,12.0,0,7182.913989276741,81.97996589940324
teterboro,2024-10-01,12.0,0,7178.298506831336,81.96930946291559
reno,2024-10-01,12.0,0,7177.874703119593,81.95865302642797
hartford,2024-10-01,12.0,0,7174.6769914567185,81.94799658994032
cleveland,2024-10-01,12.0,0,7173.422278967036,81.93734015345268
kansas_city,2024-10-01,12.0,0,7173.182549959356,81.92668371696504
west_palm_beach,2024-10-01,12.0,0,7169.651470990173,81.91602728047741
indianapolis,2024-10-01,12.0,0,7167.678978117745,81.90537084398977
columbus,2024-10-01,12.0,0,7166.720877859368,81.89471440750214
kona,2024-10-01,12.0,0,7165.491503497339,81.88405797101449
bullhead_city,2024-10-01,12.0,0,7165.355806265883,81.87340153452686
charleston,2024-10-01,12.0,0,7164.8689138242935,81.86274509803921
brownsville,2024-10-01,12.0,0,7164.405997596763,81.85208866155158
white_plains,2024-10-01,12.0,0,7164.342149429846,81.84143222506394
laredo,2024-10-01,12.0,0,7163.583995943993,81.8307757885763
anchorage,2024-10-01,12.0,0,7162.865819280698,81.82011935208865
scottsdale,2024-10-01,12.0,0,7161.501481974337,81.80946291560103
bedford,2024-10-01,12.0,0,7161.158443894477,81.79880647911338
sarasota,2024-10-01,12.0,0,7160.241097205664,81.78815004262574
atlantic_city,2024-10-01,12.0,0,7160.177286155734,81.77749360613811
st._thomas_island,2024-10-01,12.0,0,7160.081570647116,81.76683716965046
van_nuys,2024-10-01,12.0,0,7159.898119498614,81.75618073316284
burbank,2024-10-01,12.0,0,7159.890143468342,81.74552429667519
tuscon,2024-10-01,12.0,0,7159.874191434455,81.73486786018755
kendall-tamiami,2024-10-01,12.0,0,7159.571109543374,81.72421142369991
aguadilla,2024-10-01,12.0,0,7159.523255680739,81.71355498721228
windsor_locks,2024-10-01,12.0,0,7159.411597911801,81.70289855072464
norfolk,2024-10-01,12.0,0,7158.941059303927,81.692242114237
kauai_island,2024-10-01,12.0,0,7158.893209652484,81.68158567774935
conroe,2024-10-01,12.0,0,7158.813460944145,81.67092924126173
bangor,2024-10-01,12.0,0,7158.765612145557,81.66027280477408
greenville,2024-10-01,12.0,0,7158.717763666798,81.64961636828644
des_moines,2024-10-01,12.0,0,7158.614093059942,81.63895993179881
buffalo,2024-10-01,12.0,0,7158.606118460071,81.62830349531117
rochester,2024-10-01,12.0,0,7158.54232198084,81.61764705882352
naples,2024-10-01,12.0,0,7158.534347460908,81.6069906223359
el_paso,2024-10-01,12.0,0,7158.374858927871,81.59633418584825
burlington,2024-10-01,12.0,0,7158.366884594504,81.58567774936061
boca_raton,2024-10-01,12.0,0,7158.350935954394,81.57502131287298
vail,2024-10-01,12.0,0,7158.334987349831,81.56436487638533
carlsbad,2024-10-01,12.0,0,7158.231322286238,81.5537084398977
green_bay,2024-10-01,12.0,0,7158.223348112769,81.54305200341005
fargo,2024-10-01,12.0,0,7158.191451507685,81.5270673486786
providence,2024-10-01,12.0,0,7158.191451507685,81.5270673486786
midland,2024-10-01,12.0,0,7158.167529147136,81.51108269394715
boise,2024-10-01,12.0,0,7158.071840504461,81.50042625745951
spokane,2024-10-01,12.0,0,7158.039944574486,81.48976982097187
sugar_land,2024-10-01,12.0,0,7158.02399666279,81.47911338448422
farmingdale,2024-10-01,12.0,0,7158.016022720266,81.46312872975278
pontiac,2024-10-01,12.0,0,7158.016022720266,81.46312872975278
addison,2024-10-01,12.0,0,7158.0000748618795,81.44714407502131
jacksonville,2024-10-01,12.0,0,7157.992100946005,81.43648763853368
omaha,2024-10-01,12.0,0,7157.912362275844,81.42583120204604
kalispell,2024-10-01,12.0,0,7157.896414648399,81.40451832907077
minot,2024-10-01,12.0,0,7157.896414648399,81.40451832907077
raleigh-durham,2024-10-01,12.0,0,7157.896414648399,81.40451832907077
great_falls,2024-10-01,12.0,0,7157.888440848012,81.37787723785166
savannah,2024-10-01,12.0,0,7157.888440848012,81.37787723785166
rogers,2024-10-01,12.0,0,7157.848571979269,81.35656436487638
erie,2024-10-01,12.0,0,7157.848571979269,81.35656436487638
fort_worth,2024-10-01,12.0,0,7157.8405982321665,81.34057971014492
wichita,2024-10-01,12.0,0,7157.824650764621,81.31926683716965
toledo,2024-10-01,12.0,0,7157.824650764621,81.31926683716965
wilmington,2024-10-01,12.0,0,7157.824650764621,81.31926683716965
chattanooga,2024-10-01,12.0,0,7157.800729629916,81.29795396419436
broomdield-co,2024-10-01,12.0,0,7157.784782251184,81.28196930946292
greensboro,2024-10-01,12.0,0,7157.784782251184,81.28196930946292
north_kingstown,2024-10-01,12.0,0,7157.744913959811,81.26065643648765
santa_teresa,2024-10-01,12.0,0,7157.744913959811,81.26065643648765
trenton,2024-10-01,12.0,0,7157.720993091583,81.24467178175618
bozeman,2024-10-01,12.0,0,7157.713019486614,81.23401534526855
dallas-fort_worth,2024-10-01,12.0,0,7157.665178043268,81.22335890878091
bellingham,2024-10-01,12.0,0,7157.649230966553,81.20737425404944
colorado_springs,2024-10-01,12.0,0,7157.649230966553,81.20737425404944
mesa,2024-10-01,12.0,0,7157.6253104180805,81.19138959931799
harrisburg,2024-10-01,12.0,0,7157.609363430191,81.18073316283035
ketchikan,2024-10-01,12.0,0,7157.585443014967,81.17007672634271
west_chicago,2024-10-01,12.0,0,7157.577469560985,81.15942028985508
lakeland,2024-10-01,12.0,0,7157.569496115887,81.14343563512362
lexington_ky,2024-10-01,12.0,0,7157.569496115887,81.14343563512362
manassas,2024-10-01,12.0,0,7157.561522679684,81.12212276214834
calexico,2024-10-01,12.0,0,7157.561522679684,81.12212276214834
corpus_christi,2024-10-01,12.0,0,7157.5535492523495,81.10080988917306
san_bernardino,2024-10-01,12.0,0,7157.5535492523495,81.10080988917306
fort_collins,2024-10-01,12.0,0,7157.545575833898,81.07416879795396
port_huron,2024-10-01,12.0,0,7157.545575833898,81.07416879795396
rockford,2024-10-01,12.0,0,7157.545575833898,81.07416879795396
scranton,2024-10-01,12.0,0,7157.537602424328,81.05285592497869
yuma,2024-10-01,12.0,0,7157.529629023654,81.03687127024722
port_clinton,2024-10-01,12.0,0,7157.529629023654,81.03687127024722
albany,2024-10-01,12.0,0,7157.521655631849,81.01555839727195
chicago-wheeling,2024-10-01,12.0,0,7157.521655631849,81.01555839727195
vail:eagle,2024-10-01,12.0,0,7157.513682248926,80.98358908780904
camp_springs,2024-10-01,12.0,0,7157.513682248926,80.98358908780904
friday_harbor,2024-10-01,12.0,0,7157.513682248926,80.98358908780904
grand_rapids,2024-10-01,12.0,0,7157.513682248926,80.98358908780904
knoxville,2024-10-01,12.0,0,7157.489762153465,80.95161977834611
monterey,2024-10-01,12.0,0,7157.489762153465,80.95161977834611
duluth,2024-10-01,12.0,0,7157.481788806071,80.92497868712702
grant_county_airport,2024-10-01,12.0,0,7157.481788806071,80.92497868712702
sioux_falls,2024-10-01,12.0,0,7157.481788806071,80.92497868712702
st._croix_island,2024-10-01,12.0,0,7157.4738154675715,80.90366581415175
international_falls,2024-10-01,12.0,0,7157.465842137943,80.87702472293266
morristown,2024-10-01,12.0,0,7157.465842137943,80.87702472293266
south_bend,2024-10-01,12.0,0,7157.465842137943,80.87702472293266
portsmouth,2024-10-01,12.0,0,7157.465842137943,80.87702472293266
gary,2024-10-01,12.0,0,7157.457868817195,80.84505541346974
stuart,2024-10-01,12.0,0,7157.457868817195,80.84505541346974
albuquerque,2024-10-01,12.0,0,7157.4498955053305,80.82907075873827
butte,2024-10-01,12.0,0,7157.44192220236,80.80242966751918
casper,2024-10-01,12.0,0,7157.44192220236,80.80242966751918
leesburg,2024-10-01,12.0,0,7157.44192220236,80.80242966751918
columbia,2024-10-01,12.0,0,7157.44192220236,80.80242966751918
henderson,2024-10-01,12.0,0,7157.4339489082595,80.75447570332481
mobile,2024-10-01,12.0,0,7157.4339489082595,80.75447570332481
west_hampton_beach,2024-10-01,12.0,0,7157.4339489082595,80.75447570332481
peoria,2024-10-01,12.0,0,7157.4339489082595,80.75447570332481
dayton,2024-10-01,12.0,0,7157.4339489082595,80.75447570332481
page,2024-10-01,12.0,0,7157.425975623041,80.71184995737426
monroe,2024-10-01,12.0,0,7157.425975623041,80.71184995737426
daytona_beach,2024-10-01,12.0,0,7157.425975623041,80.71184995737426
hillsboro,2024-10-01,12.0,0,7157.418002346704,80.67988064791135
tulsa,2024-10-01,12.0,0,7157.418002346704,80.67988064791135
nogales,2024-10-01,12.0,0,7157.418002346704,80.67988064791135
oklahoma_city,2024-10-01,12.0,0,7157.410029079263,80.65323955669224
barnstable,2024-10-01,12.0,0,7157.410029079263,80.65323955669224
imperial,2024-10-01,12.0,0,7157.402055820691,80.63192668371697
presque_isle,2024-10-01,12.0,0,7157.402055820691,80.63192668371697
chicopee_falls,2024-10-01,12.0,0,7157.394082571001,80.61061381074168
everett,2024-10-01,12.0,0,7157.394082571001,80.61061381074168
napa,2024-10-01,12.0,0,7157.386109330193,80.58397271952259
aspen,2024-10-01,12.0,0,7157.386109330193,80.58397271952259
fairfield,2024-10-01,12.0,0,7157.386109330193,80.58397271952259
ogden,2024-10-01,12.0,0,7157.378136098279,80.54667519181585
niagara_falls,2024-10-01,12.0,0,7157.378136098279,80.54667519181585
santa_ana,2024-10-01,12.0,0,7157.378136098279,80.54667519181585
birmingham,2024-10-01,12.0,0,7157.378136098279,80.54667519181585
st._paul,2024-10-01,12.0,0,7157.370162875236,80.50937766410912
fairbanks,2024-10-01,12.0,0,7157.370162875236,80.50937766410912
port_angeles,2024-10-01,12.0,0,7157.370162875236,80.50937766410912
manchester,2024-10-01,12.0,0,7157.362189661074,80.4720801364024
key_west,2024-10-01,12.0,0,7157.362189661074,80.4720801364024
plattsburgh,2024-10-01,12.0,0,7157.362189661074,80.4720801364024
watertown,2024-10-01,12.0,0,7157.362189661074,80.4720801364024
oxford,2024-10-01,12.0,0,7157.354216455808,80.42945439045184
fort_wayne,2024-10-01,12.0,0,7157.354216455808,80.42945439045184
louisville,2024-10-01,12.0,0,7157.354216455808,80.42945439045184
st._thomas,2024-10-01,12.0,0,7157.354216455808,80.42945439045184
memphis,2024-10-01,12.0,0,7157.34624325941,80.38150042625746
scotia,2024-10-01,12.0,0,7157.34624325941,80.38150042625746
lansing,2024-10-01,12.0,0,7157.34624325941,80.38150042625746
appleton,2024-10-01,12.0,0,7157.34624325941,80.38150042625746
akron,2024-10-01,12.0,0,7157.34624325941,80.38150042625746
richmond,2024-10-01,12.0,0,7157.338270071894,80.32821824381926
baton_rouge,2024-10-01,12.0,0,7157.338270071894,80.32821824381926
milwaukee,2024-10-01,12.0,0,7157.338270071894,80.32821824381926
dover-cheswold,2024-10-01,12.0,0,7157.338270071894,80.32821824381926
jackson,2024-10-01,12.0,0,7157.338270071894,80.32821824381926
newport_news,2024-10-01,12.0,0,7157.33029689326,80.27493606138107
del_rio,2024-10-01,12.0,0,7157.33029689326,80.27493606138107
fort_pierce,2024-10-01,12.0,0,7157.33029689326,80.27493606138107
north_bend,2024-10-01,12.0,0,7157.33029689326,80.27493606138107
brunswick,2024-10-01,12.0,0,7157.33029689326,80.27493606138107
sault_ste_marie,2024-10-01,12.0,0,7157.322323723522,80.23763853367434
mountain_view,2024-10-01,12.0,0,7157.322323723522,80.23763853367434
groton,2024-10-01,12.0,0,7157.314350562652,80.15771526001704
jackman,2024-10-01,12.0,0,7157.314350562652,80.15771526001704
syracuse,2024-10-01,12.0,0,7157.314350562652,80.15771526001704
little_rock,2024-10-01,12.0,0,7157.314350562652,80.15771526001704
binghamton,2024-10-01,12.0,0,7157.314350562652,80.15771526001704
harlingen,2024-10-01,12.0,0,7157.314350562652,80.15771526001704
beverly,2024-10-01,12.0,0,7157.314350562652,80.15771526001704
oroville,2024-10-01,12.0,0,7157.314350562652,80.15771526001704
pinecreek,2024-10-01,12.0,0,7157.314350562652,80.15771526001704
coeur_d'alene,2024-10-01,12.0,0,7157.314350562652,80.15771526001704
renton,2024-10-01,12.0,0,7157.314350562652,80.15771526001704
roanoke,2024-10-01,12.0,0,7157.314350562652,80.15771526001704
lexington,2024-10-01,12.0,0,7157.314350562652,80.15771526001704
jacksn_hole,2024-10-01,12.0,0,7157.306377410664,80.0618073316283
bristol,2024-10-01,12.0,0,7157.306377410664,80.0618073316283
clarksburg,2024-10-01,12.0,0,7157.306377410664,80.0618073316283
amarillo,2024-10-01,12.0,0,7157.306377410664,80.0618073316283
moline,2024-10-01,12.0,0,7157.306377410664,80.0618073316283
battle_creek,2024-10-01,12.0,0,7157.298404267559,79.98188405797102
clinton,2024-10-01,12.0,0,7157.298404267559,79.98188405797102
kissimmee,2024-10-01,12.0,0,7157.298404267559,79.98188405797102
ocala,2024-10-01,12.0,0,7157.298404267559,79.98188405797102
victorville,2024-10-01,12.0,0,7157.298404267559,79.98188405797102
huntsville,2024-10-01,12.0,0,7157.298404267559,79.98188405797102
pittsfield,2024-10-01,12.0,0,7157.298404267559,79.98188405797102
sandusky,2024-10-01,12.0,0,7157.298404267559,79.98188405797102
missoula,2024-10-01,12.0,0,7157.298404267559,79.98188405797102
kalamazoo,2024-10-01,12.0,0,7157.298404267559,79.98188405797102
traverse_city,2024-10-01,12.0,0,7157.290431133348,79.85400682011935
kenmore,2024-10-01,12.0,0,7157.290431133348,79.85400682011935
cutbank,2024-10-01,12.0,0,7157.290431133348,79.85400682011935
saginlaw,2024-10-01,12.0,0,7157.290431133348,79.85400682011935
beaumont,2024-10-01,12.0,0,7157.290431133348,79.85400682011935
lihue,2024-10-01,12.0,0,7157.290431133348,79.85400682011935
charlottesville,2024-10-01,12.0,0,7157.290431133348,79.85400682011935
talladega,2024-10-01,12.0,0,7157.290431133348,79.85400682011935
riverside,2024-10-01,12.0,0,7157.290431133348,79.85400682011935
dunseith,2024-10-01,12.0,0,7157.290431133348,79.85400682011935
houma,2024-10-01,12.0,0,7157.290431133348,79.85400682011935
andersen,2024-10-01,12.0,0,7157.290431133348,79.85400682011935
gulfport,2024-10-01,12.0,0,7157.290431133348,79.85400682011935
ithaca,2024-10-01,12.0,0,7157.290431133348,79.85400682011935
santa_barbara,2024-10-01,12.0,0,7157.282458008006,79.73678601875532
venice,2024-10-01,12.0,0,7157.282458008006,79.73678601875532
tuscaloosa,2024-10-01,12.0,0,7157.282458008006,79.73678601875532
marathon,2024-10-01,12.0,0,7157.282458008006,79.73678601875532
anacortes,2024-10-01,12.0,0,7157.282458008006,79.73678601875532
georgetown,2024-10-01,12.0,0,7157.282458008006,79.73678601875532
nantucket,2024-10-01,12.0,0,7157.282458008006,79.73678601875532
medford,2024-10-01,12.0,0,7157.282458008006,79.73678601875532
belleville,2024-10-01,12.0,0,7157.274484891546,79.62489343563513
key_largo,2024-10-01,12.0,0,7157.274484891546,79.62489343563513
middletown,2024-10-01,12.0,0,7157.274484891546,79.62489343563513
weslaco,2024-10-01,12.0,0,7157.274484891546,79.62489343563513
westhampton,2024-10-01,12.0,0,7157.274484891546,79.62489343563513
tacoma,2024-10-01,12.0,0,7157.274484891546,79.62489343563513
stratford,2024-10-01,12.0,0,7157.274484891546,79.62489343563513
eagle_pass,2024-10-01,12.0,0,7157.274484891546,79.62489343563513
santa_rosa,2024-10-01,12.0,0,7157.274484891546,79.62489343563513
presidio,2024-10-01,12.0,0,7157.274484891546,79.62489343563513
cocoa,2024-10-01,12.0,0,7157.274484891546,79.62489343563513
madison,2024-10-01,12.0,0,7157.274484891546,79.62489343563513
pensacola,2024-10-01,12.0,0,7157.274484891546,79.62489343563513
mason_city,2024-10-01,12.0,0,7157.266511783969,79.43307757885762
windsor,2024-10-01,12.0,0,7157.266511783969,79.43307757885762
bismarck,2024-10-01,12.0,0,7157.266511783969,79.43307757885762
pembina,2024-10-01,12.0,0,7157.266511783969,79.43307757885762
state_college,2024-10-01,12.0,0,7157.266511783969,79.43307757885762
st._petersburg,2024-10-01,12.0,0,7157.266511783969,79.43307757885762
point_salines,2024-10-01,12.0,0,7157.266511783969,79.43307757885762
worcester,2024-10-01,12.0,0,7157.266511783969,79.43307757885762
houlton,2024-10-01,12.0,0,7157.266511783969,79.43307757885762
hailey,2024-10-01,12.0,0,7157.266511783969,79.43307757885762
rome,2024-10-01,12.0,0,7157.266511783969,79.43307757885762
sebring,2024-10-01,12.0,0,7157.266511783969,79.43307757885762
galveston,2024-10-01,12.0,0,7157.266511783969,79.43307757885762
kenosha,2024-10-01,12.0,0,7157.266511783969,79.43307757885762
new_haven,2024-10-01,12.0,0,7157.266511783969,79.43307757885762
ogdensburg,2024-10-01,12.0,0,7157.266511783969,79.43307757885762
st._augustine_airport,2024-10-01,12.0,0,7157.266511783969,79.43307757885762
toronto,2024-10-01,12.0,0,7157.266511783969,79.43307757885762
kingstown,2024-10-01,12.0,0,7157.266511783969,79.43307757885762
burlington:mount_vernon,2024-10-01,12.0,0,7157.266511783969,79.43307757885762
pasco,2024-10-01,12.0,0,7157.266511783969,79.43307757885762
new_bedford,2024-10-01,12.0,0,7157.266511783969,79.43307757885762
asheville,2024-10-01,12.0,0,7157.266511783969,79.43307757885762
ceiba,2024-10-01,12.0,0,7157.258538685285,79.19863597612958
helena,2024-10-01,12.0,0,7157.258538685285,79.19863597612958
smyrna,2024-10-01,12.0,0,7157.258538685285,79.19863597612958
vero_beach,2024-10-01,12.0,0,7157.258538685285,79.19863597612958
fort_dix,2024-10-01,12.0,0,7157.258538685285,79.19863597612958
grants,2024-10-01,12.0,0,7157.258538685285,79.19863597612958
lake_charles,2024-10-01,12.0,0,7157.258538685285,79.19863597612958
porthill,2024-10-01,12.0,0,7157.258538685285,79.19863597612958
myrtle_beach,2024-10-01,12.0,0,7157.258538685285,79.19863597612958
edinburg,2024-10-01,12.0,0,7157.258538685285,79.19863597612958
rifle,2024-10-01,12.0,0,7157.258538685285,79.19863597612958
gillette,2024-10-01,12.0,0,7157.258538685285,79.19863597612958
guam,2024-10-01,12.0,0,7157.258538685285,79.19863597612958
eastport,2024-10-01,12.0,0,7157.258538685285,79.19863597612958
cold_bay,2024-10-01,12.0,0,7157.258538685285,79.19863597612958
grand_forks,2024-10-01,12.0,0,7157.258538685285,79.19863597612958
artesia,2024-10-01,12.0,0,7157.258538685285,79.19863597612958
bloomington,2024-10-01,12.0,0,7157.258538685285,79.19863597612958
allentown,2024-10-01,12.0,0,7157.258538685285,79.19863597612958
provo,2024-10-01,12.0,0,7157.258538685285,79.19863597612958
marysville,2024-10-01,12.0,0,7157.258538685285,79.19863597612958
gulf_shores,2024-10-01,12.0,0,7157.250565595472,78.71376811594203
bakersfield,2024-10-01,12.0,0,7157.250565595472,78.71376811594203
beaufort,2024-10-01,12.0,0,7157.250565595472,78.71376811594203
texarkana,2024-10-01,12.0,0,7157.250565595472,78.71376811594203
ponce,2024-10-01,12.0,0,7157.250565595472,78.71376811594203
angleton,2024-10-01,12.0,0,7157.250565595472,78.71376811594203
westfield,2024-10-01,12.0,0,7157.250565595472,78.71376811594203
rosewell,2024-10-01,12.0,0,7157.250565595472,78.71376811594203
lynchburg,2024-10-01,12.0,0,7157.250565595472,78.71376811594203
roseburg,2024-10-01,12.0,0,7157.250565595472,78.71376811594203
lafayette,2024-10-01,12.0,0,7157.250565595472,78.71376811594203
massena,2024-10-01,12.0,0,7157.250565595472,78.71376811594203
killeen,2024-10-01,12.0,0,7157.250565595472,78.71376811594203
patuxent_river,2024-10-01,12.0,0,7157.250565595472,78.71376811594203
sitka,2024-10-01,12.0,0,7157.250565595472,78.71376811594203
baudette,2024-10-01,12.0,0,7157.250565595472,78.71376811594203
flint,2024-10-01,12.0,0,7157.250565595472,78.71376811594203
winston-salem,2024-10-01,12.0,0,7157.250565595472,78.71376811594203
decatur,2024-10-01,12.0,0,7157.250565595472,78.71376811594203
panama_city,2024-10-01,12.0,0,7157.250565595472,78.71376811594203
arcata_ca,2024-10-01,12.0,0,7157.250565595472,78.71376811594203
fernandina_beach,2024-10-01,12.0,0,7157.250565595472,78.71376811594203
tuscaloosa_al,2024-10-01,12.0,0,7157.250565595472,78.71376811594203
racine,2024-10-01,12.0,0,7157.250565595472,78.71376811594203
terre_haute,2024-10-01,12.0,0,7157.250565595472,78.71376811594203
broomfield,2024-10-01,12.0,0,7157.250565595472,78.71376811594203
lubbock,2024-10-01,12.0,0,7157.250565595472,78.71376811594203
mykonos,2024-10-01,12.0,0,7157.250565595472,78.71376811594203
toms_river,2024-10-01,12.0,0,7157.250565595472,78.71376811594203
tokeen,2024-10-01,12.0,0,7157.250565595472,78.71376811594203
blacksburg,2024-10-01,12.0,0,7157.250565595472,78.71376811594203
whidbey_island,2024-10-01,12.0,0,7157.250565595472,78.71376811594203
bamburi,2024-10-01,12.0,0,7157.250565595472,78.71376811594203
elmira,2024-10-01,12.0,0,7157.250565595472,78.71376811594203
springfield,2024-10-01,12.0,0,7157.250565595472,78.71376811594203
sheboygan,2024-10-01,12.0,0,7157.250565595472,78.71376811594203
shreveport,2024-10-01,12.0,0,7157.250565595472,78.71376811594203
muscle_shoals,2024-10-01,12.0,0,7157.250565595472,78.71376811594203
lawrence,2024-10-01,12.0,0,7157.250565595472,78.71376811594203
statesville,2024-10-01,12.0,0,7157.250565595472,78.71376811594203
newport,2024-10-01,12.0,0,7157.250565595472,78.71376811594203
grand_marais,2024-10-01,12.0,0,7157.250565595472,78.71376811594203
valdosta,2024-10-01,12.0,0,7157.250565595472,78.71376811594203
wrangell,2024-10-01,12.0,0,7157.250565595472,78.71376811594203
hyannis,2024-10-01,12.0,0,7157.250565595472,78.71376811594203
sault_ste._marie,2024-10-01,12.0,0,7157.250565595472,78.71376811594203
warroad,2024-10-01,12.0,0,7157.250565595472,78.71376811594203
valparaiso,2024-10-01,12.0,0,7157.250565595472,78.71376811594203
lakehurst,2024-10-01,12.0,0,7157.250565595472,78.71376811594203
northway,2024-10-01,12.0,0,7157.250565595472,78.71376811594203
belmar:farmingdale,2024-10-01,12.0,0,7157.250565595472,78.71376811594203
latrobe,2024-10-01,12.0,0,7157.250565595472,78.71376811594203
haines,2024-10-01,12.0,0,7157.250565595472,78.71376811594203
champaign,2024-10-01,12.0,0,7157.250565595472,78.71376811594203
islip,2024-10-01,12.0,0,7157.250565595472,78.71376811594203
kerrville,2024-10-01,12.0,0,7157.250565595472,78.71376811594203
wausau,2024-10-01,12.0,0,7157.250565595472,78.71376811594203
tallahassee,2024-10-01,12.0,0,7157.250565595472,78.71376811594203
anegada,2024-10-01,12.0,0,7157.250565595472,78.71376811594203
sanford,2024-10-01,12.0,0,7157.250565595472,78.71376811594203
dover,2024-10-01,12.0,0,7157.250565595472,78.71376811594203
fairhope,2024-10-01,12.0,0,7157.250565595472,78.71376811594203
crane_lake,2024-10-01,12.0,0,7157.250565595472,78.71376811594203
culebra_island,2024-10-01,12.0,0,7157.250565595472,78.71376811594203
kennesaw,2024-10-01,12.0,0,7157.250565595472,78.71376811594203
monticello,2024-10-01,12.0,0,7157.250565595472,78.71376811594203
sagarai,2024-10-01,12.0,0,7157.250565595472,78.71376811594203
st._augustine,2024-10-01,12.0,0,7157.250565595472,78.71376811594203
waukegan,2024-10-01,12.0,0,7157.250565595472,78.71376811594203
charlotte_amalie,2024-10-01,12.0,0,7157.250565595472,78.71376811594203
denver,2024-09-01,12.0,0,7105.657323482832,78.33546462063086
san_francisco,2024-07-01,12.0,0,6933.814645500814,78.32480818414322
washington,2024-11-01,12.0,0,6909.7810134816655,78.31415174765559
fort_lauderdale,2024-11-01,12.0,0,6900.7424764336765,78.30349531116795
boston,2024-05-01,12.0,0,6886.4895154100595,78.2928388746803
agana,2024-09-01,12.0,0,6849.55144299638,78.28218243819268
houston,2024-06-01,12.0,0,6829.631511398204,78.27152600170503
detroit,2024-09-01,12.0,0,6826.987703862978,78.26086956521739
fort_lauderdale,2024-05-01,12.0,0,6765.888658715661,78.25021312872975
minneapolis,2024-09-01,12.0,0,6744.352105245381,78.23955669224212
las_vegas,2024-05-01,12.0,0,6680.8809643187515,78.22890025575447
philadelphia,2024-09-01,12.0,0,6627.702162388546,78.21824381926685
charlotte,2024-09-01,12.0,0,6615.354243908219,78.2075873827792
phoenix,2024-09-01,12.0,0,6594.061484046204,78.19693094629156
las_vegas,2024-11-01,12.0,0,6499.320382078788,78.18627450980392
tampa,2024-09-01,12.0,0,6465.755393824315,78.17561807331627
atlanta,2024-06-01,12.0,0,6431.994900308876,78.16496163682865
seattle,2024-05-01,12.0,0,6431.460350512038,78.154305200341
san_francisco,2024-08-01,12.0,0,6420.046760710544,78.14364876385336
san_diego,2024-09-01,12.0,0,6383.793210681862,78.13299232736573
nashville,2024-09-01,12.0,0,6381.724110106833,78.12233589087809
washington,2024-06-01,12.0,0,6362.229107386045,78.11167945439045
austin,2024-09-01,12.0,0,6341.944897070225,78.10102301790282
salt_lake_city,2024-09-01,12.0,0,6337.537965466538,78.09036658141517
dallas,2024-06-01,12.0,0,6336.370114868598,78.07971014492753
san_antonio,2024-09-01,12.0,0,6332.922448810884,78.0690537084399
boston,2024-11-01,12.0,0,6321.517777953945,78.05839727195226
portland,2024-09-01,12.0,0,6313.115406207137,78.04774083546462
melbourne,2024-09-01,12.0,0,6309.424302618111,78.03708439897699
saipan,2024-09-01,12.0,0,6307.554967262985,78.02642796248934
san_juan,2024-09-01,12.0,0,6287.533080178886,78.01577152600171
oakland,2024-09-01,12.0,0,6286.454521085973,78.00511508951406
orlando,2024-06-01,12.0,0,6254.124873144836,77.99445865302643
raleigh,2024-09-01,12.0,0,6251.68295612848,77.98380221653879
san_jose,2024-09-01,12.0,0,6244.040835302092,77.97314578005115
baltimore,2024-09-01,12.0,0,6215.351745369396,77.96248934356352
fresno,2024-09-01,12.0,0,6214.721709487674,77.95183290707587
ontario,2024-09-01,12.0,0,6208.0928979949385,77.94117647058823
sacramento,2024-09-01,12.0,0,6202.783884192683,77.9305200341006
laguna_beach,2024-09-01,12.0,0,6201.892581233968,77.91986359761296
honolulu,2024-11-01,12.0,0,6197.941701313263,77.90920716112531
new_orleans,2024-09-01,12.0,0,6195.208439468076,77.89855072463769
anchorage,2024-09-01,12.0,0,6175.955953028241,77.88789428815004
palm_springs,2024-09-01,12.0,0,6174.9171701000505,77.8772378516624
cincinnati,2024-09-01,12.0,0,6170.371971094998,77.86658141517476
kahului,2024-09-01,12.0,0,6166.5994551263175,77.85592497868713
fort_myers,2024-09-01,12.0,0,6165.129554615543,77.84526854219949
pittsburgh,2024-09-01,12.0,0,6162.602694486528,77.83461210571186
st._louis,2024-09-01,12.0,0,6156.07062128785,77.8239556692242
newburgh,2024-09-01,12.0,0,6149.929112579861,77.81329923273658
cleveland,2024-09-01,12.0,0,6147.182498277652,77.80264279624893
teterboro,2024-09-01,12.0,0,6144.190701909388,77.7919863597613
hartford,2024-09-01,12.0,0,6143.198322358087,77.78132992327366
mcallen,2024-09-01,12.0,0,6143.1230449334225,77.77067348678602
reno,2024-09-01,12.0,0,6142.83563052401,77.76001705029839
columbus,2024-09-01,12.0,0,6140.605204464319,77.74936061381074
kansas_city,2024-09-01,12.0,0,6136.789360607714,77.7387041773231
charleston,2024-09-01,12.0,0,6133.556640259457,77.72804774083546
indianapolis,2024-09-01,12.0,0,6133.2355116035915,77.71739130434783
west_palm_beach,2024-09-01,12.0,0,6131.240791094204,77.70673486786018
brownsville,2024-09-01,12.0,0,6130.871975511147,77.69607843137256
laredo,2024-09-01,12.0,0,6130.182213324688,77.6854219948849
bullhead_city,2024-09-01,12.0,0,6129.792975852197,77.67476555839727
atlantic_city,2024-09-01,12.0,0,6128.632238930746,77.66410912190963
white_plains,2024-09-01,12.0,0,6128.495696096994,77.653452685422
st._thomas_island,2024-09-01,12.0,0,6126.836943669225,77.64279624893436
windsor_locks,2024-09-01,12.0,0,6126.611715621547,77.63213981244672
tuscon,2024-09-01,12.0,0,6126.393320573261,77.62148337595907
vail,2024-09-01,12.0,0,6125.908784358594,77.61082693947145
fairbanks,2024-09-01,12.0,0,6125.854191131076,77.6001705029838
kendall-tamiami,2024-09-01,12.0,0,6125.690414367667,77.58951406649616
bedford,2024-09-01,12.0,0,6125.669942580117,77.57885763000853
memphis,2024-09-01,12.0,0,6125.6358230862415,77.56820119352089
riverside,2024-09-01,12.0,0,6125.628999210267,77.55754475703324
el_paso,2024-09-01,12.0,0,6125.424286465877,77.54688832054562
van_nuys,2024-09-01,12.0,0,6125.383344737957,77.53623188405797
nome,2024-09-01,12.0,0,6125.376521143251,77.52557544757033
alexandria,2024-09-01,12.0,0,6125.096760304679,77.5149190110827
burlington,2024-09-01,12.0,0,6125.062644003372,77.50426257459505
scottsdale,2024-09-01,12.0,0,6125.042174313804,77.49360613810742
camp_springs,2024-09-01,12.0,0,6124.973942509291,77.48294970161977
jacksonville,2024-09-01,12.0,0,6124.830658193917,77.47229326513214
bangor,2024-09-01,12.0,0,6124.707845734304,77.4616368286445
buffalo,2024-09-01,12.0,0,6124.701022892084,77.45098039215686
norfolk,2024-09-01,12.0,0,6124.680554411038,77.44032395566921
south_bend,2024-09-01,12.0,0,6124.67373159922,77.42966751918159
greenville,2024-09-01,12.0,0,6124.660085998397,77.41901108269394
midland,2024-09-01,12.0,0,6124.591858450276,77.4083546462063
conroe,2024-09-01,12.0,0,6124.578213031864,77.39769820971867
aguadilla,2024-09-01,12.0,0,6124.571390334053,77.38704177323103
bellingham,2024-09-01,12.0,0,6124.509986395803,77.3763853367434
sugar_land,2024-09-01,12.0,0,6124.503163773996,77.36572890025576
pontiac,2024-09-01,12.0,0,6124.469050778974,77.35507246376811
carlsbad,2024-09-01,12.0,0,6124.448583073168,77.34441602728049
everett,2024-09-01,12.0,0,6124.441760519763,77.33375959079284
rochester,2024-09-01,12.0,0,6124.42129290516,77.3231031543052
kalispell,2024-09-01,12.0,0,6124.394002858756,77.31244671781756
fargo,2024-09-01,12.0,0,6124.38035788116,77.30179028132991
great_falls,2024-09-01,12.0,0,6124.366712933954,77.29113384484229
raleigh-durham,2024-09-01,12.0,0,6124.359890471752,77.28047740835464
richmond,2024-09-01,12.0,0,6124.339423130755,77.269820971867
rogers,2024-09-01,12.0,0,6124.325778274761,77.25916453537937
lexington_ky,2024-09-01,12.0,0,6124.318955858159,77.23785166240408
broomdield-co,2024-09-01,12.0,0,6124.318955858159,77.23785166240408
friday_harbor,2024-09-01,12.0,0,6124.318955858159,77.23785166240408
sarasota,2024-09-01,12.0,0,6124.312133449157,77.21653878942881
boca_raton,2024-09-01,12.0,0,6124.305311047755,77.19522591645354
toledo,2024-09-01,12.0,0,6124.305311047755,77.19522591645354
north_bend,2024-09-01,12.0,0,6124.305311047755,77.19522591645354
addison,2024-09-01,12.0,0,6124.27802151817,77.16858482523445
roanoke,2024-09-01,12.0,0,6124.27802151817,77.16858482523445
greensboro,2024-09-01,12.0,0,6124.264376798967,77.14194373401536
savannah,2024-09-01,12.0,0,6124.264376798967,77.14194373401536
providence,2024-09-01,12.0,0,6124.264376798967,77.14194373401536
colorado_springs,2024-09-01,12.0,0,6124.250732110174,77.12063086104007
omaha,2024-09-01,12.0,0,6124.237087451771,77.10997442455243
erie,2024-09-01,12.0,0,6124.223442823778,77.09931798806478
west_hampton_beach,2024-09-01,12.0,0,6124.216620521176,77.08866155157715
wilmington,2024-09-01,12.0,0,6124.1961536589815,77.07800511508951
kona,2024-09-01,12.0,0,6124.1893313867795,77.06734867860187
vail:eagle,2024-09-01,12.0,0,6124.182509122177,77.05669224211424
minot,2024-09-01,12.0,0,6124.175686865186,77.04070758738278
dallas-fort_worth,2024-09-01,12.0,0,6124.175686865186,77.04070758738278
boise,2024-09-01,12.0,0,6124.168864615784,77.01939471440751
sioux_falls,2024-09-01,12.0,0,6124.168864615784,77.01939471440751
aspen,2024-09-01,12.0,0,6124.162042373981,77.00341005967604
knoxville,2024-09-01,12.0,0,6124.155220139779,76.9927536231884
naples,2024-09-01,12.0,0,6124.114286894183,76.97144075021313
bozeman,2024-09-01,12.0,0,6124.114286894183,76.97144075021313
barnstable,2024-09-01,12.0,0,6124.114286894183,76.97144075021313
pensacola,2024-09-01,12.0,0,6124.100642539775,76.95012787723785
wichita,2024-09-01,12.0,0,6124.093820373982,76.93947144075022
kenmore,2024-09-01,12.0,0,6124.080176065174,76.91815856777494
spokane,2024-09-01,12.0,0,6124.080176065174,76.91815856777494
stuart,2024-09-01,12.0,0,6124.080176065174,76.91815856777494
grand_rapids,2024-09-01,12.0,0,6124.073353922181,76.89684569479965
santa_teresa,2024-09-01,12.0,0,6124.066531786776,76.88618925831202
allentown,2024-09-01,12.0,0,6124.059709658971,76.87020460358056
west_chicago,2024-09-01,12.0,0,6124.059709658971,76.87020460358056
harrisburg,2024-09-01,12.0,0,6124.052887538765,76.8542199488491
green_bay,2024-09-01,12.0,0,6124.046065426171,76.83290707587382
islip,2024-09-01,12.0,0,6124.046065426171,76.83290707587382
peoria,2024-09-01,12.0,0,6124.046065426171,76.83290707587382
grant_county_airport,2024-09-01,12.0,0,6124.0392433211655,76.80626598465473
chicago-wheeling,2024-09-01,12.0,0,6124.0392433211655,76.80626598465473
portsmouth,2024-09-01,12.0,0,6124.032421223759,76.77962489343564
st._petersburg,2024-09-01,12.0,0,6124.032421223759,76.77962489343564
des_moines,2024-09-01,12.0,0,6124.032421223759,76.77962489343564
albany,2024-09-01,12.0,0,6124.018777051758,76.75298380221653
san_bernardino,2024-09-01,12.0,0,6124.018777051758,76.75298380221653
ketchikan,2024-09-01,12.0,0,6124.011954977151,76.73699914748508
international_falls,2024-09-01,12.0,0,6124.005132910143,76.7156862745098
angleton,2024-09-01,12.0,0,6124.005132910143,76.7156862745098
hillsboro,2024-09-01,12.0,0,6124.005132910143,76.7156862745098
port_clinton,2024-09-01,12.0,0,6123.998310850736,76.6890451832907
milwaukee,2024-09-01,12.0,0,6123.998310850736,76.6890451832907
duluth,2024-09-01,12.0,0,6123.991488798939,76.66773231031543
nogales,2024-09-01,12.0,0,6123.991488798939,76.66773231031543
new_haven,2024-09-01,12.0,0,6123.984666754731,76.65174765558397
st._croix_island,2024-09-01,12.0,0,6123.9778447181225,76.63576300085252
sheboygan,2024-09-01,12.0,0,6123.9778447181225,76.63576300085252
binghamton,2024-09-01,12.0,0,6123.971022689125,76.61977834612105
gary,2024-09-01,12.0,0,6123.957378653906,76.59846547314578
chattanooga,2024-09-01,12.0,0,6123.957378653906,76.59846547314578
columbia,2024-09-01,12.0,0,6123.957378653906,76.59846547314578
sault_ste_marie,2024-09-01,12.0,0,6123.950556647696,76.57182438192667
farmingdale,2024-09-01,12.0,0,6123.950556647696,76.57182438192667
manchester,2024-09-01,12.0,0,6123.943734649097,76.5505115089514
daytona_beach,2024-09-01,12.0,0,6123.943734649097,76.5505115089514
fort_worth,2024-09-01,12.0,0,6123.936912658086,76.52387041773231
akron,2024-09-01,12.0,0,6123.936912658086,76.52387041773231
santa_ana,2024-09-01,12.0,0,6123.936912658086,76.52387041773231
dayton,2024-09-01,12.0,0,6123.930090674675,76.4919011082694
calexico,2024-09-01,12.0,0,6123.930090674675,76.4919011082694
saginlaw,2024-09-01,12.0,0,6123.930090674675,76.4919011082694
little_rock,2024-09-01,12.0,0,6123.9232686988635,76.47058823529412
houma,2024-09-01,12.0,0,6123.916446730663,76.45460358056266
fort_pierce,2024-09-01,12.0,0,6123.916446730663,76.45460358056266
niagara_falls,2024-09-01,12.0,0,6123.90962477005,76.42796248934356
morristown,2024-09-01,12.0,0,6123.90962477005,76.42796248934356
new_bedford,2024-09-01,12.0,0,6123.90962477005,76.42796248934356
port_angeles,2024-09-01,12.0,0,6123.902802817038,76.39066496163683
fort_collins,2024-09-01,12.0,0,6123.902802817038,76.39066496163683
louisville,2024-09-01,12.0,0,6123.902802817038,76.39066496163683
jackman,2024-09-01,12.0,0,6123.902802817038,76.39066496163683
st._thomas,2024-09-01,12.0,0,6123.8959808716245,76.3533674339301
ithaca,2024-09-01,12.0,0,6123.8959808716245,76.3533674339301
moline,2024-09-01,12.0,0,6123.8959808716245,76.3533674339301
watertown,2024-09-01,12.0,0,6123.889158933822,76.31606990622336
oroville,2024-09-01,12.0,0,6123.889158933822,76.31606990622336
imperial,2024-09-01,12.0,0,6123.889158933822,76.31606990622336
napa,2024-09-01,12.0,0,6123.889158933822,76.31606990622336
westhampton,2024-09-01,12.0,0,6123.882337003608,76.26811594202898
key_west,2024-09-01,12.0,0,6123.882337003608,76.26811594202898
st._augustine_airport,2024-09-01,12.0,0,6123.882337003608,76.26811594202898
birmingham,2024-09-01,12.0,0,6123.882337003608,76.26811594202898
groton,2024-09-01,12.0,0,6123.882337003608,76.26811594202898
lansing,2024-09-01,12.0,0,6123.875515080994,76.22016197783461
baton_rouge,2024-09-01,12.0,0,6123.875515080994,76.22016197783461
yakutat,2024-09-01,12.0,0,6123.875515080994,76.22016197783461
coeur_d'alene,2024-09-01,12.0,0,6123.875515080994,76.22016197783461
grand_forks,2024-09-01,12.0,0,6123.8686931659895,76.18286445012788
clarksburg,2024-09-01,12.0,0,6123.8686931659895,76.18286445012788
oklahoma_city,2024-09-01,12.0,0,6123.8686931659895,76.18286445012788
fort_wayne,2024-09-01,12.0,0,6123.861871258574,76.14556692242114
appleton,2024-09-01,12.0,0,6123.861871258574,76.14556692242114
plattsburgh,2024-09-01,12.0,0,6123.861871258574,76.14556692242114
worcester,2024-09-01,12.0,0,6123.861871258574,76.14556692242114
nantucket,2024-09-01,12.0,0,6123.855049358758,76.09761295822676
tulsa,2024-09-01,12.0,0,6123.855049358758,76.09761295822676
cocoa,2024-09-01,12.0,0,6123.855049358758,76.09761295822676
lexington,2024-09-01,12.0,0,6123.855049358758,76.09761295822676
weslaco,2024-09-01,12.0,0,6123.855049358758,76.09761295822676
kalamazoo,2024-09-01,12.0,0,6123.848227466542,76.0230179028133
galveston,2024-09-01,12.0,0,6123.848227466542,76.0230179028133
mesa,2024-09-01,12.0,0,6123.848227466542,76.0230179028133
jackson,2024-09-01,12.0,0,6123.848227466542,76.0230179028133
st._paul,2024-09-01,12.0,0,6123.848227466542,76.0230179028133
lakeland,2024-09-01,12.0,0,6123.848227466542,76.0230179028133
springfield,2024-09-01,12.0,0,6123.848227466542,76.0230179028133
brunswick,2024-09-01,12.0,0,6123.848227466542,76.0230179028133
kodiak,2024-09-01,12.0,0,6123.848227466542,76.0230179028133
winston-salem,2024-09-01,12.0,0,6123.841405581936,75.94842284739983
fairfield,2024-09-01,12.0,0,6123.841405581936,75.94842284739983
newport_news,2024-09-01,12.0,0,6123.841405581936,75.94842284739983
tacoma,2024-09-01,12.0,0,6123.841405581936,75.94842284739983
oxford,2024-09-01,12.0,0,6123.841405581936,75.94842284739983
sanford,2024-09-01,12.0,0,6123.834583704918,75.88448422847401
pasco,2024-09-01,12.0,0,6123.834583704918,75.88448422847401
tokeen,2024-09-01,12.0,0,6123.834583704918,75.88448422847401
yuma,2024-09-01,12.0,0,6123.834583704918,75.88448422847401
marathon,2024-09-01,12.0,0,6123.834583704918,75.88448422847401
rockford,2024-09-01,12.0,0,6123.834583704918,75.88448422847401
port_huron,2024-09-01,12.0,0,6123.834583704918,75.88448422847401
dover-cheswold,2024-09-01,12.0,0,6123.8277618355005,75.80988917306053
harlingen,2024-09-01,12.0,0,6123.8277618355005,75.80988917306053
trenton,2024-09-01,12.0,0,6123.8277618355005,75.80988917306053
scranton,2024-09-01,12.0,0,6123.8277618355005,75.80988917306053
saranac_lake,2024-09-01,12.0,0,6123.8277618355005,75.80988917306053
moses_lake,2024-09-01,12.0,0,6123.8277618355005,75.80988917306053
cutbank,2024-09-01,12.0,0,6123.8277618355005,75.80988917306053
bristol,2024-09-01,12.0,0,6123.820939973682,75.75127877237851
porthill,2024-09-01,12.0,0,6123.820939973682,75.75127877237851
georgetown,2024-09-01,12.0,0,6123.820939973682,75.75127877237851
mobile,2024-09-01,12.0,0,6123.820939973682,75.75127877237851
kenosha,2024-09-01,12.0,0,6123.814118119473,75.6926683716965
aiken,2024-09-01,12.0,0,6123.814118119473,75.6926683716965
guam,2024-09-01,12.0,0,6123.814118119473,75.6926683716965
champaign,2024-09-01,12.0,0,6123.814118119473,75.6926683716965
casper,2024-09-01,12.0,0,6123.814118119473,75.6926683716965
beverly,2024-09-01,12.0,0,6123.814118119473,75.6926683716965
sitka,2024-09-01,12.0,0,6123.814118119473,75.6926683716965
albuquerque,2024-09-01,12.0,0,6123.807296272854,75.59676044330776
west_yellowstone,2024-09-01,12.0,0,6123.807296272854,75.59676044330776
fernandina_beach,2024-09-01,12.0,0,6123.807296272854,75.59676044330776
ponce,2024-09-01,12.0,0,6123.807296272854,75.59676044330776
the_dallas,2024-09-01,12.0,0,6123.807296272854,75.59676044330776
del_rio,2024-09-01,12.0,0,6123.807296272854,75.59676044330776
toronto,2024-09-01,12.0,0,6123.807296272854,75.59676044330776
sioux_city,2024-09-01,12.0,0,6123.807296272854,75.59676044330776
burbank,2024-09-01,12.0,0,6123.807296272854,75.59676044330776
broomfield,2024-09-01,12.0,0,6123.807296272854,75.59676044330776
stratford,2024-09-01,12.0,0,6123.807296272854,75.59676044330776
presque_isle,2024-09-01,12.0,0,6123.800474433834,75.47953964194375
baudette,2024-09-01,12.0,0,6123.800474433834,75.47953964194375
corpus_christi,2024-09-01,12.0,0,6123.800474433834,75.47953964194375
monterey,2024-09-01,12.0,0,6123.800474433834,75.47953964194375
bismarck,2024-09-01,12.0,0,6123.800474433834,75.47953964194375
manassas,2024-09-01,12.0,0,6123.800474433834,75.47953964194375
pittsfield,2024-09-01,12.0,0,6123.800474433834,75.47953964194375
charlottesville,2024-09-01,12.0,0,6123.800474433834,75.47953964194375
leesburg,2024-09-01,12.0,0,6123.800474433834,75.47953964194375
warroad,2024-09-01,12.0,0,6123.800474433834,75.47953964194375
clinton,2024-09-01,12.0,0,6123.800474433834,75.47953964194375
westfield,2024-09-01,12.0,0,6123.793652602413,75.34633418584825
edinburg,2024-09-01,12.0,0,6123.793652602413,75.34633418584825
missoula,2024-09-01,12.0,0,6123.793652602413,75.34633418584825
anacortes,2024-09-01,12.0,0,6123.793652602413,75.34633418584825
bentonville,2024-09-01,12.0,0,6123.793652602413,75.34633418584825
hyannis,2024-09-01,12.0,0,6123.793652602413,75.34633418584825
vineyard_haven,2024-09-01,12.0,0,6123.793652602413,75.34633418584825
belmar:farmingdale,2024-09-01,12.0,0,6123.793652602413,75.34633418584825
idaho_falls,2024-09-01,12.0,0,6123.793652602413,75.34633418584825
danbury,2024-09-01,12.0,0,6123.793652602413,75.34633418584825
ogden,2024-09-01,12.0,0,6123.793652602413,75.34633418584825
butte,2024-09-01,12.0,0,6123.793652602413,75.34633418584825
juneau,2024-09-01,12.0,0,6123.793652602413,75.34633418584825
hailey,2024-09-01,12.0,0,6123.793652602413,75.34633418584825
belmar,2024-09-01,12.0,0,6123.786830778603,75.15451832907077
hilton_head_island,2024-09-01,12.0,0,6123.786830778603,75.15451832907077
belleville,2024-09-01,12.0,0,6123.786830778603,75.15451832907077
sault_ste._marie,2024-09-01,12.0,0,6123.786830778603,75.15451832907077
syracuse,2024-09-01,12.0,0,6123.786830778603,75.15451832907077
renton,2024-09-01,12.0,0,6123.786830778603,75.15451832907077
east_hampton,2024-09-01,12.0,0,6123.786830778603,75.15451832907077
highgate,2024-09-01,12.0,0,6123.786830778603,75.15451832907077
lake_charles,2024-09-01,12.0,0,6123.786830778603,75.15451832907077
chino,2024-09-01,12.0,0,6123.786830778603,75.15451832907077
myrtle_beach,2024-09-01,12.0,0,6123.786830778603,75.15451832907077
panama_city,2024-09-01,12.0,0,6123.786830778603,75.15451832907077
frenchville,2024-09-01,12.0,0,6123.786830778603,75.15451832907077
eagle_pass,2024-09-01,12.0,0,6123.786830778603,75.15451832907077
el_centro,2024-09-01,12.0,0,6123.786830778603,75.15451832907077
battle_creek,2024-09-01,12.0,0,6123.786830778603,75.15451832907077
santa_barbara,2024-09-01,12.0,0,6123.786830778603,75.15451832907077
gulfport,2024-09-01,12.0,0,6123.786830778603,75.15451832907077
gulf_shores,2024-09-01,12.0,0,6123.786830778603,75.15451832907077
houlton,2024-09-01,12.0,0,6123.786830778603,75.15451832907077
ottawa,2024-09-01,12.0,0,6123.786830778603,75.15451832907077
fort_dix,2024-09-01,12.0,0,6123.786830778603,75.15451832907077
vero_beach,2024-09-01,12.0,0,6123.7800089623815,74.68030690537084
fayetteville,2024-09-01,12.0,0,6123.7800089623815,74.68030690537084
chandler,2024-09-01,12.0,0,6123.7800089623815,74.68030690537084
calliano,2024-09-01,12.0,0,6123.7800089623815,74.68030690537084
crane_lake,2024-09-01,12.0,0,6123.7800089623815,74.68030690537084
paso_robles,2024-09-01,12.0,0,6123.7800089623815,74.68030690537084
fort_collins:lovelan,2024-09-01,12.0,0,6123.7800089623815,74.68030690537084
waukegan,2024-09-01,12.0,0,6123.7800089623815,74.68030690537084
massena,2024-09-01,12.0,0,6123.7800089623815,74.68030690537084
pellston,2024-09-01,12.0,0,6123.7800089623815,74.68030690537084
brainerd,2024-09-01,12.0,0,6123.7800089623815,74.68030690537084
burlington:mount_vernon,2024-09-01,12.0,0,6123.7800089623815,74.68030690537084
grand_marais,2024-09-01,12.0,0,6123.7800089623815,74.68030690537084
lubbock,2024-09-01,12.0,0,6123.7800089623815,74.68030690537084
ceiba,2024-09-01,12.0,0,6123.7800089623815,74.68030690537084
schenectady,2024-09-01,12.0,0,6123.7800089623815,74.68030690537084
scotia,2024-09-01,12.0,0,6123.7800089623815,74.68030690537084
youngstown,2024-09-01,12.0,0,6123.7800089623815,74.68030690537084
pinecreek,2024-09-01,12.0,0,6123.7800089623815,74.68030690537084
lorain-elyria,2024-09-01,12.0,0,6123.7800089623815,74.68030690537084
ogdensburg,2024-09-01,12.0,0,6123.7800089623815,74.68030690537084
shemya,2024-09-01,12.0,0,6123.7800089623815,74.68030690537084
long_beach,2024-09-01,12.0,0,6123.7800089623815,74.68030690537084
eastsound,2024-09-01,12.0,0,6123.7800089623815,74.68030690537084
tyler,2024-09-01,12.0,0,6123.7800089623815,74.68030690537084
ocala,2024-09-01,12.0,0,6123.7800089623815,74.68030690537084
martha's_vineyard,2024-09-01,12.0,0,6123.7800089623815,74.68030690537084
eastport,2024-09-01,12.0,0,6123.7800089623815,74.68030690537084
milano,2024-09-01,12.0,0,6123.7800089623815,74.68030690537084
charlotte_amalie,2024-09-01,12.0,0,6123.7800089623815,74.68030690537084
wenatchee,2024-09-01,12.0,0,6123.7800089623815,74.68030690537084
northway,2024-09-01,12.0,0,6123.7800089623815,74.68030690537084
traverse_city,2024-09-01,12.0,0,6123.7800089623815,74.68030690537084
concord,2024-09-01,12.0,0,6123.7800089623815,74.68030690537084
dunseith,2024-09-01,12.0,0,6123.7800089623815,74.68030690537084
richmond_heights,2024-09-01,12.0,0,6123.7800089623815,74.68030690537084
lawrence,2024-09-01,12.0,0,6123.7800089623815,74.68030690537084
la_verne,2024-09-01,12.0,0,6123.7800089623815,74.68030690537084
monroe,2024-09-01,12.0,0,6123.7800089623815,74.68030690537084
racine,2024-09-01,12.0,0,6123.7800089623815,74.68030690537084
hattiesburg:laurel,2024-09-01,12.0,0,6123.7800089623815,74.68030690537084
beaumont,2024-09-01,12.0,0,6123.7800089623815,74.68030690537084
latrobe,2024-09-01,12.0,0,6123.7800089623815,74.68030690537084
shreveport,2024-09-01,12.0,0,6123.7800089623815,74.68030690537084
lafayette,2024-09-01,12.0,0,6123.7800089623815,74.68030690537084
beaufort,2024-09-01,12.0,0,6123.7800089623815,74.68030690537084
lakehurst,2024-09-01,12.0,0,6123.7800089623815,74.68030690537084
reading,2024-09-01,12.0,0,6123.7800089623815,74.68030690537084
bar_harbor,2024-09-01,12.0,0,6123.7800089623815,74.68030690537084
rome,2024-09-01,12.0,0,6123.7800089623815,74.68030690537084
santa_fe,2024-09-01,12.0,0,6123.7800089623815,74.68030690537084
driggs,2024-09-01,12.0,0,6123.7800089623815,74.68030690537084
mountain_view,2024-09-01,12.0,0,6123.7800089623815,74.68030690537084
provo,2024-09-01,12.0,0,6123.7800089623815,74.68030690537084
greensboro:high_poin,2024-09-01,12.0,0,6123.7800089623815,74.68030690537084
helena,2024-09-01,12.0,0,6123.7800089623815,74.68030690537084
cedar_rapids,2024-09-01,12.0,0,6123.7800089623815,74.68030690537084
presidio,2024-09-01,12.0,0,6123.7800089623815,74.68030690537084
amarillo,2024-09-01,12.0,0,6123.7800089623815,74.68030690537084
mount_vernon,2024-09-01,12.0,0,6123.7800089623815,74.68030690537084
santa_rosa,2024-09-01,12.0,0,6123.7800089623815,74.68030690537084
kennesaw,2024-09-01,12.0,0,6123.7800089623815,74.68030690537084
newport,2024-09-01,12.0,0,6123.7800089623815,74.68030690537084
killeen,2024-09-01,12.0,0,6123.7800089623815,74.68030690537084
sagarai,2024-09-01,12.0,0,6123.7800089623815,74.68030690537084
toms_river,2024-09-01,12.0,0,6123.7800089623815,74.68030690537084
rifle,2024-09-01,12.0,0,6123.7800089623815,74.68030690537084
seattle,2024-11-01,12.0,0,6114.9586582372785,74.31798806479112
honolulu,2024-05-01,12.0,0,6100.459533628764,74.3073316283035
boston,2024-06-01,12.0,0,5984.441278676627,74.29667519181585
chicago,2024-07-01,12.0,0,5844.747648728101,74.28601875532821
newark,2024-07-01,12.0,0,5796.202710828221,74.27536231884058
seattle,2024-06-01,12.0,0,5757.960758569005,74.26470588235294
fort_lauderdale,2024-06-01,12.0,0,5721.636214003433,74.2540494458653
denver,2024-05-01,12.0,0,5592.661421768359,74.24339300937767
las_vegas,2024-06-01,12.0,0,5583.315332287027,74.23273657289002
phoenix,2024-11-01,12.0,0,5517.647132728448,74.2220801364024
denver,2024-11-01,12.0,0,5481.684370474916,74.21142369991475
agana,2024-11-01,12.0,0,5450.222583506901,74.20076726342711
detroit,2024-05-01,12.0,0,5446.860022356262,74.19011082693947
agana,2024-05-01,12.0,0,5445.088532678792,74.17945439045184
honolulu,2024-06-01,12.0,0,5389.10390108919,74.16879795396419
phoenix,2024-05-01,12.0,0,5353.426649352076,74.15814151747657
chicago,2024-08-01,12.0,0,5345.748140325305,74.14748508098891
detroit,2024-11-01,12.0,0,5322.831438461209,74.13682864450128
tampa,2024-11-01,12.0,0,5322.665413203077,74.12617220801364
minneapolis,2024-05-01,12.0,0,5316.040491530978,74.11551577152599
charlotte,2024-05-01,12.0,0,5315.087134873358,74.10485933503837
philadelphia,2024-05-01,12.0,0,5275.640920693869,74.09420289855072
minneapolis,2024-11-01,12.0,0,5243.84267822187,74.08354646206308
charlotte,2024-11-01,12.0,0,5216.621744538366,74.07289002557545
orlando,2024-07-01,12.0,0,5194.666016828714,74.06223358908781
philadelphia,2024-11-01,12.0,0,5189.281973249455,74.05157715260017
houston,2024-07-01,12.0,0,5187.940336221837,74.04092071611254
tampa,2024-05-01,12.0,0,5175.64568681697,74.03026427962489
palm_springs,2024-11-01,12.0,0,5098.085716375225,74.01960784313727
san_antonio,2024-11-01,12.0,0,5075.792619803894,74.00895140664962
nashville,2024-05-01,12.0,0,5075.690842202046,73.99829497016198
san_diego,2024-05-01,12.0,0,5067.289925699564,73.98763853367434
austin,2024-05-01,12.0,0,5041.064101199333,73.9769820971867
san_antonio,2024-05-01,12.0,0,5040.126369737766,73.96632566069906
san_diego,2024-11-01,12.0,0,5039.345995731529,73.95566922421143
saipan,2024-05-01,12.0,0,5032.602763643785,73.94501278772378
fort_myers,2024-11-01,12.0,0,5028.52306454093,73.93435635123615
austin,2024-11-01,12.0,0,5020.99999916592,73.92369991474851
salt_lake_city,2024-05-01,12.0,0,5015.337152028821,73.91304347826086
san_juan,2024-11-01,12.0,0,5011.517085035904,73.90238704177324
salt_lake_city,2024-11-01,12.0,0,5004.326064078119,73.89173060528559
kahului,2024-11-01,12.0,0,4984.73024357216,73.88107416879795
portland,2024-05-01,12.0,0,4980.1178976194715,73.87041773231032
san_juan,2024-05-01,12.0,0,4972.085637996885,73.85976129582268
melbourne,2024-05-01,12.0,0,4971.310260909914,73.84910485933503
nashville,2024-11-01,12.0,0,4970.7786436507795,73.8384484228474
oakland,2024-11-01,12.0,0,4969.99793386734,73.82779198635976
saipan,2024-11-01,12.0,0,4961.7222067212715,73.81713554987212
oakland,2024-05-01,12.0,0,4956.137257141288,73.80647911338448
san_francisco,2024-04-01,12.0,0,4953.9599768060625,73.79582267689685
san_jose,2024-05-01,12.0,0,4950.326975368707,73.78516624040921
raleigh,2024-11-01,12.0,0,4948.369679137333,73.77450980392157
newark,2024-08-01,12.0,0,4943.435897610539,73.76385336743392
palm_springs,2024-05-01,12.0,0,4936.972115124599,73.7531969309463
portland,2024-11-01,12.0,0,4934.047128966753,73.74254049445865
san_jose,2024-11-01,12.0,0,4933.338135894182,73.73188405797102
fresno,2024-05-01,12.0,0,4930.376855957889,73.72122762148338
fresno,2024-11-01,12.0,0,4929.174172192213,73.71057118499573
atlanta,2024-07-01,12.0,0,4925.517865422574,73.69991474850809
new_orleans,2024-05-01,12.0,0,4925.293537524577,73.68925831202046
ontario,2024-05-01,12.0,0,4925.205750885236,73.67860187553282
raleigh,2024-05-01,12.0,0,4924.958859350753,73.66794543904518
baltimore,2024-11-01,12.0,0,4924.50351409656,73.65728900255755
baltimore,2024-05-01,12.0,0,4923.63134376905,73.6466325660699
laguna_beach,2024-11-01,12.0,0,4922.534493522723,73.63597612958228
sacramento,2024-11-01,12.0,0,4917.409959091984,73.62531969309462
laguna_beach,2024-05-01,12.0,0,4914.053133265696,73.61466325660699
new_orleans,2024-11-01,12.0,0,4913.877962237869,73.60400682011935
ontario,2024-11-01,12.0,0,4907.811047848828,73.59335038363172
sacramento,2024-05-01,12.0,0,4906.493620203005,73.58269394714408
kona,2024-11-01,12.0,0,4906.2749942344335,73.57203751065644
west_palm_beach,2024-11-01,12.0,0,4904.537264319651,73.56138107416879
fort_myers,2024-05-01,12.0,0,4903.6577049444095,73.55072463768117
kahului,2024-05-01,12.0,0,4893.731274623652,73.54006820119352
denver,2024-06-01,12.0,0,4893.276675012551,73.52941176470588
cincinnati,2024-05-01,12.0,0,4885.038324590689,73.51875532821825
melbourne,2024-11-01,12.0,0,4883.182999311933,73.5080988917306
pittsburgh,2024-05-01,12.0,0,4880.713953046765,73.49744245524296
st._louis,2024-05-01,12.0,0,4879.300524026923,73.48678601875532
cincinnati,2024-11-01,12.0,0,4877.153982427403,73.47612958226769
pittsburgh,2024-11-01,12.0,0,4870.383626509842,73.46547314578005
st._louis,2024-11-01,12.0,0,4870.112356818758,73.45481670929242
cleveland,2024-05-01,12.0,0,4869.455946689281,73.44416027280477
washington,2024-07-01,12.0,0,4869.119013325673,73.43350383631714
newburgh,2024-05-01,12.0,0,4868.701997965271,73.4228473998295
anchorage,2024-05-01,12.0,0,4868.479632507571,73.41219096334186
mcallen,2024-11-01,12.0,0,4864.5654947354415,73.40153452685422
kauai_island,2024-11-01,12.0,0,4864.159081943804,73.39087809036658
dallas,2024-07-01,12.0,0,4863.952554487884,73.38022165387895
hartford,2024-05-01,12.0,0,4862.723361994488,73.36956521739131
newburgh,2024-11-01,12.0,0,4862.631273671266,73.35890878090366
mcallen,2024-05-01,12.0,0,4862.39835216739,73.34825234441603
sarasota,2024-11-01,12.0,0,4861.780893340686,73.33759590792839
reno,2024-05-01,12.0,0,4861.239327347723,73.32693947144075
columbus,2024-05-01,12.0,0,4860.508308948723,73.31628303495312
teterboro,2024-05-01,12.0,0,4860.15096218538,73.30562659846548
teterboro,2024-11-01,12.0,0,4860.129305650184,73.29497016197783
charleston,2024-05-01,12.0,0,4858.077786619349,73.2843137254902
indianapolis,2024-05-01,12.0,0,4858.018256784009,73.27365728900256
reno,2024-11-01,12.0,0,4857.677327234097,73.26300085251492
cleveland,2024-11-01,12.0,0,4854.458616861466,73.25234441602728
brownsville,2024-11-01,12.0,0,4853.84216627376,73.24168797953963
west_palm_beach,2024-05-01,12.0,0,4853.16632358688,73.23103154305201
hartford,2024-11-01,12.0,0,4852.7068043124855,73.22037510656436
bullhead_city,2024-11-01,12.0,0,4852.323003915936,73.20971867007673
white_plains,2024-05-01,12.0,0,4851.84194488373,73.19906223358909
white_plains,2024-11-01,12.0,0,4851.766277017657,73.18840579710145
brownsville,2024-05-01,12.0,0,4850.59357598666,73.1777493606138
atlantic_city,2024-05-01,12.0,0,4850.145106298299,73.16709292412618
kansas_city,2024-05-01,12.0,0,4850.112688409842,73.15643648763853
st._thomas_island,2024-05-01,12.0,0,4850.0154360445285,73.1457800511509
laredo,2024-11-01,12.0,0,4849.707483085835,73.13512361466326
scottsdale,2024-11-01,12.0,0,4849.361734645651,73.12446717817562
bedford,2024-05-01,12.0,0,4849.242889312362,73.11381074168798
st._thomas_island,2024-11-01,12.0,0,4849.199673549662,73.10315430520035
laredo,2024-05-01,12.0,0,4848.902575606582,73.0924978687127
buffalo,2024-11-01,12.0,0,4848.85396131256,73.08184143222506
buffalo,2024-05-01,12.0,0,4848.767537104403,73.07118499573743
kendall-tamiami,2024-11-01,12.0,0,4848.735128423484,73.06052855924978
kansas_city,2024-11-01,12.0,0,4848.637903680399,73.04987212276215
van_nuys,2024-11-01,12.0,0,4848.610897153307,73.0392156862745
fairbanks,2024-05-01,12.0,0,4848.589292039933,73.02855924978687
bedford,2024-11-01,12.0,0,4848.519076086337,73.01790281329923
gulfport,2024-11-01,12.0,0,4848.454262262471,73.0072463768116
bullhead_city,2024-05-01,12.0,0,4848.394850351719,72.99658994032396
naples,2024-11-01,12.0,0,4848.33003818848,72.98593350383632
van_nuys,2024-05-01,12.0,0,4848.308434326597,72.97527706734867
tuscon,2024-11-01,12.0,0,4848.276028714266,72.96462063086105
tuscon,2024-05-01,12.0,0,4848.135606897054,72.9539641943734
kendall-tamiami,2024-05-01,12.0,0,4848.119404641399,72.94330775788576
scottsdale,2024-05-01,12.0,0,4848.070798199311,72.93265132139813
el_paso,2024-11-01,12.0,0,4847.989788545433,72.92199488491049
boca_raton,2024-11-01,12.0,0,4847.968186199681,72.91133844842285
jacksonville,2024-11-01,12.0,0,4847.8763773041255,72.90068201193522
columbus,2024-11-01,12.0,0,4847.860175914805,72.89002557544757
el_paso,2024-05-01,12.0,0,4847.806171674767,72.87936913895993
anchorage,2024-11-01,12.0,0,4847.784570147201,72.8687127024723
atlantic_city,2024-11-01,12.0,0,4847.730566749406,72.85805626598464
conroe,2024-11-01,12.0,0,4847.72516644271,72.84739982949702
conroe,2024-05-01,12.0,0,4847.617161572191,72.83674339300937
addison,2024-11-01,12.0,0,4847.5955608868435,72.82608695652173
windsor_locks,2024-11-01,12.0,0,4847.590160730543,72.8154305200341
jacksonville,2024-05-01,12.0,0,4847.584760580259,72.80477408354646
milwaukee,2024-05-01,12.0,0,4847.530759408303,72.79411764705883
alexandria,2024-05-01,12.0,0,4847.514559174023,72.78346121057119
burlington,2024-11-01,12.0,0,4847.509159107958,72.77280477408354
omaha,2024-05-01,12.0,0,4847.503759047909,72.76214833759592
bangor,2024-05-01,12.0,0,4847.471358813956,72.75149190110827
sarasota,2024-05-01,12.0,0,4847.465958796015,72.74083546462063
carlsbad,2024-05-01,12.0,0,4847.411958947489,72.730179028133
wilmington,2024-05-01,12.0,0,4847.390359176511,72.71952259164536
norfolk,2024-11-01,12.0,0,4847.374159411442,72.70886615515771
windsor_locks,2024-05-01,12.0,0,4847.363359598134,72.69288150042625
norfolk,2024-05-01,12.0,0,4847.363359598134,72.69288150042625
boca_raton,2024-05-01,12.0,0,4847.352559808895,72.6768968456948
naples,2024-05-01,12.0,0,4847.33636017015,72.66624040920716
aguadilla,2024-11-01,12.0,0,4847.325560441058,72.65558397271951
greenville,2024-05-01,12.0,0,4847.303961055067,72.64492753623189
midland,2024-05-01,12.0,0,4847.293161398167,72.62894288150042
greenville,2024-11-01,12.0,0,4847.293161398167,72.62894288150042
bangor,2024-11-01,12.0,0,4847.260762571819,72.61295822676897
louisville,2024-05-01,12.0,0,4847.255362788488,72.60230179028133
burlington,2024-05-01,12.0,0,4847.22836396203,72.5916453537937
indianapolis,2024-11-01,12.0,0,4847.222964214783,72.58098891730606
rochester,2024-11-01,12.0,0,4847.212164738342,72.57033248081841
wilmington,2024-11-01,12.0,0,4847.190565857634,72.55967604433079
midland,2024-11-01,12.0,0,4847.179766453368,72.54901960784314
fargo,2024-05-01,12.0,0,4847.147368384949,72.52770673486786
sugar_land,2024-11-01,12.0,0,4847.147368384949,72.52770673486786
boise,2024-11-01,12.0,0,4847.147368384949,72.52770673486786
pontiac,2024-11-01,12.0,0,4847.1257697929705,72.50639386189258
providence,2024-05-01,12.0,0,4847.120370160012,72.49573742540495
farmingdale,2024-11-01,12.0,0,4847.114970533067,72.4850809889173
pontiac,2024-05-01,12.0,0,4847.104171297234,72.47442455242967
houma,2024-05-01,12.0,0,4847.098771688335,72.46376811594203
vail,2024-11-01,12.0,0,4847.087972488592,72.44778346121056
yuma,2024-11-01,12.0,0,4847.087972488592,72.44778346121056
boise,2024-05-01,12.0,0,4847.082572897738,72.42114236999147
charleston,2024-11-01,12.0,0,4847.082572897738,72.42114236999147
casper,2024-05-01,12.0,0,4847.082572897738,72.42114236999147
savannah,2024-11-01,12.0,0,4847.066374161277,72.3998294970162
rochester,2024-05-01,12.0,0,4847.050175478952,72.38917306052855
broomdield-co,2024-05-01,12.0,0,4847.02317779537,72.37318840579711
savannah,2024-05-01,12.0,0,4847.02317779537,72.37318840579711
addison,2024-05-01,12.0,0,4847.017778276698,72.35720375106564
sugar_land,2024-05-01,12.0,0,4847.001579756778,72.346547314578
kenmore,2024-05-01,12.0,0,4846.996180262165,72.33589087809037
stuart,2024-05-01,12.0,0,4846.990780773574,72.32523444160273
oxford,2024-05-01,12.0,0,4846.974582343871,72.3145780051151
dallas-fort_worth,2024-11-01,12.0,0,4846.969182879341,72.29859335038363
spokane,2024-11-01,12.0,0,4846.969182879341,72.29859335038363
albany,2024-11-01,12.0,0,4846.936786218434,72.28260869565217
carlsbad,2024-11-01,12.0,0,4846.931386795999,72.26662404092072
greensboro,2024-11-01,12.0,0,4846.931386795999,72.26662404092072
vail,2024-05-01,12.0,0,4846.920587969184,72.24531116794543
saginlaw,2024-05-01,12.0,0,4846.920587969184,72.24531116794543
fargo,2024-11-01,12.0,0,4846.915188564795,72.22932651321398
aguadilla,2024-05-01,12.0,0,4846.90978916643,72.21334185848252
great_falls,2024-11-01,12.0,0,4846.90978916643,72.21334185848252
providence,2024-11-01,12.0,0,4846.90438977407,72.19735720375107
erie,2024-05-01,12.0,0,4846.893591007396,72.1760443307758
memphis,2024-05-01,12.0,0,4846.893591007396,72.1760443307758
camp_springs,2024-05-01,12.0,0,4846.893591007396,72.1760443307758
des_moines,2024-05-01,12.0,0,4846.88279226479,72.14407502131287
raleigh-durham,2024-11-01,12.0,0,4846.88279226479,72.14407502131287
dayton,2024-11-01,12.0,0,4846.88279226479,72.14407502131287
columbia,2024-11-01,12.0,0,4846.877392902504,72.11743393009378
bellingham,2024-11-01,12.0,0,4846.877392902504,72.11743393009378
toledo,2024-05-01,12.0,0,4846.871993546233,72.08546462063086
omaha,2024-11-01,12.0,0,4846.871993546233,72.08546462063086
bellingham,2024-05-01,12.0,0,4846.871993546233,72.08546462063086
green_bay,2024-11-01,12.0,0,4846.871993546233,72.08546462063086
fort_pierce,2024-11-01,12.0,0,4846.866594195986,72.05882352941177
great_falls,2024-05-01,12.0,0,4846.8611948517455,72.0428388746803
lexington_ky,2024-11-01,12.0,0,4846.8611948517455,72.0428388746803
west_hampton_beach,2024-05-01,12.0,0,4846.855795513519,72.02685421994885
rogers,2024-05-01,12.0,0,4846.8503961813085,72.01619778346121
wichita,2024-11-01,12.0,0,4846.84499685512,72.00021312872975
memphis,2024-11-01,12.0,0,4846.84499685512,72.00021312872975
grand_rapids,2024-05-01,12.0,0,4846.834198220771,71.96824381926685
friday_harbor,2024-05-01,12.0,0,4846.834198220771,71.96824381926685
stuart,2024-11-01,12.0,0,4846.834198220771,71.96824381926685
mesa,2024-11-01,12.0,0,4846.834198220771,71.96824381926685
morristown,2024-05-01,12.0,0,4846.8287989126275,71.94160272804774
south_bend,2024-05-01,12.0,0,4846.82339961049,71.92028985507247
broomdield-co,2024-11-01,12.0,0,4846.82339961049,71.92028985507247
kalispell,2024-05-01,12.0,0,4846.82339961049,71.92028985507247
sioux_falls,2024-11-01,12.0,0,4846.8126010242595,71.89364876385336
st._petersburg,2024-11-01,12.0,0,4846.8126010242595,71.89364876385336
des_moines,2024-11-01,12.0,0,4846.807201740175,71.87766410912191
minot,2024-05-01,12.0,0,4846.801802462097,71.86167945439045
san_bernardino,2024-11-01,12.0,0,4846.801802462097,71.86167945439045
erie,2024-11-01,12.0,0,4846.796403190033,71.845694799659
raleigh-durham,2024-05-01,12.0,0,4846.791003923983,71.82438192668373
scranton,2024-05-01,12.0,0,4846.791003923983,71.82438192668373
vail:eagle,2024-05-01,12.0,0,4846.791003923983,71.82438192668373
st._petersburg,2024-05-01,12.0,0,4846.785604663958,71.7924126172208
west_chicago,2024-11-01,12.0,0,4846.785604663958,71.7924126172208
baton_rouge,2024-05-01,12.0,0,4846.785604663958,71.7924126172208
spokane,2024-05-01,12.0,0,4846.780205409938,71.77109974424553
fort_pierce,2024-05-01,12.0,0,4846.774806161933,71.76044330775788
angleton,2024-05-01,12.0,0,4846.769406919943,71.74445865302643
milwaukee,2024-11-01,12.0,0,4846.769406919943,71.74445865302643
leesburg,2024-11-01,12.0,0,4846.764007683976,71.72314578005115
greensboro,2024-05-01,12.0,0,4846.764007683976,71.72314578005115
little_rock,2024-11-01,12.0,0,4846.758608454015,71.69650468883205
pensacola,2024-05-01,12.0,0,4846.758608454015,71.69650468883205
st._paul,2024-11-01,12.0,0,4846.758608454015,71.69650468883205
wichita,2024-05-01,12.0,0,4846.753209230069,71.66453537936914
moline,2024-11-01,12.0,0,4846.753209230069,71.66453537936914
tallahassee,2024-05-01,12.0,0,4846.753209230069,71.66453537936914
st._paul,2024-05-01,12.0,0,4846.747810012146,71.63789428815004
grant_county_airport,2024-05-01,12.0,0,4846.747810012146,71.63789428815004
st._thomas,2024-05-01,12.0,0,4846.742410800229,71.61658141517476
fort_worth,2024-11-01,12.0,0,4846.742410800229,71.61658141517476
sioux_falls,2024-05-01,12.0,0,4846.731612394439,71.58461210571186
toledo,2024-11-01,12.0,0,4846.731612394439,71.58461210571186
binghamton,2024-05-01,12.0,0,4846.731612394439,71.58461210571186
gary,2024-05-01,12.0,0,4846.731612394439,71.58461210571186
chicago-wheeling,2024-05-01,12.0,0,4846.726213200574,71.55264279624893
trenton,2024-05-01,12.0,0,4846.726213200574,71.55264279624893
dallas-fort_worth,2024-05-01,12.0,0,4846.720814012717,71.52600170502984
albuquerque,2024-05-01,12.0,0,4846.720814012717,71.52600170502984
rogers,2024-11-01,12.0,0,4846.720814012717,71.52600170502984
lakeland,2024-11-01,12.0,0,4846.715414830873,71.46739130434783
santa_ana,2024-11-01,12.0,0,4846.715414830873,71.46739130434783
casper,2024-11-01,12.0,0,4846.715414830873,71.46739130434783
chicago-wheeling,2024-11-01,12.0,0,4846.715414830873,71.46739130434783
north_kingstown,2024-11-01,12.0,0,4846.715414830873,71.46739130434783
springfield,2024-05-01,12.0,0,4846.715414830873,71.46739130434783
west_hampton_beach,2024-11-01,12.0,0,4846.715414830873,71.46739130434783
santa_teresa,2024-05-01,12.0,0,4846.715414830873,71.46739130434783
mesa,2024-05-01,12.0,0,4846.710015655043,71.41943734015345
bozeman,2024-11-01,12.0,0,4846.704616485237,71.39812446717816
myrtle_beach,2024-05-01,12.0,0,4846.704616485237,71.39812446717816
lexington_ky,2024-05-01,12.0,0,4846.704616485237,71.39812446717816
manchester,2024-05-01,12.0,0,4846.699217321438,71.35549872122762
nogales,2024-05-01,12.0,0,4846.699217321438,71.35549872122762
lakeland,2024-05-01,12.0,0,4846.699217321438,71.35549872122762
binghamton,2024-11-01,12.0,0,4846.699217321438,71.35549872122762
farmingdale,2024-05-01,12.0,0,4846.699217321438,71.35549872122762
richmond,2024-05-01,12.0,0,4846.693818163652,71.31287297527706
st._augustine_airport,2024-11-01,12.0,0,4846.693818163652,71.31287297527706
fort_wayne,2024-05-01,12.0,0,4846.693818163652,71.31287297527706
minot,2024-11-01,12.0,0,4846.688419011882,71.28623188405797
dayton,2024-05-01,12.0,0,4846.688419011882,71.28623188405797
fort_wayne,2024-11-01,12.0,0,4846.683019866134,71.25426257459505
jackson,2024-11-01,12.0,0,4846.683019866134,71.25426257459505
kona,2024-05-01,12.0,0,4846.683019866134,71.25426257459505
appleton,2024-05-01,12.0,0,4846.683019866134,71.25426257459505
fort_worth,2024-05-01,12.0,0,4846.677620726393,71.22229326513214
fairfield,2024-05-01,12.0,0,4846.677620726393,71.22229326513214
oklahoma_city,2024-05-01,12.0,0,4846.672221592666,71.20630861040068
corpus_christi,2024-05-01,12.0,0,4846.666822464962,71.18499573742541
holland,2024-05-01,12.0,0,4846.666822464962,71.18499573742541
marathon,2024-05-01,12.0,0,4846.666822464962,71.18499573742541
friday_harbor,2024-11-01,12.0,0,4846.661423343264,71.1583546462063
racine,2024-05-01,12.0,0,4846.661423343264,71.1583546462063
st._croix_island,2024-11-01,12.0,0,4846.656024227581,71.12105711849958
new_bedford,2024-11-01,12.0,0,4846.656024227581,71.12105711849958
birmingham,2024-05-01,12.0,0,4846.656024227581,71.12105711849958
tulsa,2024-05-01,12.0,0,4846.656024227581,71.12105711849958
louisville,2024-11-01,12.0,0,4846.656024227581,71.12105711849958
syracuse,2024-05-01,12.0,0,4846.650625117912,71.08375959079284
saratoga,2024-05-01,12.0,0,4846.650625117912,71.08375959079284
scranton,2024-11-01,12.0,0,4846.645226014266,71.04113384484229
kalispell,2024-11-01,12.0,0,4846.645226014266,71.04113384484229
niagara_falls,2024-05-01,12.0,0,4846.645226014266,71.04113384484229
port_clinton,2024-05-01,12.0,0,4846.645226014266,71.04113384484229
duluth,2024-05-01,12.0,0,4846.645226014266,71.04113384484229
brunswick,2024-11-01,12.0,0,4846.645226014266,71.04113384484229
grand_rapids,2024-11-01,12.0,0,4846.639826916627,70.97719522591646
monterey,2024-05-01,12.0,0,4846.639826916627,70.97719522591646
morristown,2024-11-01,12.0,0,4846.639826916627,70.97719522591646
portsmouth,2024-05-01,12.0,0,4846.639826916627,70.97719522591646
peoria,2024-05-01,12.0,0,4846.639826916627,70.97719522591646
west_chicago,2024-05-01,12.0,0,4846.639826916627,70.97719522591646
bozeman,2024-05-01,12.0,0,4846.634427825001,70.90260017050298
colorado_springs,2024-11-01,12.0,0,4846.634427825001,70.90260017050298
camp_springs,2024-11-01,12.0,0,4846.634427825001,70.90260017050298
ketchikan,2024-05-01,12.0,0,4846.634427825001,70.90260017050298
north_bend,2024-11-01,12.0,0,4846.634427825001,70.90260017050298
gary,2024-11-01,12.0,0,4846.634427825001,70.90260017050298
oklahoma_city,2024-11-01,12.0,0,4846.634427825001,70.90260017050298
port_clinton,2024-11-01,12.0,0,4846.634427825001,70.90260017050298
springfield,2024-11-01,12.0,0,4846.62902873939,70.83333333333334
syracuse,2024-11-01,12.0,0,4846.62902873939,70.83333333333334
green_bay,2024-05-01,12.0,0,4846.62902873939,70.83333333333334
richmond,2024-11-01,12.0,0,4846.62902873939,70.83333333333334
sault_ste_marie,2024-05-01,12.0,0,4846.62902873939,70.83333333333334
harrisburg,2024-11-01,12.0,0,4846.623629659803,70.78537936913895
little_rock,2024-05-01,12.0,0,4846.623629659803,70.78537936913895
birmingham,2024-11-01,12.0,0,4846.623629659803,70.78537936913895
chattanooga,2024-05-01,12.0,0,4846.623629659803,70.78537936913895
key_west,2024-05-01,12.0,0,4846.618230586221,70.73209718670077
sheboygan,2024-05-01,12.0,0,4846.618230586221,70.73209718670077
new_bedford,2024-05-01,12.0,0,4846.618230586221,70.73209718670077
del_rio,2024-11-01,12.0,0,4846.618230586221,70.73209718670077
south_bend,2024-11-01,12.0,0,4846.618230586221,70.73209718670077
manassas,2024-11-01,12.0,0,4846.618230586221,70.73209718670077
huntsville,2024-11-01,12.0,0,4846.612831518654,70.67881500426257
winston_salem,2024-11-01,12.0,0,4846.612831518654,70.67881500426257
corpus_christi,2024-11-01,12.0,0,4846.612831518654,70.67881500426257
daytona_beach,2024-11-01,12.0,0,4846.612831518654,70.67881500426257
nogales,2024-11-01,12.0,0,4846.607432457101,70.6042199488491
grant_county_airport,2024-11-01,12.0,0,4846.607432457101,70.6042199488491
harlingen,2024-05-01,12.0,0,4846.607432457101,70.6042199488491
bristol,2024-05-01,12.0,0,4846.607432457101,70.6042199488491
harrisburg,2024-05-01,12.0,0,4846.607432457101,70.6042199488491
sanford,2024-05-01,12.0,0,4846.607432457101,70.6042199488491
calexico,2024-11-01,12.0,0,4846.607432457101,70.6042199488491
broomfield,2024-05-01,12.0,0,4846.607432457101,70.6042199488491
fairbanks,2024-11-01,12.0,0,4846.607432457101,70.6042199488491
plattsburgh,2024-05-01,12.0,0,4846.607432457101,70.6042199488491
baton_rouge,2024-11-01,12.0,0,4846.602033401572,70.5242966751918
port_angeles,2024-05-01,12.0,0,4846.602033401572,70.5242966751918
calexico,2024-05-01,12.0,0,4846.602033401572,70.5242966751918
columbia,2024-05-01,12.0,0,4846.602033401572,70.5242966751918
st._thomas,2024-11-01,12.0,0,4846.602033401572,70.5242966751918
monterey,2024-11-01,12.0,0,4846.596634352048,70.46035805626599
moses_lake,2024-11-01,12.0,0,4846.596634352048,70.46035805626599
albany,2024-05-01,12.0,0,4846.596634352048,70.46035805626599
duluth,2024-11-01,12.0,0,4846.596634352048,70.46035805626599
key_west,2024-11-01,12.0,0,4846.596634352048,70.46035805626599
hillsboro,2024-05-01,12.0,0,4846.596634352048,70.46035805626599
santa_teresa,2024-11-01,12.0,0,4846.596634352048,70.46035805626599
sanford,2024-11-01,12.0,0,4846.591235308539,70.39641943734016
dover-cheswold,2024-11-01,12.0,0,4846.591235308539,70.39641943734016
manassas,2024-05-01,12.0,0,4846.591235308539,70.39641943734016
winston-salem,2024-11-01,12.0,0,4846.591235308539,70.39641943734016
niagara_falls,2024-11-01,12.0,0,4846.591235308539,70.39641943734016
international_falls,2024-05-01,12.0,0,4846.585836271052,70.34313725490196
portsmouth,2024-11-01,12.0,0,4846.585836271052,70.34313725490196
moses_lake,2024-05-01,12.0,0,4846.585836271052,70.34313725490196
tulsa,2024-11-01,12.0,0,4846.585836271052,70.34313725490196
akron,2024-05-01,12.0,0,4846.585836271052,70.34313725490196
grand_forks,2024-05-01,12.0,0,4846.580437239572,70.28452685421995
harlingen,2024-11-01,12.0,0,4846.580437239572,70.28452685421995
vail:eagle,2024-11-01,12.0,0,4846.580437239572,70.28452685421995
daytona_beach,2024-05-01,12.0,0,4846.580437239572,70.28452685421995
chattanooga,2024-11-01,12.0,0,4846.580437239572,70.28452685421995
rockford,2024-05-01,12.0,0,4846.580437239572,70.28452685421995
champaign,2024-11-01,12.0,0,4846.575038214106,70.2152600170503
albuquerque,2024-11-01,12.0,0,4846.575038214106,70.2152600170503
tacoma,2024-05-01,12.0,0,4846.575038214106,70.2152600170503
georgetown,2024-05-01,12.0,0,4846.575038214106,70.2152600170503
peoria,2024-11-01,12.0,0,4846.575038214106,70.2152600170503
aiken,2024-05-01,12.0,0,4846.575038214106,70.2152600170503
st._augustine_airport,2024-05-01,12.0,0,4846.575038214106,70.2152600170503
presque_isle,2024-05-01,12.0,0,4846.569639194655,70.1033674339301
san_bernardino,2024-05-01,12.0,0,4846.569639194655,70.1033674339301
cocoa,2024-05-01,12.0,0,4846.569639194655,70.1033674339301
tokeen,2024-05-01,12.0,0,4846.569639194655,70.1033674339301
pasco,2024-05-01,12.0,0,4846.569639194655,70.1033674339301
knoxville,2024-05-01,12.0,0,4846.569639194655,70.1033674339301
vero_beach,2024-05-01,12.0,0,4846.569639194655,70.1033674339301
hilton_head_island,2024-05-01,12.0,0,4846.569639194655,70.1033674339301
gulf_shores,2024-05-01,12.0,0,4846.569639194655,70.1033674339301
kalamazoo,2024-11-01,12.0,0,4846.569639194655,70.1033674339301
port_huron,2024-05-01,12.0,0,4846.569639194655,70.1033674339301
amarillo,2024-11-01,12.0,0,4846.569639194655,70.1033674339301
aspen,2024-11-01,12.0,0,4846.569639194655,70.1033674339301
knoxville,2024-11-01,12.0,0,4846.569639194655,70.1033674339301
massena,2024-05-01,12.0,0,4846.5642401812265,69.95417732310315
presque_isle,2024-11-01,12.0,0,4846.5642401812265,69.95417732310315
aspen,2024-05-01,12.0,0,4846.5642401812265,69.95417732310315
eagle_pass,2024-11-01,12.0,0,4846.5642401812265,69.95417732310315
presidio,2024-11-01,12.0,0,4846.5642401812265,69.95417732310315
islip,2024-05-01,12.0,0,4846.5642401812265,69.95417732310315
massena,2024-11-01,12.0,0,4846.5642401812265,69.95417732310315
westhampton,2024-05-01,12.0,0,4846.5642401812265,69.95417732310315
bristol,2024-11-01,12.0,0,4846.5642401812265,69.95417732310315
everett,2024-05-01,12.0,0,4846.5642401812265,69.95417732310315
pompano_beach,2024-11-01,12.0,0,4846.5642401812265,69.95417732310315
watertown,2024-11-01,12.0,0,4846.5642401812265,69.95417732310315
venice,2024-11-01,12.0,0,4846.5642401812265,69.95417732310315
barnstable,2024-05-01,12.0,0,4846.5642401812265,69.95417732310315
coeur_d'alene,2024-05-01,12.0,0,4846.558841173804,69.79433077578857
cocoa,2024-11-01,12.0,0,4846.558841173804,69.79433077578857
mobile,2024-05-01,12.0,0,4846.558841173804,69.79433077578857
eagle_pass,2024-05-01,12.0,0,4846.558841173804,69.79433077578857
cutbank,2024-05-01,12.0,0,4846.558841173804,69.79433077578857
fort_collins,2024-11-01,12.0,0,4846.558841173804,69.79433077578857
renton,2024-11-01,12.0,0,4846.558841173804,69.79433077578857
groton,2024-05-01,12.0,0,4846.558841173804,69.79433077578857
northway,2024-05-01,12.0,0,4846.558841173804,69.79433077578857
clinton,2024-11-01,12.0,0,4846.558841173804,69.79433077578857
mason_city,2024-05-01,12.0,0,4846.558841173804,69.79433077578857
dickinson,2024-05-01,12.0,0,4846.558841173804,69.79433077578857
shreveport,2024-11-01,12.0,0,4846.558841173804,69.79433077578857
amarillo,2024-05-01,12.0,0,4846.558841173804,69.79433077578857
new_haven,2024-11-01,12.0,0,4846.558841173804,69.79433077578857
winston-salem,2024-05-01,12.0,0,4846.558841173804,69.79433077578857
sheboygan,2024-11-01,12.0,0,4846.553442172396,69.65046888320545
belleville,2024-05-01,12.0,0,4846.553442172396,69.65046888320545
guam,2024-11-01,12.0,0,4846.553442172396,69.65046888320545
colorado_springs,2024-05-01,12.0,0,4846.553442172396,69.65046888320545
newport_news,2024-05-01,12.0,0,4846.553442172396,69.65046888320545
trenton,2024-11-01,12.0,0,4846.553442172396,69.65046888320545
rockford,2024-11-01,12.0,0,4846.553442172396,69.65046888320545
leesburg,2024-05-01,12.0,0,4846.553442172396,69.65046888320545
worcester,2024-11-01,12.0,0,4846.553442172396,69.65046888320545
port_angeles,2024-11-01,12.0,0,4846.553442172396,69.65046888320545
valdez,2024-05-01,12.0,0,4846.553442172396,69.65046888320545
dover-cheswold,2024-05-01,12.0,0,4846.548043177002,69.47463768115942
montreal,2024-11-01,12.0,0,4846.548043177002,69.47463768115942
greensboro:high_poin,2024-11-01,12.0,0,4846.548043177002,69.47463768115942
manchester,2024-11-01,12.0,0,4846.548043177002,69.47463768115942
allentown,2024-11-01,12.0,0,4846.548043177002,69.47463768115942
battle_creek,2024-11-01,12.0,0,4846.548043177002,69.47463768115942
fort_collins,2024-05-01,12.0,0,4846.548043177002,69.47463768115942
venice,2024-05-01,12.0,0,4846.548043177002,69.47463768115942
flint,2024-11-01,12.0,0,4846.548043177002,69.47463768115942
baudette,2024-05-01,12.0,0,4846.548043177002,69.47463768115942
victorville,2024-11-01,12.0,0,4846.548043177002,69.47463768115942
elmira,2024-05-01,12.0,0,4846.548043177002,69.47463768115942
marathon,2024-11-01,12.0,0,4846.548043177002,69.47463768115942
grand_forks,2024-11-01,12.0,0,4846.548043177002,69.47463768115942
napa,2024-05-01,12.0,0,4846.548043177002,69.47463768115942
hickory,2024-11-01,12.0,0,4846.548043177002,69.47463768115942
charlottesville,2024-11-01,12.0,0,4846.548043177002,69.47463768115942
panama_city,2024-05-01,12.0,0,4846.548043177002,69.47463768115942
beaufort,2024-11-01,12.0,0,4846.548043177002,69.47463768115942
anacortes,2024-05-01,12.0,0,4846.548043177002,69.47463768115942
flagstaff,2024-11-01,12.0,0,4846.548043177002,69.47463768115942
mobile,2024-11-01,12.0,0,4846.548043177002,69.47463768115942
billings,2024-11-01,12.0,0,4846.542644187632,69.22953964194375
lubbock,2024-11-01,12.0,0,4846.542644187632,69.22953964194375
pinehurst-southern_pines,2024-05-01,12.0,0,4846.542644187632,69.22953964194375
moline,2024-05-01,12.0,0,4846.542644187632,69.22953964194375
tokeen,2024-11-01,12.0,0,4846.542644187632,69.22953964194375
rapid_city,2024-05-01,12.0,0,4846.542644187632,69.22953964194375
long_beach,2024-11-01,12.0,0,4846.542644187632,69.22953964194375
olympia,2024-05-01,12.0,0,4846.542644187632,69.22953964194375
battle_creek,2024-05-01,12.0,0,4846.542644187632,69.22953964194375
guam,2024-05-01,12.0,0,4846.542644187632,69.22953964194375
st._croix_island,2024-05-01,12.0,0,4846.542644187632,69.22953964194375
lake_charles,2024-05-01,12.0,0,4846.542644187632,69.22953964194375
huntsville,2024-05-01,12.0,0,4846.542644187632,69.22953964194375
vero_beach,2024-11-01,12.0,0,4846.542644187632,69.22953964194375
saginlaw,2024-11-01,12.0,0,4846.542644187632,69.22953964194375
new_haven,2024-05-01,12.0,0,4846.542644187632,69.22953964194375
port_huron,2024-11-01,12.0,0,4846.542644187632,69.22953964194375
belmar,2024-11-01,12.0,0,4846.542644187632,69.22953964194375
windsor,2024-05-01,12.0,0,4846.542644187632,69.22953964194375
page,2024-11-01,12.0,0,4846.542644187632,69.22953964194375
del_rio,2024-05-01,12.0,0,4846.542644187632,69.22953964194375
fort_collins:lovelan,2024-05-01,12.0,0,4846.542644187632,69.22953964194375
boulder_city,2024-11-01,12.0,0,4846.542644187632,69.22953964194375
weslaco,2024-05-01,12.0,0,4846.542644187632,69.22953964194375
concord,2024-11-01,12.0,0,4846.537245204267,68.91517476555839
bloomington,2024-11-01,12.0,0,4846.537245204267,68.91517476555839
oroville,2024-11-01,12.0,0,4846.537245204267,68.91517476555839
idaho_falls,2024-11-01,12.0,0,4846.537245204267,68.91517476555839
lubbock,2024-05-01,12.0,0,4846.537245204267,68.91517476555839
bloomington:normal,2024-05-01,12.0,0,4846.537245204267,68.91517476555839
morgantown,2024-05-01,12.0,0,4846.537245204267,68.91517476555839
renton,2024-05-01,12.0,0,4846.537245204267,68.91517476555839
athens,2024-11-01,12.0,0,4846.537245204267,68.91517476555839
georgetown,2024-11-01,12.0,0,4846.537245204267,68.91517476555839
destin,2024-05-01,12.0,0,4846.537245204267,68.91517476555839
fayetteville,2024-11-01,12.0,0,4846.537245204267,68.91517476555839
placida,2024-05-01,12.0,0,4846.537245204267,68.91517476555839
weslaco,2024-11-01,12.0,0,4846.537245204267,68.91517476555839
kalamazoo,2024-05-01,12.0,0,4846.537245204267,68.91517476555839
oxford,2024-11-01,12.0,0,4846.537245204267,68.91517476555839
moab,2024-11-01,12.0,0,4846.537245204267,68.91517476555839
gulfport,2024-05-01,12.0,0,4846.537245204267,68.91517476555839
vineyard_haven,2024-05-01,12.0,0,4846.537245204267,68.91517476555839
barnstable,2024-11-01,12.0,0,4846.537245204267,68.91517476555839
lexington,2024-05-01,12.0,0,4846.537245204267,68.91517476555839
waco,2024-11-01,12.0,0,4846.537245204267,68.91517476555839
huntington,2024-05-01,12.0,0,4846.537245204267,68.91517476555839
burbank,2024-11-01,12.0,0,4846.537245204267,68.91517476555839
waukegan,2024-05-01,12.0,0,4846.537245204267,68.91517476555839
houma,2024-11-01,12.0,0,4846.537245204267,68.91517476555839
galveston,2024-11-01,12.0,0,4846.537245204267,68.91517476555839
nome,2024-05-01,12.0,0,4846.537245204267,68.91517476555839
kenmore,2024-11-01,12.0,0,4846.537245204267,68.91517476555839
lihue,2024-05-01,12.0,0,4846.537245204267,68.91517476555839
lafayette,2024-05-01,12.0,0,4846.537245204267,68.91517476555839
galveston,2024-05-01,12.0,0,4846.537245204267,68.91517476555839
beverly,2024-05-01,12.0,0,4846.537245204267,68.91517476555839
lansing,2024-05-01,12.0,0,4846.537245204267,68.91517476555839
appleton,2024-11-01,12.0,0,4846.537245204267,68.91517476555839
yuma,2024-05-01,12.0,0,4846.531846226916,68.57949701619779
north_kingstown,2024-05-01,12.0,0,4846.531846226916,68.57949701619779
ceiba,2024-05-01,12.0,0,4846.531846226916,68.57949701619779
cutbank,2024-11-01,12.0,0,4846.531846226916,68.57949701619779
reading,2024-05-01,12.0,0,4846.531846226916,68.57949701619779
ithaca,2024-11-01,12.0,0,4846.531846226916,68.57949701619779
pittsfield,2024-11-01,12.0,0,4846.531846226916,68.57949701619779
jackson,2024-05-01,12.0,0,4846.531846226916,68.57949701619779
tacoma,2024-11-01,12.0,0,4846.531846226916,68.57949701619779
toronto,2024-05-01,12.0,0,4846.531846226916,68.57949701619779
sault_ste_marie,2024-11-01,12.0,0,4846.531846226916,68.57949701619779
idaho_falls,2024-05-01,12.0,0,4846.531846226916,68.57949701619779
plattsburgh,2024-11-01,12.0,0,4846.531846226916,68.57949701619779
watertown,2024-05-01,12.0,0,4846.531846226916,68.57949701619779
allentown,2024-05-01,12.0,0,4846.531846226916,68.57949701619779
yakima,2024-11-01,12.0,0,4846.531846226916,68.57949701619779
beaufort,2024-05-01,12.0,0,4846.531846226916,68.57949701619779
burlington:mount_vernon,2024-05-01,12.0,0,4846.531846226916,68.57949701619779
flint,2024-05-01,12.0,0,4846.531846226916,68.57949701619779
international_falls,2024-11-01,12.0,0,4846.531846226916,68.57949701619779
mountain_view,2024-05-01,12.0,0,4846.531846226916,68.57949701619779
warroad,2024-11-01,12.0,0,4846.531846226916,68.57949701619779
schenectady,2024-05-01,12.0,0,4846.531846226916,68.57949701619779
pensacola,2024-11-01,12.0,0,4846.531846226916,68.57949701619779
madison,2024-11-01,12.0,0,4846.531846226916,68.57949701619779
unknown,2024-05-01,12.0,0,4846.531846226916,68.57949701619779
islip,2024-11-01,12.0,0,4846.531846226916,68.57949701619779
hilton_head_island,2024-11-01,12.0,0,4846.531846226916,68.57949701619779
glendale,2024-11-01,12.0,0,4846.526447255579,68.21184995737426
newport,2024-11-01,12.0,0,4846.526447255579,68.21184995737426
henderson,2024-11-01,12.0,0,4846.526447255579,68.21184995737426
chino,2024-05-01,12.0,0,4846.526447255579,68.21184995737426
hayward,2024-05-01,12.0,0,4846.526447255579,68.21184995737426
southern_pines,2024-11-01,12.0,0,4846.526447255579,68.21184995737426
rifle,2024-05-01,12.0,0,4846.526447255579,68.21184995737426
pompano_beach,2024-05-01,12.0,0,4846.526447255579,68.21184995737426
santa_barbara,2024-11-01,12.0,0,4846.526447255579,68.21184995737426
roanoke,2024-11-01,12.0,0,4846.526447255579,68.21184995737426
kennesaw,2024-05-01,12.0,0,4846.526447255579,68.21184995737426
key_largo,2024-11-01,12.0,0,4846.526447255579,68.21184995737426
okeechobee,2024-11-01,12.0,0,4846.526447255579,68.21184995737426
marco_island,2024-05-01,12.0,0,4846.526447255579,68.21184995737426
peterborough,2024-11-01,12.0,0,4846.526447255579,68.21184995737426
racine,2024-11-01,12.0,0,4846.526447255579,68.21184995737426
peru,2024-11-01,12.0,0,4846.526447255579,68.21184995737426
santa_barbara,2024-05-01,12.0,0,4846.526447255579,68.21184995737426
lexington,2024-11-01,12.0,0,4846.526447255579,68.21184995737426
coatesville,2024-11-01,12.0,0,4846.526447255579,68.21184995737426
fort_dix,2024-05-01,12.0,0,4846.526447255579,68.21184995737426
asheville,2024-11-01,12.0,0,4846.526447255579,68.21184995737426
burlington:mount_vernon,2024-11-01,12.0,0,4846.526447255579,68.21184995737426
myrtle_beach,2024-11-01,12.0,0,4846.526447255579,68.21184995737426
traverse_city,2024-05-01,12.0,0,4846.526447255579,68.21184995737426
waukegan,2024-11-01,12.0,0,4846.526447255579,68.21184995737426
cunnamulla,2024-05-01,12.0,0,4846.526447255579,68.21184995737426
sirnak,2024-11-01,12.0,0,4846.526447255579,68.21184995737426
nantucket,2024-05-01,12.0,0,4846.526447255579,68.21184995737426
caribou,2024-05-01,12.0,0,4846.526447255579,68.21184995737426
akron,2024-11-01,12.0,0,4846.526447255579,68.21184995737426
jacksn_hole,2024-05-01,12.0,0,4846.526447255579,68.21184995737426
rosewell,2024-11-01,12.0,0,4846.526447255579,68.21184995737426
lincoln,2024-11-01,12.0,0,4846.526447255579,68.21184995737426
hillsboro,2024-11-01,12.0,0,4846.526447255579,68.21184995737426
brooksville,2024-11-01,12.0,0,4846.526447255579,68.21184995737426
hailey,2024-11-01,12.0,0,4846.526447255579,68.21184995737426
san_luis_obispo,2024-05-01,12.0,0,4846.526447255579,68.21184995737426
easton,2024-05-01,12.0,0,4846.526447255579,68.21184995737426
coeur_d'alene,2024-11-01,12.0,0,4846.526447255579,68.21184995737426
westhampton,2024-11-01,12.0,0,4846.526447255579,68.21184995737426
culebra_island,2024-05-01,12.0,0,4846.521048290267,67.80157715260017
champaign,2024-05-01,12.0,0,4846.521048290267,67.80157715260017
greenwood,2024-05-01,12.0,0,4846.521048290267,67.80157715260017
kingston,2024-11-01,12.0,0,4846.521048290267,67.80157715260017
porthill,2024-05-01,12.0,0,4846.521048290267,67.80157715260017
du_bois,2024-05-01,12.0,0,4846.521048290267,67.80157715260017
ames,2024-05-01,12.0,0,4846.521048290267,67.80157715260017
fort_dix,2024-11-01,12.0,0,4846.521048290267,67.80157715260017
palm_desert,2024-05-01,12.0,0,4846.521048290267,67.80157715260017
scotia,2024-11-01,12.0,0,4846.521048290267,67.80157715260017
plymouth,2024-11-01,12.0,0,4846.521048290267,67.80157715260017
fairfield,2024-11-01,12.0,0,4846.521048290267,67.80157715260017
santa_ana,2024-05-01,12.0,0,4846.521048290267,67.80157715260017
beaumont,2024-05-01,12.0,0,4846.521048290267,67.80157715260017
groton,2024-11-01,12.0,0,4846.521048290267,67.80157715260017
bakersfield,2024-05-01,12.0,0,4846.521048290267,67.80157715260017
lima,2024-05-01,12.0,0,4846.521048290267,67.80157715260017
ceiba,2024-11-01,12.0,0,4846.521048290267,67.80157715260017
lafayette,2024-11-01,12.0,0,4846.521048290267,67.80157715260017
saranac_lake,2024-05-01,12.0,0,4846.521048290267,67.80157715260017
clemson,2024-05-01,12.0,0,4846.521048290267,67.80157715260017
cheyenne,2024-05-01,12.0,0,4846.521048290267,67.80157715260017
helena,2024-05-01,12.0,0,4846.521048290267,67.80157715260017
pierre,2024-11-01,12.0,0,4846.521048290267,67.80157715260017
lorain-elyria,2024-11-01,12.0,0,4846.521048290267,67.80157715260017
durango,2024-11-01,12.0,0,4846.521048290267,67.80157715260017
terre_haute,2024-05-01,12.0,0,4846.521048290267,67.80157715260017
sebring,2024-11-01,12.0,0,4846.521048290267,67.80157715260017
gustavia,2024-05-01,12.0,0,4846.521048290267,67.80157715260017
jackman,2024-05-01,12.0,0,4846.521048290267,67.80157715260017
ogdensburg,2024-05-01,12.0,0,4846.521048290267,67.80157715260017
westfield,2024-11-01,12.0,0,4846.521048290267,67.80157715260017
stratford,2024-11-01,12.0,0,4846.521048290267,67.80157715260017
helena,2024-11-01,12.0,0,4846.521048290267,67.80157715260017
oroville,2024-05-01,12.0,0,4846.521048290267,67.80157715260017
lincoln,2024-05-01,12.0,0,4846.521048290267,67.80157715260017
douglas,2024-05-01,12.0,0,4846.515649330959,66.79987212276215
northway,2024-11-01,12.0,0,4846.515649330959,66.79987212276215
provo,2024-11-01,12.0,0,4846.515649330959,66.79987212276215
monroe,2024-11-01,12.0,0,4846.515649330959,66.79987212276215
lawrenceville,2024-05-01,12.0,0,4846.515649330959,66.79987212276215
clinton,2024-05-01,12.0,0,4846.515649330959,66.79987212276215
monroe,2024-05-01,12.0,0,4846.515649330959,66.79987212276215
toronto,2024-11-01,12.0,0,4846.515649330959,66.79987212276215
latrobe,2024-05-01,12.0,0,4846.515649330959,66.79987212276215
beaumont,2024-11-01,12.0,0,4846.515649330959,66.79987212276215
topeka,2024-11-01,12.0,0,4846.515649330959,66.79987212276215
newport_news,2024-11-01,12.0,0,4846.515649330959,66.79987212276215
lawton,2024-11-01,12.0,0,4846.515649330959,66.79987212276215
beverly,2024-11-01,12.0,0,4846.515649330959,66.79987212276215
bar_harbor,2024-05-01,12.0,0,4846.515649330959,66.79987212276215
dover,2024-05-01,12.0,0,4846.515649330959,66.79987212276215
lakehurst,2024-11-01,12.0,0,4846.515649330959,66.79987212276215
hailey,2024-05-01,12.0,0,4846.515649330959,66.79987212276215
grand_junction,2024-11-01,12.0,0,4846.515649330959,66.79987212276215
lake_jackson,2024-05-01,12.0,0,4846.515649330959,66.79987212276215
porthill,2024-11-01,12.0,0,4846.515649330959,66.79987212276215
winchester,2024-05-01,12.0,0,4846.515649330959,66.79987212276215
hagerstown,2024-11-01,12.0,0,4846.515649330959,66.79987212276215
eastport,2024-05-01,12.0,0,4846.515649330959,66.79987212276215
lihue,2024-11-01,12.0,0,4846.515649330959,66.79987212276215
belmar:farmingdale,2024-11-01,12.0,0,4846.515649330959,66.79987212276215
sault_ste._marie,2024-05-01,12.0,0,4846.515649330959,66.79987212276215
lansing,2024-11-01,12.0,0,4846.515649330959,66.79987212276215
lake_charles,2024-11-01,12.0,0,4846.515649330959,66.79987212276215
belmar:farmingdale,2024-05-01,12.0,0,4846.515649330959,66.79987212276215
shreveport,2024-05-01,12.0,0,4846.515649330959,66.79987212276215
haines,2024-05-01,12.0,0,4846.515649330959,66.79987212276215
presidio,2024-05-01,12.0,0,4846.515649330959,66.79987212276215
gulf_shores,2024-11-01,12.0,0,4846.515649330959,66.79987212276215
belmar,2024-05-01,12.0,0,4846.515649330959,66.79987212276215
douglas,2024-11-01,12.0,0,4846.515649330959,66.79987212276215
topeka,2024-05-01,12.0,0,4846.515649330959,66.79987212276215
tortola,2024-05-01,12.0,0,4846.515649330959,66.79987212276215
latrobe,2024-11-01,12.0,0,4846.515649330959,66.79987212276215
lawrence,2024-05-01,12.0,0,4846.515649330959,66.79987212276215
gonzales,2024-05-01,12.0,0,4846.515649330959,66.79987212276215
warroad,2024-05-01,12.0,0,4846.515649330959,66.79987212276215
eugene,2024-11-01,12.0,0,4846.515649330959,66.79987212276215
crane_lake,2024-05-01,12.0,0,4846.515649330959,66.79987212276215
eugene,2024-05-01,12.0,0,4846.515649330959,66.79987212276215
sagarai,2024-11-01,12.0,0,4846.515649330959,66.79987212276215
hunter_aaf,2024-11-01,12.0,0,4846.515649330959,66.79987212276215
worcester,2024-05-01,12.0,0,4846.515649330959,66.79987212276215
martha's_vineyard,2024-05-01,12.0,0,4846.515649330959,66.79987212276215
olathe,2024-05-01,12.0,0,4846.515649330959,66.79987212276215
burbank,2024-05-01,12.0,0,4846.515649330959,66.79987212276215
sagarai,2024-05-01,12.0,0,4846.515649330959,66.79987212276215
kenosha,2024-05-01,12.0,0,4846.515649330959,66.79987212276215
kenosha,2024-11-01,12.0,0,4846.515649330959,66.79987212276215
muscle_shoals,2024-05-01,12.0,0,4846.515649330959,66.79987212276215
rosewell,2024-05-01,12.0,0,4846.515649330959,66.79987212276215
terre_haute,2024-11-01,12.0,0,4846.515649330959,66.79987212276215
ashtabula,2024-05-01,10.183968462549277,1,4846.515649330959,66.79987212276215
hopkinsville,2024-05-01,12.0,0,4846.515649330959,66.79987212276215
brunswick,2024-05-01,12.0,0,4846.515649330959,66.79987212276215
ely,2024-05-01,12.0,0,4846.515649330959,66.79987212276215
elmira,2024-11-01,12.0,0,4846.515649330959,66.79987212276215
pinecreek,2024-05-01,12.0,0,4846.515649330959,66.79987212276215
santa_monica,2024-05-01,12.0,0,4846.515649330959,66.79987212276215
mountain_view,2024-11-01,12.0,0,4846.515649330959,66.79987212276215
asheville,2024-05-01,12.0,0,4846.515649330959,66.79987212276215
ashtabula,2024-05-01,9.822601839684625,1,4846.515649330959,66.79987212276215
frederick,2024-05-01,12.0,0,4846.515649330959,66.79987212276215
frederick,2024-11-01,12.0,0,4846.515649330959,66.79987212276215
freeport,2024-11-01,12.0,0,4846.515649330959,66.79987212276215
minden,2024-11-01,12.0,0,4846.515649330959,66.79987212276215
ashtabula,2024-05-01,9.85545335085414,1,4846.515649330959,66.79987212276215
decatur,2024-11-01,12.0,0,4846.515649330959,66.79987212276215
hyannis,2024-11-01,12.0,0,4846.515649330959,66.79987212276215
charlotte_amalie,2024-05-01,12.0,0,4846.515649330959,66.79987212276215
pellston,2024-05-01,12.0,0,4846.515649330959,66.79987212276215
cedar_rapids,2024-11-01,12.0,0,4846.515649330959,66.79987212276215
jefferson_city,2024-05-01,12.0,0,4846.515649330959,66.79987212276215
darlington,2024-05-01,12.0,0,4846.515649330959,66.79987212276215
fairhope,2024-05-01,12.0,0,4846.515649330959,66.79987212276215
juneau,2024-05-01,12.0,0,4846.515649330959,66.79987212276215
fairhope,2024-11-01,12.0,0,4846.515649330959,66.79987212276215
vieques_island,2024-05-01,12.0,0,4846.515649330959,66.79987212276215
napa,2024-11-01,12.0,0,4846.515649330959,66.79987212276215
ithaca,2024-05-01,12.0,0,4846.515649330959,66.79987212276215
palm_beach_gardens,2024-05-01,12.0,0,4846.515649330959,66.79987212276215
palm_beach_gardens,2024-11-01,12.0,0,4846.515649330959,66.79987212276215
aiken,2024-11-01,12.0,0,4846.515649330959,66.79987212276215
fayetteville,2024-05-01,12.0,0,4846.515649330959,66.79987212276215
middletown,2024-05-01,12.0,0,4846.515649330959,66.79987212276215
medford,2024-05-01,12.0,0,4846.515649330959,66.79987212276215
calliano,2024-11-01,12.0,0,4846.515649330959,66.79987212276215
middletown,2024-11-01,12.0,0,4846.515649330959,66.79987212276215
youngstown,2024-05-01,12.0,0,4846.515649330959,66.79987212276215
calliano,2024-05-01,12.0,0,4846.515649330959,66.79987212276215
panama_city,2024-11-01,12.0,0,4846.515649330959,66.79987212276215
everett,2024-11-01,12.0,0,4846.515649330959,66.79987212276215
san_angelo,2024-11-01,12.0,0,4846.515649330959,66.79987212276215
pascagoula,2024-05-01,12.0,0,4846.515649330959,66.79987212276215
sumter,2024-05-01,12.0,0,4846.515649330959,66.79987212276215
butte,2024-11-01,12.0,0,4846.515649330959,66.79987212276215
st._augustine,2024-11-01,12.0,0,4846.515649330959,66.79987212276215
decatur,2024-05-01,12.0,0,4846.515649330959,66.79987212276215
butte,2024-05-01,12.0,0,4846.515649330959,66.79987212276215
patuxent_river,2024-11-01,12.0,0,4846.515649330959,66.79987212276215
pinecreek,2024-11-01,12.0,0,4846.515649330959,66.79987212276215
ketchikan,2024-11-01,12.0,0,4846.515649330959,66.79987212276215
ashtabula,2024-05-01,10.21681997371879,1,4846.515649330959,66.79987212276215
thomasville,2024-11-01,12.0,0,4846.515649330959,66.79987212276215
gainesville,2024-11-01,12.0,0,4846.515649330959,66.79987212276215
roanoke,2024-05-01,12.0,0,4846.515649330959,66.79987212276215
highgate,2024-11-01,12.0,0,4846.515649330959,66.79987212276215
tuscaloosa,2024-11-01,12.0,0,4846.515649330959,66.79987212276215
moultrie,2024-05-01,12.0,0,4846.515649330959,66.79987212276215
bridgeport_ct,2024-11-01,12.0,0,4846.515649330959,66.79987212276215
henderson,2024-05-01,12.0,0,4846.515649330959,66.79987212276215
ponce,2024-05-01,12.0,0,4846.515649330959,66.79987212276215
ashtabula,2024-05-01,10.249671484888305,1,4846.515649330959,66.79987212276215
auburn,2024-05-01,12.0,0,4846.515649330959,66.79987212276215
valdosta,2024-11-01,12.0,0,4846.515649330959,66.79987212276215
santa_rosa,2024-11-01,12.0,0,4846.515649330959,66.79987212276215
augusta,2024-05-01,12.0,0,4846.515649330959,66.79987212276215
ponce,2024-11-01,12.0,0,4846.515649330959,66.79987212276215
el_centro,2024-11-01,12.0,0,4846.515649330959,66.79987212276215
scotia,2024-05-01,12.0,0,4846.515649330959,66.79987212276215
richmond_heights,2024-05-01,12.0,0,4846.515649330959,66.79987212276215
titusville,2024-11-01,12.0,0,4846.515649330959,66.79987212276215
stratford,2024-05-01,12.0,0,4846.515649330959,66.79987212276215
edinburg,2024-05-01,12.0,0,4846.515649330959,66.79987212276215
hawthorne,2024-05-01,12.0,0,4846.515649330959,66.79987212276215
hattiesburg:laurel,2024-11-01,12.0,0,4846.515649330959,66.79987212276215
genting,2024-05-01,12.0,0,4846.515649330959,66.79987212276215
genting,2024-11-01,12.0,0,4846.515649330959,66.79987212276215
louisiana,2024-05-01,12.0,0,4846.515649330959,66.79987212276215
ocala,2024-05-01,12.0,0,4846.515649330959,66.79987212276215
bakersfield,2024-11-01,12.0,0,4846.515649330959,66.79987212276215
ballston_spa,2024-05-01,12.0,0,4846.515649330959,66.79987212276215
ballston_spa,2024-11-01,12.0,0,4846.515649330959,66.79987212276215
missoula,2024-05-01,12.0,0,4846.515649330959,66.79987212276215
mount_vernon,2024-11-01,12.0,0,4846.515649330959,66.79987212276215
westfield,2024-05-01,12.0,0,4846.515649330959,66.79987212276215
broomfield,2024-11-01,12.0,0,4846.515649330959,66.79987212276215
pittsfield,2024-05-01,12.0,0,4846.515649330959,66.79987212276215
ashtabula,2024-05-01,11.005256241787121,1,4846.515649330959,66.79987212276215
homestead,2024-05-01,12.0,0,4846.515649330959,66.79987212276215
macon,2024-05-01,12.0,0,4846.515649330959,66.79987212276215
ashtabula,2024-05-01,12.0,0,4846.515649330959,66.79987212276215
kinston,2024-11-01,12.0,0,4846.515649330959,66.79987212276215
dunseith,2024-05-01,12.0,0,4846.515649330959,66.79987212276215
ashtabula,2024-05-01,11.366622864651774,1,4846.515649330959,66.79987212276215
ashtabula,2024-05-01,11.333771353482259,1,4846.515649330959,66.79987212276215
santa_rosa,2024-05-01,12.0,0,4846.515649330959,66.79987212276215
detroit,2024-06-01,12.0,0,4783.521165688711,65.98465473145781
agana,2024-06-01,12.0,0,4742.358606795337,65.97399829497016
minneapolis,2024-06-01,12.0,0,4689.718019046893,65.96334185848252
newark,2024-04-01,12.0,0,4677.910079284805,65.95268542199489
orlando,2024-08-01,12.0,0,4677.268988973244,65.94202898550725
atlanta,2024-08-01,12.0,0,4665.41470492897,65.93137254901961
houston,2024-08-01,12.0,0,4652.496761002166,65.92071611253198
philadelphia,2024-06-01,12.0,0,4613.13526295479,65.91005967604433
charlotte,2024-06-01,12.0,0,4608.830812589163,65.8994032395567
boston,2024-07-01,12.0,0,4579.6754322319675,65.88874680306905
phoenix,2024-06-01,12.0,0,4559.39388679582,65.8780903665814
tampa,2024-06-01,12.0,0,4498.504390477975,65.86743393009378
san_diego,2024-06-01,12.0,0,4447.450769400892,65.85677749360613
seattle,2024-07-01,12.0,0,4437.074883650673,65.8461210571185
saipan,2024-06-01,12.0,0,4431.6693349992165,65.83546462063086
nashville,2024-06-01,12.0,0,4426.365426910043,65.82480818414322
san_antonio,2024-06-01,12.0,0,4425.551900813027,65.81415174765559
austin,2024-06-01,12.0,0,4405.330974829903,65.80349531116795
portland,2024-06-01,12.0,0,4403.574446474247,65.7928388746803
salt_lake_city,2024-06-01,12.0,0,4400.519364359764,65.78218243819268
melbourne,2024-06-01,12.0,0,4380.490891587967,65.77152600170503
san_juan,2024-06-01,12.0,0,4380.134679891362,65.76086956521739
oakland,2024-06-01,12.0,0,4351.236949689571,65.75021312872975
san_jose,2024-06-01,12.0,0,4349.109539391327,65.73955669224212
raleigh,2024-06-01,12.0,0,4345.1530957951545,65.72890025575447
fresno,2024-06-01,12.0,0,4333.836376954381,65.71824381926685
ontario,2024-06-01,12.0,0,4333.628784885459,65.7075873827792
baltimore,2024-06-01,12.0,0,4328.23970154827,65.69693094629156
houston,2024-04-01,12.0,0,4324.441694876289,65.68627450980392
sacramento,2024-06-01,12.0,0,4323.074027579881,65.67561807331627
new_orleans,2024-06-01,12.0,0,4313.818256565475,65.66496163682865
fort_lauderdale,2024-07-01,12.0,0,4313.5985413992885,65.654305200341
anchorage,2024-06-01,12.0,0,4313.457856253842,65.64364876385336
orlando,2024-04-01,12.0,0,4311.185375821944,65.63299232736573
fort_myers,2024-06-01,12.0,0,4307.940286046389,65.62233589087809
laguna_beach,2024-06-01,12.0,0,4306.899031021619,65.61167945439045
cincinnati,2024-06-01,12.0,0,4298.362566272191,65.60102301790282
dallas,2024-08-01,12.0,0,4297.907299574586,65.59036658141517
kahului,2024-06-01,12.0,0,4292.907345219922,65.57971014492753
pittsburgh,2024-06-01,12.0,0,4291.310372921708,65.5690537084399
palm_springs,2024-06-01,12.0,0,4288.314068067204,65.55839727195226
st._louis,2024-06-01,12.0,0,4287.411286125248,65.54774083546462
cleveland,2024-06-01,12.0,0,4284.417703714865,65.53708439897699
mcallen,2024-06-01,12.0,0,4279.614202568853,65.52642796248934
reno,2024-06-01,12.0,0,4278.284294784994,65.51577152600171
hartford,2024-06-01,12.0,0,4277.669530910996,65.50511508951406
newburgh,2024-06-01,12.0,0,4276.121098799741,65.49445865302643
teterboro,2024-06-01,12.0,0,4274.920854168293,65.48380221653879
columbus,2024-06-01,12.0,0,4274.068504094646,65.47314578005115
charleston,2024-06-01,12.0,0,4273.801881990139,65.46248934356352
indianapolis,2024-06-01,12.0,0,4271.959787379252,65.45183290707587
west_palm_beach,2024-06-01,12.0,0,4269.809302221088,65.44117647058823
white_plains,2024-06-01,12.0,0,4269.305141628954,65.4305200341006
brownsville,2024-06-01,12.0,0,4269.286117866567,65.41986359761296
laredo,2024-06-01,12.0,0,4268.953215746412,65.40920716112531
kansas_city,2024-06-01,12.0,0,4268.5918085500225,65.39855072463769
fairbanks,2024-06-01,12.0,0,4268.0735279528635,65.38789428815004
st._thomas_island,2024-06-01,12.0,0,4267.788262734981,65.3772378516624
milwaukee,2024-06-01,12.0,0,4266.856529220574,65.36658141517476
bedford,2024-06-01,12.0,0,4266.637886543011,65.35592497868713
kendall-tamiami,2024-06-01,12.0,0,4266.481041089121,65.34526854219949
tuscon,2024-06-01,12.0,0,4266.476288286586,65.33461210571186
el_paso,2024-06-01,12.0,0,4266.4430188171,65.3239556692242
bangor,2024-06-01,12.0,0,4266.424007808158,65.31329923273658
scottsdale,2024-06-01,12.0,0,4266.200634798438,65.30264279624893
van_nuys,2024-06-01,12.0,0,4266.195882308279,65.2919863597613
rochester,2024-06-01,12.0,0,4266.162615025365,65.28132992327366
windsor_locks,2024-06-01,12.0,0,4266.148357697808,65.27067348678602
alexandria,2024-06-01,12.0,0,4266.058062396456,65.26001705029839
aguadilla,2024-06-01,12.0,0,4266.010539321281,65.24936061381074
bullhead_city,2024-06-01,12.0,0,4265.982025730288,65.2387041773231
fort_worth,2024-06-01,12.0,0,4265.948760115002,65.22804774083546
harlingen,2024-06-01,12.0,0,4265.934503502139,65.21739130434783
conroe,2024-06-01,12.0,0,4265.910742586593,65.20673486786018
midland,2024-06-01,12.0,0,4265.891733949441,65.19607843137256
jacksonville,2024-06-01,12.0,0,4265.848964825536,65.18009377664109
buffalo,2024-06-01,12.0,0,4265.848964825536,65.18009377664109
rogers,2024-06-01,12.0,0,4265.820452314491,65.16410912190963
west_hampton_beach,2024-06-01,12.0,0,4265.806196130435,65.153452685422
vail,2024-06-01,12.0,0,4265.801444079668,65.14279624893436
burlington,2024-06-01,12.0,0,4265.791939994014,65.13213981244672
boca_raton,2024-06-01,12.0,0,4265.768179872535,65.11615515771526
kalispell,2024-06-01,12.0,0,4265.768179872535,65.11615515771526
fargo,2024-06-01,12.0,0,4265.739667901442,65.1001705029838
oklahoma_city,2024-06-01,12.0,0,4265.725411987363,65.08951406649616
sugar_land,2024-06-01,12.0,0,4265.6778926178495,65.07885763000853
juneau,2024-06-01,12.0,0,4265.673140710011,65.06820119352089
great_falls,2024-06-01,12.0,0,4265.668388807466,65.05754475703324
friday_harbor,2024-06-01,12.0,0,4265.663636910222,65.04688832054562
boise,2024-06-01,12.0,0,4265.658885018263,65.03623188405797
omaha,2024-06-01,12.0,0,4265.654133131598,65.02557544757033
kenmore,2024-06-01,12.0,0,4265.649381250228,65.00959079283888
bellingham,2024-06-01,12.0,0,4265.649381250228,65.00959079283888
islip,2024-06-01,12.0,0,4265.644629374157,64.9882779198636
vail:eagle,2024-06-01,12.0,0,4265.644629374157,64.9882779198636
spokane,2024-06-01,12.0,0,4265.62562192279,64.97229326513214
carlsbad,2024-06-01,12.0,0,4265.5971109045395,64.9616368286445
naples,2024-06-01,12.0,0,4265.5781036649105,64.95098039215686
duluth,2024-06-01,12.0,0,4265.568600076861,64.93499573742541
pontiac,2024-06-01,12.0,0,4265.568600076861,64.93499573742541
norfolk,2024-06-01,12.0,0,4265.559096509977,64.91368286445012
greenville,2024-06-01,12.0,0,4265.559096509977,64.91368286445012
broomdield-co,2024-06-01,12.0,0,4265.549592964276,64.89236999147485
erie,2024-06-01,12.0,0,4265.549592964276,64.89236999147485
moline,2024-06-01,12.0,0,4265.540089439739,64.87105711849958
savannah,2024-06-01,12.0,0,4265.540089439739,64.87105711849958
providence,2024-06-01,12.0,0,4265.530585936384,64.85507246376811
minot,2024-06-01,12.0,0,4265.521082454195,64.84441602728049
camp_springs,2024-06-01,12.0,0,4265.497323841371,64.82843137254902
des_moines,2024-06-01,12.0,0,4265.497323841371,64.82843137254902
bozeman,2024-06-01,12.0,0,4265.483068737196,64.81244671781756
aspen,2024-06-01,12.0,0,4265.473565360874,64.7964620630861
gary,2024-06-01,12.0,0,4265.473565360874,64.7964620630861
sarasota,2024-06-01,12.0,0,4265.464062005733,64.78047740835464
grant_county_airport,2024-06-01,12.0,0,4265.449807012709,64.769820971867
greensboro,2024-06-01,12.0,0,4265.4403037105,64.75383631713555
morristown,2024-06-01,12.0,0,4265.4403037105,64.75383631713555
colorado_springs,2024-06-01,12.0,0,4265.430800429465,64.73252344416028
fort_collins,2024-06-01,12.0,0,4265.430800429465,64.73252344416028
addison,2024-06-01,12.0,0,4265.426048796884,64.71653878942881
sioux_falls,2024-06-01,12.0,0,4265.421297169595,64.70055413469736
stuart,2024-06-01,12.0,0,4265.421297169595,64.70055413469736
binghamton,2024-06-01,12.0,0,4265.4165455476,64.6845694799659
knoxville,2024-06-01,12.0,0,4265.411793930906,64.67391304347827
port_clinton,2024-06-01,12.0,0,4265.402290713382,64.64727195225916
houma,2024-06-01,12.0,0,4265.402290713382,64.64727195225916
lexington_ky,2024-06-01,12.0,0,4265.402290713382,64.64727195225916
saginlaw,2024-06-01,12.0,0,4265.402290713382,64.64727195225916
santa_teresa,2024-06-01,12.0,0,4265.3975391125605,64.61530264279625
wichita,2024-06-01,12.0,0,4265.3975391125605,64.61530264279625
memphis,2024-06-01,12.0,0,4265.392787517039,64.59931798806478
barnstable,2024-06-01,12.0,0,4265.388035926803,64.58333333333334
grand_rapids,2024-06-01,12.0,0,4265.388035926803,64.58333333333334
mt._clemens,2024-06-01,12.0,0,4265.383284341861,64.56734867860187
trenton,2024-06-01,12.0,0,4265.378532762212,64.5460358056266
kona,2024-06-01,12.0,0,4265.378532762212,64.5460358056266
del_rio,2024-06-01,12.0,0,4265.378532762212,64.5460358056266
angleton,2024-06-01,12.0,0,4265.373781187864,64.52472293265133
west_chicago,2024-06-01,12.0,0,4265.364278055031,64.49808184143222
fort_pierce,2024-06-01,12.0,0,4265.364278055031,64.49808184143222
casper,2024-06-01,12.0,0,4265.364278055031,64.49808184143222
little_rock,2024-06-01,12.0,0,4265.364278055031,64.49808184143222
dayton,2024-06-01,12.0,0,4265.359526496562,64.4607843137255
atlantic_city,2024-06-01,12.0,0,4265.359526496562,64.4607843137255
columbia,2024-06-01,12.0,0,4265.359526496562,64.4607843137255
st._paul,2024-06-01,12.0,0,4265.354774943378,64.43947144075022
wilmington,2024-06-01,12.0,0,4265.350023395488,64.42348678601876
toledo,2024-06-01,12.0,0,4265.350023395488,64.42348678601876
fairfield,2024-06-01,12.0,0,4265.3452718528915,64.4075021312873
chicago-wheeling,2024-06-01,12.0,0,4265.335768783584,64.39151747655583
sanford,2024-06-01,12.0,0,4265.335768783584,64.39151747655583
albany,2024-06-01,12.0,0,4265.326265735443,64.35954816709292
birmingham,2024-06-01,12.0,0,4265.326265735443,64.35954816709292
san_bernardino,2024-06-01,12.0,0,4265.326265735443,64.35954816709292
raleigh-durham,2024-06-01,12.0,0,4265.326265735443,64.35954816709292
farmingdale,2024-06-01,12.0,0,4265.3215142193185,64.3222506393862
nantucket,2024-06-01,12.0,0,4265.3215142193185,64.3222506393862
huntsville,2024-06-01,12.0,0,4265.3215142193185,64.3222506393862
ketchikan,2024-06-01,12.0,0,4265.31676270848,64.28495311167946
portsmouth,2024-06-01,12.0,0,4265.31676270848,64.28495311167946
nogales,2024-06-01,12.0,0,4265.31676270848,64.28495311167946
peoria,2024-06-01,12.0,0,4265.31676270848,64.28495311167946
allentown,2024-06-01,12.0,0,4265.3120112029355,64.24765558397272
napa,2024-06-01,12.0,0,4265.3120112029355,64.24765558397272
dallas-fort_worth,2024-06-01,12.0,0,4265.3120112029355,64.24765558397272
syracuse,2024-06-01,12.0,0,4265.307259702684,64.22101449275362
louisville,2024-06-01,12.0,0,4265.307259702684,64.22101449275362
baton_rouge,2024-06-01,12.0,0,4265.302508207732,64.19970161977835
bristol,2024-06-01,12.0,0,4265.302508207732,64.19970161977835
yakutat,2024-06-01,12.0,0,4265.297756718067,64.17306052855925
richmond,2024-06-01,12.0,0,4265.297756718067,64.17306052855925
sheboygan,2024-06-01,12.0,0,4265.297756718067,64.17306052855925
lansing,2024-06-01,12.0,0,4265.293005233694,64.14641943734016
fort_wayne,2024-06-01,12.0,0,4265.293005233694,64.14641943734016
st._petersburg,2024-06-01,12.0,0,4265.288253754622,64.11977834612105
anacortes,2024-06-01,12.0,0,4265.288253754622,64.11977834612105
green_bay,2024-06-01,12.0,0,4265.288253754622,64.11977834612105
springfield,2024-06-01,12.0,0,4265.283502280836,64.06649616368286
plattsburgh,2024-06-01,12.0,0,4265.283502280836,64.06649616368286
south_bend,2024-06-01,12.0,0,4265.283502280836,64.06649616368286
port_huron,2024-06-01,12.0,0,4265.283502280836,64.06649616368286
rockford,2024-06-01,12.0,0,4265.283502280836,64.06649616368286
manassas,2024-06-01,12.0,0,4265.283502280836,64.06649616368286
key_west,2024-06-01,12.0,0,4265.283502280836,64.06649616368286
st._thomas,2024-06-01,12.0,0,4265.278750812342,64.01321398124468
monterey,2024-06-01,12.0,0,4265.278750812342,64.01321398124468
winston-salem,2024-06-01,12.0,0,4265.278750812342,64.01321398124468
redding,2024-06-01,12.0,0,4265.273999349142,63.97591645353794
new_bedford,2024-06-01,12.0,0,4265.273999349142,63.97591645353794
moses_lake,2024-06-01,12.0,0,4265.273999349142,63.97591645353794
acracta:eureka,2024-06-01,12.0,0,4265.273999349142,63.97591645353794
worcester,2024-06-01,12.0,0,4265.269247891242,63.949275362318836
hillsboro,2024-06-01,12.0,0,4265.264496438628,63.92796248934356
akron,2024-06-01,12.0,0,4265.264496438628,63.92796248934356
international_falls,2024-06-01,12.0,0,4265.264496438628,63.92796248934356
lincoln,2024-06-01,12.0,0,4265.259744991307,63.885336743393005
presque_isle,2024-06-01,12.0,0,4265.259744991307,63.885336743393005
calexico,2024-06-01,12.0,0,4265.259744991307,63.885336743393005
eugene,2024-06-01,12.0,0,4265.259744991307,63.885336743393005
mobile,2024-06-01,12.0,0,4265.259744991307,63.885336743393005
westhampton,2024-06-01,12.0,0,4265.254993549279,63.83205456095482
everett,2024-06-01,12.0,0,4265.254993549279,63.83205456095482
amarillo,2024-06-01,12.0,0,4265.254993549279,63.83205456095482
corpus_christi,2024-06-01,12.0,0,4265.254993549279,63.83205456095482
albuquerque,2024-06-01,12.0,0,4265.254993549279,63.83205456095482
lubbock,2024-06-01,12.0,0,4265.250242112552,63.746803069053705
leesburg,2024-06-01,12.0,0,4265.250242112552,63.746803069053705
st._augustine_airport,2024-06-01,12.0,0,4265.250242112552,63.746803069053705
elmira,2024-06-01,12.0,0,4265.250242112552,63.746803069053705
santa_ana,2024-06-01,12.0,0,4265.250242112552,63.746803069053705
chattanooga,2024-06-01,12.0,0,4265.250242112552,63.746803069053705
dover-cheswold,2024-06-01,12.0,0,4265.250242112552,63.746803069053705
oroville,2024-06-01,12.0,0,4265.250242112552,63.746803069053705
oxford,2024-06-01,12.0,0,4265.250242112552,63.746803069053705
tacoma,2024-06-01,12.0,0,4265.250242112552,63.746803069053705
newport_news,2024-06-01,12.0,0,4265.250242112552,63.746803069053705
watertown,2024-06-01,12.0,0,4265.24549068111,63.672208013640244
manchester,2024-06-01,12.0,0,4265.24549068111,63.672208013640244
fayetteville,2024-06-01,12.0,0,4265.24549068111,63.672208013640244
grand_forks,2024-06-01,12.0,0,4265.24073925496,63.629582267689685
flint,2024-06-01,12.0,0,4265.24073925496,63.629582267689685
lakeland,2024-06-01,12.0,0,4265.24073925496,63.629582267689685
port_angeles,2024-06-01,12.0,0,4265.24073925496,63.629582267689685
helena,2024-06-01,12.0,0,4265.24073925496,63.629582267689685
appleton,2024-06-01,12.0,0,4265.235987834105,63.560315430520035
battle_creek,2024-06-01,12.0,0,4265.235987834105,63.560315430520035
champaign,2024-06-01,12.0,0,4265.235987834105,63.560315430520035
scranton,2024-06-01,12.0,0,4265.235987834105,63.560315430520035
santa_rosa,2024-06-01,12.0,0,4265.235987834105,63.560315430520035
daytona_beach,2024-06-01,12.0,0,4265.235987834105,63.560315430520035
pensacola,2024-06-01,12.0,0,4265.235987834105,63.560315430520035
new_haven,2024-06-01,12.0,0,4265.235987834105,63.560315430520035
pittsfield,2024-06-01,12.0,0,4265.231236418549,63.45907928388746
cunnamulla,2024-06-01,12.0,0,4265.231236418549,63.45907928388746
groton,2024-06-01,12.0,0,4265.231236418549,63.45907928388746
chicago:aurora,2024-06-01,12.0,0,4265.231236418549,63.45907928388746
ogdensburg,2024-06-01,12.0,0,4265.231236418549,63.45907928388746
st._croix_island,2024-06-01,12.0,0,4265.231236418549,63.45907928388746
gulfport,2024-06-01,12.0,0,4265.231236418549,63.45907928388746
kenosha,2024-06-01,12.0,0,4265.231236418549,63.45907928388746
niagara_falls,2024-06-01,12.0,0,4265.231236418549,63.45907928388746
yuma,2024-06-01,12.0,0,4265.231236418549,63.45907928388746
porthill,2024-06-01,12.0,0,4265.231236418549,63.45907928388746
elko,2024-06-01,12.0,0,4265.226485008279,63.34718670076727
renton,2024-06-01,12.0,0,4265.226485008279,63.34718670076727
lorain-elyria,2024-06-01,12.0,0,4265.226485008279,63.34718670076727
butte,2024-06-01,12.0,0,4265.226485008279,63.34718670076727
sault_ste_marie,2024-06-01,12.0,0,4265.226485008279,63.34718670076727
ceiba,2024-06-01,12.0,0,4265.226485008279,63.34718670076727
kenai,2024-06-01,12.0,0,4265.226485008279,63.34718670076727
kenai,2024-06-01,7.687253613666228,1,4265.226485008279,63.34718670076727
cutbank,2024-06-01,12.0,0,4265.226485008279,63.34718670076727
unknown,2024-06-01,12.0,0,4265.226485008279,63.34718670076727
sault_ste._marie,2024-06-01,12.0,0,4265.221733603303,63.25127877237852
wisconsin_rapids,2024-06-01,12.0,0,4265.221733603303,63.25127877237852
stratford,2024-06-01,12.0,0,4265.221733603303,63.25127877237852
twin_falls,2024-06-01,12.0,0,4265.221733603303,63.25127877237852
kennesaw,2024-06-01,12.0,0,4265.221733603303,63.25127877237852
henderson,2024-06-01,12.0,0,4265.221733603303,63.25127877237852
saratoga,2024-06-01,12.0,0,4265.221733603303,63.25127877237852
arcata_ca,2024-06-01,12.0,0,4265.221733603303,63.25127877237852
stockton,2024-06-01,12.0,0,4265.216982203627,63.150042625745954
mesa,2024-06-01,12.0,0,4265.216982203627,63.150042625745954
harrisburg,2024-06-01,12.0,0,4265.216982203627,63.150042625745954
cocoa,2024-06-01,12.0,0,4265.216982203627,63.150042625745954
lexington,2024-06-01,12.0,0,4265.216982203627,63.150042625745954
weslaco,2024-06-01,12.0,0,4265.216982203627,63.150042625745954
schenectady,2024-06-01,12.0,0,4265.216982203627,63.150042625745954
fort_dix,2024-06-01,12.0,0,4265.216982203627,63.150042625745954
sagarai,2024-06-01,12.0,0,4265.216982203627,63.150042625745954
cheyenne,2024-06-01,12.0,0,4265.216982203627,63.150042625745954
santa_barbara,2024-06-01,12.0,0,4265.216982203627,63.150042625745954
decatur,2024-06-01,12.0,0,4265.212230809236,62.984867860187556
middletown,2024-06-01,12.0,0,4265.212230809236,62.984867860187556
jacksn_hole,2024-06-01,12.0,0,4265.212230809236,62.984867860187556
kalamazoo,2024-06-01,12.0,0,4265.212230809236,62.984867860187556
hoquiam,2024-06-01,12.0,0,4265.212230809236,62.984867860187556
clinton,2024-06-01,12.0,0,4265.212230809236,62.984867860187556
southern_pines,2024-06-01,12.0,0,4265.212230809236,62.984867860187556
vineyard_haven,2024-06-01,12.0,0,4265.212230809236,62.984867860187556
ponce,2024-06-01,12.0,0,4265.212230809236,62.984867860187556
page,2024-06-01,12.0,0,4265.212230809236,62.984867860187556
grand_junction,2024-06-01,12.0,0,4265.212230809236,62.984867860187556
frenchville,2024-06-01,12.0,0,4265.212230809236,62.984867860187556
tulsa,2024-06-01,12.0,0,4265.212230809236,62.984867860187556
presidio,2024-06-01,12.0,0,4265.212230809236,62.984867860187556
gwinn,2024-06-01,12.0,0,4265.212230809236,62.984867860187556
sherman-denison,2024-06-01,12.0,0,4265.212230809236,62.984867860187556
marathon,2024-06-01,12.0,0,4265.212230809236,62.984867860187556
lihue,2024-06-01,12.0,0,4265.212230809236,62.984867860187556
baudette,2024-06-01,12.0,0,4265.212230809236,62.984867860187556
burlington:mount_vernon,2024-06-01,12.0,0,4265.212230809236,62.984867860187556
edinburg,2024-06-01,12.0,0,4265.207479420137,62.745098039215684
massena,2024-06-01,12.0,0,4265.207479420137,62.745098039215684
danbury,2024-06-01,12.0,0,4265.207479420137,62.745098039215684
anegada,2024-06-01,12.0,0,4265.207479420137,62.745098039215684
houlton,2024-06-01,12.0,0,4265.207479420137,62.745098039215684
smithfield,2024-06-01,12.0,0,4265.207479420137,62.745098039215684
mountain_view,2024-06-01,12.0,0,4265.207479420137,62.745098039215684
racine,2024-06-01,12.0,0,4265.207479420137,62.745098039215684
youngstown,2024-06-01,12.0,0,4265.207479420137,62.745098039215684
rock_springs,2024-06-01,12.0,0,4265.207479420137,62.745098039215684
olympia,2024-06-01,12.0,0,4265.207479420137,62.745098039215684
lewisburg,2024-06-01,12.0,0,4265.207479420137,62.745098039215684
ithaca,2024-06-01,12.0,0,4265.207479420137,62.745098039215684
sitka,2024-06-01,12.0,0,4265.207479420137,62.745098039215684
hyannis,2024-06-01,12.0,0,4265.207479420137,62.745098039215684
georgetown,2024-06-01,12.0,0,4265.207479420137,62.745098039215684
bridgetown,2024-06-01,12.0,0,4265.207479420137,62.745098039215684
ballston_spa,2024-06-01,12.0,0,4265.207479420137,62.745098039215684
eagle_pass,2024-06-01,12.0,0,4265.207479420137,62.745098039215684
pinecreek,2024-06-01,12.0,0,4265.207479420137,62.745098039215684
burbank,2024-06-01,12.0,0,4265.207479420137,62.745098039215684
queensbury,2024-06-01,12.0,0,4265.207479420137,62.745098039215684
coeur_d'alene,2024-06-01,12.0,0,4265.207479420137,62.745098039215684
muskegon,2024-06-01,12.0,0,4265.207479420137,62.745098039215684
dunseith,2024-06-01,12.0,0,4265.207479420137,62.745098039215684
rosewell,2024-06-01,12.0,0,4265.202728036333,62.13768115942029
pellston,2024-06-01,12.0,0,4265.202728036333,62.13768115942029
westfield,2024-06-01,12.0,0,4265.202728036333,62.13768115942029
roanoke,2024-06-01,12.0,0,4265.202728036333,62.13768115942029
myrtle_beach,2024-06-01,12.0,0,4265.202728036333,62.13768115942029
vero_beach,2024-06-01,12.0,0,4265.202728036333,62.13768115942029
culebra_island,2024-06-01,12.0,0,4265.202728036333,62.13768115942029
galveston,2024-06-01,12.0,0,4265.202728036333,62.13768115942029
bridgeport_ct,2024-06-01,12.0,0,4265.202728036333,62.13768115942029
mount_vernon,2024-06-01,12.0,0,4265.202728036333,62.13768115942029
hopkinsville,2024-06-01,12.0,0,4265.202728036333,62.13768115942029
pascagoula,2024-06-01,12.0,0,4265.202728036333,62.13768115942029
crane_lake,2024-06-01,12.0,0,4265.202728036333,62.13768115942029
tyler,2024-06-01,12.0,0,4265.202728036333,62.13768115942029
panama_city,2024-06-01,12.0,0,4265.202728036333,62.13768115942029
holland,2024-06-01,12.0,0,4265.202728036333,62.13768115942029
lawrence,2024-06-01,12.0,0,4265.202728036333,62.13768115942029
brunswick,2024-06-01,12.0,0,4265.202728036333,62.13768115942029
santa_maria,2024-06-01,12.0,0,4265.202728036333,62.13768115942029
ely,2024-06-01,12.0,0,4265.202728036333,62.13768115942029
madison,2024-06-01,12.0,0,4265.202728036333,62.13768115942029
martha's_vineyard,2024-06-01,12.0,0,4265.202728036333,62.13768115942029
hilton_head_island,2024-06-01,12.0,0,4265.202728036333,62.13768115942029
st._augustine,2024-06-01,12.0,0,4265.202728036333,62.13768115942029
concord,2024-06-01,12.0,0,4265.202728036333,62.13768115942029
killeen,2024-06-01,12.0,0,4265.202728036333,62.13768115942029
findley,2024-06-01,12.0,0,4265.202728036333,62.13768115942029
terre_haute,2024-06-01,12.0,0,4265.202728036333,62.13768115942029
marshalltown,2024-06-01,12.0,0,4265.202728036333,62.13768115942029
hilo,2024-06-01,12.0,0,4265.202728036333,62.13768115942029
ogden,2024-06-01,12.0,0,4265.202728036333,62.13768115942029
milledgeville,2024-06-01,12.0,0,4265.202728036333,62.13768115942029
calliano,2024-06-01,12.0,0,4265.202728036333,62.13768115942029
scotia,2024-06-01,12.0,0,4265.202728036333,62.13768115942029
waco,2024-06-01,12.0,0,4265.202728036333,62.13768115942029
warroad,2024-06-01,12.0,0,4265.202728036333,62.13768115942029
findlay,2024-06-01,12.0,0,4265.202728036333,62.13768115942029
waukegan,2024-06-01,12.0,0,4265.202728036333,62.13768115942029
fulshear,2024-06-01,12.0,0,4265.202728036333,62.13768115942029
asheville,2024-06-01,12.0,0,4265.202728036333,62.13768115942029
mayport,2024-06-01,12.0,0,4265.202728036333,62.13768115942029
valdez,2024-06-01,12.0,0,4265.202728036333,62.13768115942029
hayward,2024-06-01,12.0,0,4265.202728036333,62.13768115942029
tokeen,2024-06-01,12.0,0,4265.202728036333,62.13768115942029
traverse_city,2024-06-01,12.0,0,4265.202728036333,62.13768115942029
belmar,2024-06-01,12.0,0,4265.202728036333,62.13768115942029
fairhope,2024-06-01,12.0,0,4265.202728036333,62.13768115942029
bakersfield,2024-06-01,12.0,0,4265.202728036333,62.13768115942029
chicopee_falls,2024-06-01,12.0,0,4265.202728036333,62.13768115942029
toms_river,2024-06-01,12.0,0,4265.202728036333,62.13768115942029
shreveport,2024-06-01,12.0,0,4265.202728036333,62.13768115942029
eden_prairie,2024-06-01,12.0,0,4265.202728036333,62.13768115942029
jackman,2024-06-01,12.0,0,4265.202728036333,62.13768115942029
gulf_shores,2024-06-01,12.0,0,4265.202728036333,62.13768115942029
belmar:farmingdale,2024-06-01,12.0,0,4265.202728036333,62.13768115942029
north_kingstown,2024-06-01,12.0,0,4265.202728036333,62.13768115942029
gonzales,2024-06-01,12.0,0,4265.202728036333,62.13768115942029
beverly,2024-06-01,12.0,0,4265.202728036333,62.13768115942029
bismarck,2024-06-01,12.0,0,4265.202728036333,62.13768115942029
jackson,2024-06-01,12.0,0,4265.202728036333,62.13768115942029
east_hampton,2024-06-01,12.0,0,4265.202728036333,62.13768115942029
douglas,2024-06-01,12.0,0,4265.202728036333,62.13768115942029
logan,2024-06-01,12.0,0,4265.202728036333,62.13768115942029
merritt_island,2024-06-01,12.0,0,4265.202728036333,62.13768115942029
northway,2024-06-01,12.0,0,4265.202728036333,62.13768115942029
meridian,2024-06-01,12.0,0,4265.202728036333,62.13768115942029
winchester,2024-06-01,12.0,0,4265.202728036333,62.13768115942029
port_townsed,2024-06-01,12.0,0,4265.202728036333,62.13768115942029
wenatchee,2024-06-01,12.0,0,4265.202728036333,62.13768115942029
redlands,2024-06-01,12.0,0,4265.202728036333,62.13768115942029
easton,2024-06-01,12.0,0,4265.202728036333,62.13768115942029
lakehurst,2024-06-01,12.0,0,4265.202728036333,62.13768115942029
riverside,2024-06-01,12.0,0,4265.202728036333,62.13768115942029
grand_marais,2024-06-01,12.0,0,4265.202728036333,62.13768115942029
guam,2024-06-01,12.0,0,4265.202728036333,62.13768115942029
bar_harbor,2024-06-01,12.0,0,4265.202728036333,62.13768115942029
tallahassee,2024-06-01,12.0,0,4265.202728036333,62.13768115942029
richmond_heights,2024-06-01,12.0,0,4265.202728036333,62.13768115942029
cedar_rapids,2024-06-01,12.0,0,4265.202728036333,62.13768115942029
beaumont,2024-06-01,12.0,0,4265.202728036333,62.13768115942029
belleville,2024-06-01,12.0,0,4265.202728036333,62.13768115942029
beaufort,2024-06-01,12.0,0,4265.202728036333,62.13768115942029
la_crosse,2024-06-01,12.0,0,4265.202728036333,62.13768115942029
topeka,2024-06-01,12.0,0,4265.202728036333,62.13768115942029
scobay,2024-06-01,12.0,0,4265.202728036333,62.13768115942029
rifle,2024-06-01,12.0,0,4265.202728036333,62.13768115942029
lafayette,2024-06-01,12.0,0,4265.202728036333,62.13768115942029
monroe,2024-06-01,12.0,0,4265.202728036333,62.13768115942029
latrobe,2024-06-01,12.0,0,4265.202728036333,62.13768115942029
washington,2024-08-01,12.0,0,4260.339690929026,61.65814151747656
chicago,2024-04-01,12.0,0,4233.840453737035,61.647485080988915
atlanta,2024-04-01,12.0,0,4081.9423378584597,61.63682864450127
boston,2024-08-01,12.0,0,4071.4606642949648,61.62617220801364
las_vegas,2024-07-01,12.0,0,4032.440613158012,61.615515771526
honolulu,2024-07-01,12.0,0,3990.2886146825686,61.60485933503836
dallas,2024-04-01,12.0,0,3931.73852097539,61.59420289855072
seattle,2024-08-01,12.0,0,3899.4081747712,61.58354646206309
fort_lauderdale,2024-04-01,12.0,0,3878.323804867842,61.57289002557545
washington,2024-04-01,12.0,0,3812.2381478152097,61.56223358908781
fort_lauderdale,2024-08-01,12.0,0,3717.2641497775376,61.55157715260017
denver,2024-07-01,12.0,0,3654.750768465036,61.54092071611254
honolulu,2024-08-01,12.0,0,3602.046731621993,61.53026427962489
las_vegas,2024-04-01,12.0,0,3579.881333460412,61.51960784313726
detroit,2024-07-01,12.0,0,3542.335060244745,61.508951406649615
agana,2024-07-01,12.0,0,3524.9596585627187,61.49829497016198
las_vegas,2024-08-01,12.0,0,3522.226275671782,61.487638533674335
minneapolis,2024-07-01,12.0,0,3496.523506616507,61.476982097186706
charlotte,2024-07-01,12.0,0,3429.6194633264595,61.46632566069906
philadelphia,2024-07-01,12.0,0,3428.087764066739,61.45566922421143
boston,2024-04-01,12.0,0,3397.0962137999904,61.44501278772378
phoenix,2024-07-01,12.0,0,3353.43316329791,61.43435635123614
tampa,2024-07-01,12.0,0,3351.3605008284007,61.42369991474851
san_diego,2024-07-01,12.0,0,3300.531753545777,61.41304347826087
san_antonio,2024-07-01,12.0,0,3273.1184042205364,61.40238704177323
saipan,2024-07-01,12.0,0,3257.7166934461243,61.39173060528559
salt_lake_city,2024-07-01,12.0,0,3251.0026125763393,61.38107416879796
seattle,2024-04-01,12.0,0,3243.6832243674785,61.370417732310315
portland,2024-07-01,12.0,0,3243.4459379714617,61.35976129582268
austin,2024-07-01,12.0,0,3233.0495167870768,61.349104859335036
san_juan,2024-07-01,12.0,0,3229.0542383882275,61.3384484228474
nashville,2024-07-01,12.0,0,3228.7736748258335,61.327791986359756
honolulu,2024-04-01,12.0,0,3228.254590287663,61.31713554987213
melbourne,2024-07-01,12.0,0,3224.560961243688,61.30647911338448
oakland,2024-07-01,12.0,0,3204.9182571343667,61.29582267689685
raleigh,2024-07-01,12.0,0,3197.09828141818,61.285166240409204
denver,2024-08-01,12.0,0,3195.220622115128,61.274509803921575
san_jose,2024-07-01,12.0,0,3193.0087053018165,61.26385336743393
baltimore,2024-07-01,12.0,0,3182.3981455847993,61.253196930946295
fresno,2024-07-01,12.0,0,3178.515031368139,61.24254049445865
sacramento,2024-07-01,12.0,0,3176.5681740950067,61.23188405797102
ontario,2024-07-01,12.0,0,3170.6570475959634,61.22122762148338
anchorage,2024-07-01,12.0,0,3168.178502803407,61.21057118499573
new_orleans,2024-07-01,12.0,0,3158.2801653221145,61.1999147485081
laguna_beach,2024-07-01,12.0,0,3157.8579995064215,61.189258312020456
fort_myers,2024-07-01,12.0,0,3153.4356897697526,61.17860187553282
cincinnati,2024-07-01,12.0,0,3150.3599018218238,61.16794543904518
pittsburgh,2024-07-01,12.0,0,3145.373399508895,61.15728900255755
kahului,2024-07-01,12.0,0,3143.103687963035,61.146632566069904
st._louis,2024-07-01,12.0,0,3141.6194545772187,61.13597612958227
cleveland,2024-07-01,12.0,0,3138.7999431705266,61.125319693094625
palm_springs,2024-07-01,12.0,0,3137.6183206226747,61.114663256606995
mcallen,2024-07-01,12.0,0,3135.6196649772314,61.10400682011935
newburgh,2024-07-01,12.0,0,3134.1180174157703,61.093350383631716
hartford,2024-07-01,12.0,0,3133.79682808421,61.08269394714407
reno,2024-07-01,12.0,0,3133.4512372018253,61.07203751065644
columbus,2024-07-01,12.0,0,3131.7517641014483,61.0613810741688
brownsville,2024-07-01,12.0,0,3130.778559309836,61.050724637681164
kansas_city,2024-07-01,12.0,0,3130.541408284176,61.04006820119352
charleston,2024-07-01,12.0,0,3127.9234788944937,61.029411764705884
teterboro,2024-07-01,12.0,0,3127.4774989598186,61.01875532821824
indianapolis,2024-07-01,12.0,0,3126.8295477006172,61.0080988917306
kona,2024-07-01,12.0,0,3126.655390149483,60.99744245524297
west_palm_beach,2024-07-01,12.0,0,3126.2862082209003,60.986786018755325
white_plains,2024-07-01,12.0,0,3125.1684797526586,60.97612958226769
camp_springs,2024-07-01,12.0,0,3124.837764478683,60.965473145780045
laredo,2024-07-01,12.0,0,3124.3748218898286,60.954816709292416
st._thomas_island,2024-07-01,12.0,0,3124.186879814004,60.94416027280477
bullhead_city,2024-07-01,12.0,0,3124.1764389190616,60.933503836317136
fairbanks,2024-07-01,12.0,0,3124.072031888722,60.92284739982949
atlantic_city,2024-07-01,12.0,0,3123.9084678896756,60.912190963341864
fort_worth,2024-07-01,12.0,0,3123.7657913946746,60.90153452685422
kendall-tamiami,2024-07-01,12.0,0,3123.511773765175,60.890878090366584
vail,2024-07-01,12.0,0,3123.4213067214755,60.88022165387894
birmingham,2024-07-01,12.0,0,3123.2334220029243,60.86956521739131
rochester,2024-07-01,12.0,0,3123.1673171046914,60.85890878090366
bangor,2024-07-01,12.0,0,3123.12556736354,60.84825234441603
jacksonville,2024-07-01,12.0,0,3123.0977345128285,60.83759590792839
kenmore,2024-07-01,12.0,0,3123.0942554239346,60.82693947144075
nome,2024-07-01,12.0,0,3123.083818180489,60.81628303495311
el_paso,2024-07-01,12.0,0,3123.080339107097,60.80562659846548
scottsdale,2024-07-01,12.0,0,3123.049027620937,60.79497016197784
bedford,2024-07-01,12.0,0,3123.031632486494,60.78431372549019
kalispell,2024-07-01,12.0,0,3123.0038004729167,60.77365728900256
midland,2024-07-01,12.0,0,3122.9968425082807,60.763000852514914
burlington,2024-07-01,12.0,0,3122.9794476645043,60.752344416027285
conroe,2024-07-01,12.0,0,3122.9690108047466,60.73635976129582
yakutat,2024-07-01,12.0,0,3122.9690108047466,60.73635976129582
harlingen,2024-07-01,12.0,0,3122.955095045992,60.72037510656436
tuscon,2024-07-01,12.0,0,3122.9307426173787,60.709718670076725
sarasota,2024-07-01,12.0,0,3122.9237848155135,60.69906223358908
van_nuys,2024-07-01,12.0,0,3122.9133481417734,60.68307757885763
vail:eagle,2024-07-01,12.0,0,3122.9133481417734,60.68307757885763
green_bay,2024-07-01,12.0,0,3122.9063903786628,60.66709292412617
sugar_land,2024-07-01,12.0,0,3122.8785594812252,60.65643648763853
buffalo,2024-07-01,12.0,0,3122.8750806364837,60.6457800511509
boise,2024-07-01,12.0,0,3122.871601795623,60.63512361466326
pontiac,2024-07-01,12.0,0,3122.868122958632,60.62446717817562
west_hampton_beach,2024-07-01,12.0,0,3122.847250018074,60.61381074168798
providence,2024-07-01,12.0,0,3122.812462093847,60.60315430520035
bellingham,2024-07-01,12.0,0,3122.7881107774683,60.592497868712705
toledo,2024-07-01,12.0,0,3122.77767455715,60.58184143222506
raleigh-durham,2024-07-01,12.0,0,3122.760280934122,60.56052855924978
great_falls,2024-07-01,12.0,0,3122.760280934122,60.56052855924978
friday_harbor,2024-07-01,12.0,0,3122.760280934122,60.56052855924978
erie,2024-07-01,12.0,0,3122.7533235120404,60.5392156862745
south_bend,2024-07-01,12.0,0,3122.7428874079746,60.523231031543055
greenville,2024-07-01,12.0,0,3122.7428874079746,60.523231031543055
chicago-wheeling,2024-07-01,12.0,0,3122.7359300246453,60.507246376811594
minot,2024-07-01,12.0,0,3122.728972656812,60.49658994032395
naples,2024-07-01,12.0,0,3122.7220153044846,60.48593350383632
appleton,2024-07-01,12.0,0,3122.715057967658,60.47527706734868
aguadilla,2024-07-01,12.0,0,3122.6907074108194,60.46462063086104
spokane,2024-07-01,12.0,0,3122.6872287753476,60.4539641943734
saginlaw,2024-07-01,12.0,0,3122.669835656095,60.44330775788577
carlsbad,2024-07-01,12.0,0,3122.666357043869,60.432651321398126
bozeman,2024-07-01,12.0,0,3122.6628784355235,60.42199488491049
boca_raton,2024-07-01,12.0,0,3122.652442633721,60.411338448422846
savannah,2024-07-01,12.0,0,3122.648964040876,60.40068201193522
addison,2024-07-01,12.0,0,3122.6315711347547,60.39002557544757
omaha,2024-07-01,12.0,0,3122.628092565155,60.37936913895992
norfolk,2024-07-01,12.0,0,3122.62461399943,60.368712702472294
wilmington,2024-07-01,12.0,0,3122.6211354375855,60.35272804774083
barnstable,2024-07-01,12.0,0,3122.6211354375855,60.35272804774083
portsmouth,2024-07-01,12.0,0,3122.6072212289423,60.33674339300937
rogers,2024-07-01,12.0,0,3122.6037426864677,60.320758738277924
windsor_locks,2024-07-01,12.0,0,3122.6037426864677,60.320758738277924
broomdield-co,2024-07-01,12.0,0,3122.600264147868,60.30477408354646
fargo,2024-07-01,12.0,0,3122.5863500322257,60.29411764705882
port_clinton,2024-07-01,12.0,0,3122.572435978584,60.28346121057119
port_huron,2024-07-01,12.0,0,3122.5689574748653,60.26747655583973
columbia,2024-07-01,12.0,0,3122.5689574748653,60.26747655583973
gary,2024-07-01,12.0,0,3122.565478975016,60.24616368286445
milwaukee,2024-07-01,12.0,0,3122.565478975016,60.24616368286445
sault_ste_marie,2024-07-01,12.0,0,3122.5620004790417,60.230179028132994
fort_pierce,2024-07-01,12.0,0,3122.558521986948,60.21952259164536
dallas-fort_worth,2024-07-01,12.0,0,3122.5480865339,60.208866155157715
stuart,2024-07-01,12.0,0,3122.537651115733,60.187553282182435
albany,2024-07-01,12.0,0,3122.537651115733,60.187553282182435
farmingdale,2024-07-01,12.0,0,3122.537651115733,60.187553282182435
des_moines,2024-07-01,12.0,0,3122.534172650758,60.16624040920716
unknown,2024-07-01,12.0,0,3122.5306941896642,60.15558397271952
santa_teresa,2024-07-01,12.0,0,3122.52721573244,60.14492753623188
greensboro,2024-07-01,12.0,0,3122.5237372790903,60.13427109974424
nantucket,2024-07-01,12.0,0,3122.5202588296156,60.12361466325661
baton_rouge,2024-07-01,12.0,0,3122.513301942297,60.11295822676897
manchester,2024-07-01,12.0,0,3122.502866640378,60.09697357203751
del_rio,2024-07-01,12.0,0,3122.502866640378,60.09697357203751
memphis,2024-07-01,12.0,0,3122.495909791803,60.07566069906224
duluth,2024-07-01,12.0,0,3122.495909791803,60.07566069906224
albuquerque,2024-07-01,12.0,0,3122.4924313733336,60.05434782608695
rockford,2024-07-01,12.0,0,3122.4924313733336,60.05434782608695
sioux_falls,2024-07-01,12.0,0,3122.488952958733,60.027706734867856
bristol,2024-07-01,12.0,0,3122.488952958733,60.027706734867856
st._petersburg,2024-07-01,12.0,0,3122.488952958733,60.027706734867856
sheboygan,2024-07-01,12.0,0,3122.485474548008,60.00639386189258
mesa,2024-07-01,12.0,0,3122.4819961411577,59.99573742540495
grant_county_airport,2024-07-01,12.0,0,3122.4785177381873,59.974424552429674
casper,2024-07-01,12.0,0,3122.4785177381873,59.974424552429674
binghamton,2024-07-01,12.0,0,3122.4785177381873,59.974424552429674
newport_news,2024-07-01,12.0,0,3122.475039339087,59.95311167945439
calexico,2024-07-01,12.0,0,3122.4715609438613,59.93179880647911
richmond,2024-07-01,12.0,0,3122.4715609438613,59.93179880647911
springfield,2024-07-01,12.0,0,3122.4715609438613,59.93179880647911
st._paul,2024-07-01,12.0,0,3122.46808255251,59.910485933503836
sanford,2024-07-01,12.0,0,3122.46460416504,59.89450127877238
hillsboro,2024-07-01,12.0,0,3122.46460416504,59.89450127877238
watertown,2024-07-01,12.0,0,3122.4611257814386,59.87851662404092
coeur_d'alene,2024-07-01,12.0,0,3122.4576474017126,59.85187553282183
morristown,2024-07-01,12.0,0,3122.4576474017126,59.85187553282183
pinecreek,2024-07-01,12.0,0,3122.4576474017126,59.85187553282183
grand_rapids,2024-07-01,12.0,0,3122.4576474017126,59.85187553282183
st._croix_island,2024-07-01,12.0,0,3122.454169025861,59.80392156862745
dayton,2024-07-01,12.0,0,3122.454169025861,59.80392156862745
st._augustine_airport,2024-07-01,12.0,0,3122.454169025861,59.80392156862745
nogales,2024-07-01,12.0,0,3122.454169025861,59.80392156862745
key_west,2024-07-01,12.0,0,3122.454169025861,59.80392156862745
presque_isle,2024-07-01,12.0,0,3122.4506906538904,59.7612958226769
islip,2024-07-01,12.0,0,3122.4506906538904,59.7612958226769
dover-cheswold,2024-07-01,12.0,0,3122.4506906538904,59.7612958226769
grand_forks,2024-07-01,12.0,0,3122.4472122857887,59.7346547314578
little_rock,2024-07-01,12.0,0,3122.4472122857887,59.7346547314578
yuma,2024-07-01,12.0,0,3122.443733921562,59.7080136402387
oroville,2024-07-01,12.0,0,3122.443733921562,59.7080136402387
aspen,2024-07-01,12.0,0,3122.443733921562,59.7080136402387
manassas,2024-07-01,12.0,0,3122.4402555612155,59.681372549019606
wichita,2024-07-01,12.0,0,3122.4402555612155,59.681372549019606
sault_ste._marie,2024-07-01,12.0,0,3122.4367772047385,59.638746803069054
angleton,2024-07-01,12.0,0,3122.4367772047385,59.638746803069054
everett,2024-07-01,12.0,0,3122.4367772047385,59.638746803069054
west_chicago,2024-07-01,12.0,0,3122.4367772047385,59.638746803069054
napa,2024-07-01,12.0,0,3122.4367772047385,59.638746803069054
westhampton,2024-07-01,12.0,0,3122.4367772047385,59.638746803069054
lexington_ky,2024-07-01,12.0,0,3122.4332988521364,59.58546462063086
colorado_springs,2024-07-01,12.0,0,3122.4332988521364,59.58546462063086
fairfield,2024-07-01,12.0,0,3122.4332988521364,59.58546462063086
fort_wayne,2024-07-01,12.0,0,3122.4332988521364,59.58546462063086
cocoa,2024-07-01,12.0,0,3122.429820503409,59.54816709292413
elmira,2024-07-01,12.0,0,3122.429820503409,59.54816709292413
racine,2024-07-01,12.0,0,3122.429820503409,59.54816709292413
huntsville,2024-07-01,12.0,0,3122.426342158562,59.494884910485936
st._thomas,2024-07-01,12.0,0,3122.426342158562,59.494884910485936
louisville,2024-07-01,12.0,0,3122.426342158562,59.494884910485936
scranton,2024-07-01,12.0,0,3122.426342158562,59.494884910485936
daytona_beach,2024-07-01,12.0,0,3122.426342158562,59.494884910485936
arcata_ca,2024-07-01,12.0,0,3122.426342158562,59.494884910485936
cutbank,2024-07-01,12.0,0,3122.426342158562,59.494884910485936
kalamazoo,2024-07-01,12.0,0,3122.422863817584,59.41496163682864
hailey,2024-07-01,12.0,0,3122.422863817584,59.41496163682864
trenton,2024-07-01,12.0,0,3122.422863817584,59.41496163682864
winston-salem,2024-07-01,12.0,0,3122.422863817584,59.41496163682864
tacoma,2024-07-01,12.0,0,3122.422863817584,59.41496163682864
olympia,2024-07-01,12.0,0,3122.422863817584,59.41496163682864
new_bedford,2024-07-01,12.0,0,3122.422863817584,59.41496163682864
myrtle_beach,2024-07-01,12.0,0,3122.422863817584,59.41496163682864
leesburg,2024-07-01,12.0,0,3122.419385480481,59.35102301790282
niagara_falls,2024-07-01,12.0,0,3122.419385480481,59.35102301790282
syracuse,2024-07-01,12.0,0,3122.419385480481,59.35102301790282
amarillo,2024-07-01,12.0,0,3122.419385480481,59.35102301790282
ketchikan,2024-07-01,12.0,0,3122.415907147253,59.26577152600171
renton,2024-07-01,12.0,0,3122.415907147253,59.26577152600171
weslaco,2024-07-01,12.0,0,3122.415907147253,59.26577152600171
jackson,2024-07-01,12.0,0,3122.415907147253,59.26577152600171
winnemucca,2024-07-01,12.0,0,3122.415907147253,59.26577152600171
san_bernardino,2024-07-01,12.0,0,3122.415907147253,59.26577152600171
plattsburgh,2024-07-01,12.0,0,3122.415907147253,59.26577152600171
brunswick,2024-07-01,12.0,0,3122.415907147253,59.26577152600171
battle_creek,2024-07-01,12.0,0,3122.415907147253,59.26577152600171
alpena,2024-07-01,12.0,0,3122.415907147253,59.26577152600171
kenosha,2024-07-01,12.0,0,3122.415907147253,59.26577152600171
flint,2024-07-01,12.0,0,3122.415907147253,59.26577152600171
moses_lake,2024-07-01,12.0,0,3122.4124288179055,59.17519181585678
south_lake_tahoe,2024-07-01,12.0,0,3122.4124288179055,59.17519181585678
cheyenne,2024-07-01,12.0,0,3122.4124288179055,59.17519181585678
mount_vernon,2024-07-01,12.0,0,3122.4124288179055,59.17519181585678
international_falls,2024-07-01,12.0,0,3122.4124288179055,59.17519181585678
porthill,2024-07-01,12.0,0,3122.408950492427,59.084612105711855
dunseith,2024-07-01,12.0,0,3122.408950492427,59.084612105711855
butte,2024-07-01,12.0,0,3122.408950492427,59.084612105711855
allentown,2024-07-01,12.0,0,3122.408950492427,59.084612105711855
moline,2024-07-01,12.0,0,3122.408950492427,59.084612105711855
burlington:mount_vernon,2024-07-01,12.0,0,3122.408950492427,59.084612105711855
rapid_city,2024-07-01,12.0,0,3122.408950492427,59.084612105711855
akron,2024-07-01,12.0,0,3122.408950492427,59.084612105711855
knoxville,2024-07-01,12.0,0,3122.408950492427,59.084612105711855
cedar_rapids,2024-07-01,12.0,0,3122.408950492427,59.084612105711855
presidio,2024-07-01,12.0,0,3122.408950492427,59.084612105711855
anacortes,2024-07-01,12.0,0,3122.408950492427,59.084612105711855
vero_beach,2024-07-01,12.0,0,3122.4054721708235,58.972719522591646
groton,2024-07-01,12.0,0,3122.4054721708235,58.972719522591646
harrisburg,2024-07-01,12.0,0,3122.4054721708235,58.972719522591646
hyannis,2024-07-01,12.0,0,3122.4054721708235,58.972719522591646
greensboro:high_poin,2024-07-01,12.0,0,3122.4054721708235,58.972719522591646
bush_field,2024-07-01,12.0,0,3122.4054721708235,58.972719522591646
mobile,2024-07-01,12.0,0,3122.4054721708235,58.972719522591646
peoria,2024-07-01,12.0,0,3122.4054721708235,58.972719522591646
chattanooga,2024-07-01,12.0,0,3122.4054721708235,58.972719522591646
westfield,2024-07-01,12.0,0,3122.4019938530946,58.89279624893435
ainsworth,2024-07-01,12.0,0,3122.4019938530946,58.89279624893435
santa_barbara,2024-07-01,12.0,0,3122.4019938530946,58.89279624893435
corpus_christi,2024-07-01,12.0,0,3122.4019938530946,58.89279624893435
eagle_pass,2024-07-01,12.0,0,3122.4019938530946,58.89279624893435
houma,2024-07-01,12.0,0,3122.4019938530946,58.89279624893435
sagarai,2024-07-01,12.0,0,3122.398515539246,58.80754475703325
pittsfield,2024-07-01,12.0,0,3122.398515539246,58.80754475703325
pembina,2024-07-01,12.0,0,3122.398515539246,58.80754475703325
mccall,2024-07-01,12.0,0,3122.398515539246,58.80754475703325
newport,2024-07-01,12.0,0,3122.398515539246,58.80754475703325
roanoke,2024-07-01,12.0,0,3122.398515539246,58.80754475703325
monterey,2024-07-01,12.0,0,3122.398515539246,58.80754475703325
calliano,2024-07-01,12.0,0,3122.398515539246,58.80754475703325
marathon,2024-07-01,12.0,0,3122.398515539246,58.80754475703325
billings,2024-07-01,12.0,0,3122.398515539246,58.80754475703325
grand_marais,2024-07-01,12.0,0,3122.3950372292666,58.700980392156865
stratford,2024-07-01,12.0,0,3122.3950372292666,58.700980392156865
northway,2024-07-01,12.0,0,3122.3950372292666,58.700980392156865
twin_falls,2024-07-01,12.0,0,3122.3950372292666,58.700980392156865
oklahoma_city,2024-07-01,12.0,0,3122.3950372292666,58.700980392156865
carroll,2024-07-01,12.0,0,3122.3950372292666,58.700980392156865
champaign,2024-07-01,12.0,0,3122.3950372292666,58.700980392156865
fort_dix,2024-07-01,12.0,0,3122.3950372292666,58.700980392156865
north_bend,2024-07-01,12.0,0,3122.3950372292666,58.700980392156865
santa_ana,2024-07-01,12.0,0,3122.3950372292666,58.700980392156865
newton,2024-07-01,12.0,0,3122.3915589231624,58.53580562659847
port_angeles,2024-07-01,12.0,0,3122.3915589231624,58.53580562659847
victorville,2024-07-01,12.0,0,3122.3915589231624,58.53580562659847
ithaca,2024-07-01,12.0,0,3122.3915589231624,58.53580562659847
belleville,2024-07-01,12.0,0,3122.3915589231624,58.53580562659847
schenectady,2024-07-01,12.0,0,3122.3915589231624,58.53580562659847
decatur,2024-07-01,12.0,0,3122.3915589231624,58.53580562659847
new_haven,2024-07-01,12.0,0,3122.3915589231624,58.53580562659847
rockland,2024-07-01,12.0,0,3122.3915589231624,58.53580562659847
mountain_view,2024-07-01,12.0,0,3122.3915589231624,58.53580562659847
beverly,2024-07-01,12.0,0,3122.3915589231624,58.53580562659847
massena,2024-07-01,12.0,0,3122.3915589231624,58.53580562659847
shreveport,2024-07-01,12.0,0,3122.3915589231624,58.53580562659847
broomfield,2024-07-01,12.0,0,3122.3915589231624,58.53580562659847
montrose,2024-07-01,12.0,0,3122.3915589231624,58.53580562659847
lansing,2024-07-01,12.0,0,3122.3915589231624,58.53580562659847
helena,2024-07-01,12.0,0,3122.3915589231624,58.53580562659847
vineyard_haven,2024-07-01,12.0,0,3122.3915589231624,58.53580562659847
aberdeen,2024-07-01,12.0,0,3122.3915589231624,58.53580562659847
alliance,2024-07-01,12.0,0,3122.3915589231624,58.53580562659847
galveston,2024-07-01,12.0,0,3122.3915589231624,58.53580562659847
jacksn_hole,2024-07-01,12.0,0,3122.388080620938,58.317348678601874
grand_junction,2024-07-01,12.0,0,3122.388080620938,58.317348678601874
sioux_city,2024-07-01,12.0,0,3122.388080620938,58.317348678601874
port_townsed,2024-07-01,12.0,0,3122.388080620938,58.317348678601874
monticello,2024-07-01,12.0,0,3122.388080620938,58.317348678601874
ceiba,2024-07-01,12.0,0,3122.388080620938,58.317348678601874
asheville,2024-07-01,12.0,0,3122.388080620938,58.317348678601874
toronto,2024-07-01,12.0,0,3122.388080620938,58.317348678601874
toms_river,2024-07-01,12.0,0,3122.388080620938,58.317348678601874
tokeen,2024-07-01,12.0,0,3122.388080620938,58.317348678601874
baudette,2024-07-01,12.0,0,3122.388080620938,58.317348678601874
pensacola,2024-07-01,12.0,0,3122.388080620938,58.317348678601874
beaufort,2024-07-01,12.0,0,3122.388080620938,58.317348678601874
telluride,2024-07-01,12.0,0,3122.388080620938,58.317348678601874
santa_rosa,2024-07-01,12.0,0,3122.388080620938,58.317348678601874
unalaska,2024-07-01,12.0,0,3122.388080620938,58.317348678601874
saranac_lake,2024-07-01,12.0,0,3122.388080620938,58.317348678601874
burbank,2024-07-01,12.0,0,3122.388080620938,58.317348678601874
ogdensburg,2024-07-01,12.0,0,3122.388080620938,58.317348678601874
houlton,2024-07-01,12.0,0,3122.388080620938,58.317348678601874
skagway,2024-07-01,12.0,0,3122.3846023225833,57.67796248934356
juneau,2024-07-01,12.0,0,3122.3846023225833,57.67796248934356
lawrenceville,2024-07-01,12.0,0,3122.3846023225833,57.67796248934356
lexington,2024-07-01,12.0,0,3122.3846023225833,57.67796248934356
janesville,2024-07-01,12.0,0,3122.3846023225833,57.67796248934356
punta_gorda,2024-07-01,12.0,0,3122.3846023225833,57.67796248934356
queensbury,2024-07-01,12.0,0,3122.3846023225833,57.67796248934356
saratoga,2024-07-01,12.0,0,3122.3846023225833,57.67796248934356
latrobe,2024-07-01,12.0,0,3122.3846023225833,57.67796248934356
rifle,2024-07-01,12.0,0,3122.3846023225833,57.67796248934356
north_kingstown,2024-07-01,12.0,0,3122.3846023225833,57.67796248934356
oxford,2024-07-01,12.0,0,3122.3846023225833,57.67796248934356
medford,2024-07-01,12.0,0,3122.3846023225833,57.67796248934356
lubbock,2024-07-01,12.0,0,3122.3846023225833,57.67796248934356
scotia,2024-07-01,12.0,0,3122.3846023225833,57.67796248934356
panama_city,2024-07-01,12.0,0,3122.3846023225833,57.67796248934356
pinedale,2024-07-01,12.0,0,3122.3846023225833,57.67796248934356
samana,2024-07-01,12.0,0,3122.3846023225833,57.67796248934356
santa_fe,2024-07-01,12.0,0,3122.3846023225833,57.67796248934356
pascagoula,2024-07-01,12.0,0,3122.3846023225833,57.67796248934356
kearney,2024-07-01,12.0,0,3122.3846023225833,57.67796248934356
marietta,2024-07-01,12.0,0,3122.3846023225833,57.67796248934356
kennesaw,2024-07-01,12.0,0,3122.3846023225833,57.67796248934356
martha's_vineyard,2024-07-01,12.0,0,3122.3846023225833,57.67796248934356
st._augustine,2024-07-01,12.0,0,3122.3846023225833,57.67796248934356
pellston,2024-07-01,12.0,0,3122.3846023225833,57.67796248934356
salem,2024-07-01,12.0,0,3122.3846023225833,57.67796248934356
middletown,2024-07-01,12.0,0,3122.3846023225833,57.67796248934356
sitka,2024-07-01,12.0,0,3122.3846023225833,57.67796248934356
plymouth,2024-07-01,12.0,0,3122.3846023225833,57.67796248934356
long_beach,2024-07-01,12.0,0,3122.3846023225833,57.67796248934356
meridian,2024-07-01,12.0,0,3122.3846023225833,57.67796248934356
smithfield,2024-07-01,12.0,0,3122.3846023225833,57.67796248934356
lakeland,2024-07-01,12.0,0,3122.3846023225833,57.67796248934356
lakehurst,2024-07-01,12.0,0,3122.3846023225833,57.67796248934356
lake_charles,2024-07-01,12.0,0,3122.3846023225833,57.67796248934356
stockton,2024-07-01,12.0,0,3122.3846023225833,57.67796248934356
lafayette,2024-07-01,12.0,0,3122.3846023225833,57.67796248934356
pompano_beach,2024-07-01,12.0,0,3122.3846023225833,57.67796248934356
louisiana,2024-07-01,12.0,0,3122.3846023225833,57.67796248934356
ocala,2024-07-01,12.0,0,3122.3846023225833,57.67796248934356
richmond_heights,2024-07-01,12.0,0,3122.3846023225833,57.67796248934356
la_porte,2024-07-01,12.0,0,3122.3846023225833,57.67796248934356
scobay,2024-07-01,12.0,0,3122.3846023225833,57.67796248934356
ponce,2024-07-01,12.0,0,3122.3846023225833,57.67796248934356
lawrence,2024-07-01,12.0,0,3122.3846023225833,57.67796248934356
huntington,2024-07-01,12.0,0,3122.3846023225833,57.67796248934356
gulfport,2024-07-01,12.0,0,3122.3846023225833,57.67796248934356
annapolis,2024-07-01,12.0,0,3122.3846023225833,57.67796248934356
augusta,2024-07-01,12.0,0,3122.3846023225833,57.67796248934356
aiken,2024-07-01,12.0,0,3122.3846023225833,57.67796248934356
waukegan,2024-07-01,12.0,0,3122.3846023225833,57.67796248934356
belmar:farmingdale,2024-07-01,12.0,0,3122.3846023225833,57.67796248934356
eastport,2024-07-01,12.0,0,3122.3846023225833,57.67796248934356
anegada,2024-07-01,12.0,0,3122.3846023225833,57.67796248934356
beaumont,2024-07-01,12.0,0,3122.3846023225833,57.67796248934356
hopkinsville,2024-07-01,12.0,0,3122.3846023225833,57.67796248934356
eastsound,2024-07-01,12.0,0,3122.3846023225833,57.67796248934356
belmar,2024-07-01,12.0,0,3122.3846023225833,57.67796248934356
fort_collins,2024-07-01,12.0,0,3122.3846023225833,57.67796248934356
bridgeport_ct,2024-07-01,12.0,0,3122.3846023225833,57.67796248934356
findlay,2024-07-01,12.0,0,3122.3846023225833,57.67796248934356
hayden,2024-07-01,12.0,0,3122.3846023225833,57.67796248934356
valparaiso,2024-07-01,12.0,0,3122.3846023225833,57.67796248934356
valdez,2024-07-01,12.0,0,3122.3846023225833,57.67796248934356
bamburi,2024-07-01,12.0,0,3122.3846023225833,57.67796248934356
traverse_city,2024-07-01,12.0,0,3122.3846023225833,57.67796248934356
chicopee_falls,2024-07-01,12.0,0,3122.3846023225833,57.67796248934356
chicago:aurora,2024-07-01,12.0,0,3122.3846023225833,57.67796248934356
titusville,2024-07-01,12.0,0,3122.3846023225833,57.67796248934356
jackman,2024-07-01,12.0,0,3122.3846023225833,57.67796248934356
hayward,2024-07-01,12.0,0,3122.3846023225833,57.67796248934356
eden_prairie,2024-07-01,12.0,0,3122.3846023225833,57.67796248934356
waukesha,2024-07-01,12.0,0,3122.3846023225833,57.67796248934356
clemson,2024-07-01,12.0,0,3122.3846023225833,57.67796248934356
haines,2024-07-01,12.0,0,3122.3846023225833,57.67796248934356
alexandria,2024-07-01,12.0,0,3122.3846023225833,57.67796248934356
concord,2024-07-01,12.0,0,3122.3846023225833,57.67796248934356
warroad,2024-07-01,12.0,0,3122.3846023225833,57.67796248934356
dover,2024-07-01,12.0,0,3122.3846023225833,57.67796248934356
abilene,2024-07-01,12.0,0,3122.3846023225833,57.67796248934356
wrangell,2024-07-01,12.0,0,3122.3846023225833,57.67796248934356
gonzales,2024-07-01,12.0,0,3122.3846023225833,57.67796248934356
fairhope,2024-07-01,12.0,0,3122.3846023225833,57.67796248934356
bismarck,2024-07-01,12.0,0,3122.3846023225833,57.67796248934356
ballston_spa,2024-07-01,12.0,0,3122.3846023225833,57.67796248934356
worcester,2024-07-01,12.0,0,3122.3846023225833,57.67796248934356
eugene,2024-07-01,12.0,0,3122.3846023225833,57.67796248934356
georgetown,2024-07-01,12.0,0,3122.3846023225833,57.67796248934356
crane_lake,2024-07-01,12.0,0,3122.3846023225833,57.67796248934356
hampton,2024-07-01,12.0,0,3122.3846023225833,57.67796248934356
charlotte_amalie,2024-07-01,12.0,0,3122.3846023225833,57.67796248934356
bar_harbor,2024-07-01,12.0,0,3122.3846023225833,57.67796248934356
culebra_island,2024-07-01,12.0,0,3122.3846023225833,57.67796248934356
clinton,2024-07-01,12.0,0,3122.3846023225833,57.67796248934356
tulsa,2024-07-01,12.0,0,3122.3846023225833,57.67796248934356
gulf_shores,2024-07-01,12.0,0,3122.3846023225833,57.67796248934356
fayetteville,2024-07-01,12.0,0,3122.3846023225833,57.67796248934356
east_hampton,2024-07-01,12.0,0,3122.3846023225833,57.67796248934356
winston_salem,2024-07-01,12.0,0,3122.3846023225833,57.67796248934356
agana,2024-08-01,12.0,0,3098.720191168565,57.13981244671782
detroit,2024-08-01,12.0,0,3088.378232144809,57.129156010230176
minneapolis,2024-08-01,12.0,0,3031.268727941504,57.11849957374254
charlotte,2024-08-01,12.0,0,3019.5873241309464,57.107843137254896
denver,2024-04-01,12.0,0,2998.924105112449,57.09718670076727
philadelphia,2024-08-01,12.0,0,2993.2267356752927,57.086530264279624
phoenix,2024-04-01,12.0,0,2979.6665695872434,57.07587382779199
agana,2024-04-01,12.0,0,2910.0049235281213,57.065217391304344
tampa,2024-08-01,12.0,0,2889.0259133600694,57.054560954816715
phoenix,2024-08-01,12.0,0,2885.3914796165977,57.04390451832907
tampa,2024-04-01,12.0,0,2883.6628119012116,57.033248081841435
detroit,2024-04-01,12.0,0,2863.483013025081,57.02259164535379
charlotte,2024-04-01,12.0,0,2856.387947305491,57.01193520886616
san_diego,2024-08-01,12.0,0,2830.127512786246,57.00127877237852
philadelphia,2024-04-01,12.0,0,2819.130258049822,56.990622335890876
minneapolis,2024-04-01,12.0,0,2805.721017329873,56.97996589940324
saipan,2024-08-01,12.0,0,2795.1391014512997,56.9693094629156
salt_lake_city,2024-08-01,12.0,0,2788.5985513583846,56.95865302642796
san_antonio,2024-08-01,12.0,0,2786.933984175435,56.94799658994032
portland,2024-08-01,12.0,0,2780.768851215505,56.93734015345269
san_juan,2024-08-01,12.0,0,2780.158663225242,56.926683716965044
nashville,2024-08-01,12.0,0,2769.0469933134978,56.91602728047741
melbourne,2024-08-01,12.0,0,2765.5142022799455,56.905370843989765
austin,2024-08-01,12.0,0,2763.247701491605,56.894714407502136
raleigh,2024-08-01,12.0,0,2741.719799106542,56.88405797101449
oakland,2024-08-01,12.0,0,2738.343888991676,56.873401534526856
san_jose,2024-08-01,12.0,0,2735.3773799703768,56.86274509803921
baltimore,2024-08-01,12.0,0,2723.9864448698845,56.85208866155158
palm_springs,2024-04-01,12.0,0,2723.4191511690337,56.84143222506394
san_diego,2024-04-01,12.0,0,2717.4762570141556,56.830775788576304
sacramento,2024-08-01,12.0,0,2716.671036302035,56.82011935208866
fresno,2024-08-01,12.0,0,2715.5424472014165,56.80946291560103
ontario,2024-08-01,12.0,0,2712.902836556041,56.79880647911338
anchorage,2024-08-01,12.0,0,2712.5945958927205,56.78815004262575
laguna_beach,2024-08-01,12.0,0,2708.8018745615204,56.77749360613811
fort_myers,2024-08-01,12.0,0,2701.948603150668,56.766837169650465
fort_myers,2024-04-01,12.0,0,2701.1421559677633,56.75618073316283
new_orleans,2024-08-01,12.0,0,2699.48759687408,56.745524296675185
cincinnati,2024-08-01,12.0,0,2699.0155086103746,56.734867860187556
saipan,2024-04-01,12.0,0,2695.2899083655593,56.72421142369991
austin,2024-04-01,12.0,0,2694.0291455989213,56.71355498721228
san_antonio,2024-04-01,12.0,0,2693.0299599998225,56.70289855072463
pittsburgh,2024-08-01,12.0,0,2692.1989929889387,56.692242114237004
kahului,2024-08-01,12.0,0,2690.9756483529145,56.68158567774936
st._louis,2024-08-01,12.0,0,2688.6743898032496,56.670929241261724
palm_springs,2024-08-01,12.0,0,2686.0369581400505,56.66027280477408
cleveland,2024-08-01,12.0,0,2685.989083194953,56.649616368286445
newburgh,2024-08-01,12.0,0,2685.764680764193,56.6389599317988
hartford,2024-08-01,12.0,0,2684.311007300805,56.62830349531117
mcallen,2024-08-01,12.0,0,2682.0184359265827,56.61764705882353
kona,2024-08-01,12.0,0,2681.937768317618,56.60699062233589
reno,2024-08-01,12.0,0,2681.5762877215316,56.59633418584825
columbus,2024-08-01,12.0,0,2678.453452767445,56.58567774936062
salt_lake_city,2024-04-01,12.0,0,2678.259609689974,56.57502131287298
kansas_city,2024-08-01,12.0,0,2677.6539236902618,56.56436487638533
west_palm_beach,2024-08-01,12.0,0,2677.5077669443617,56.5537084398977
san_juan,2024-04-01,12.0,0,2677.057510155662,56.543052003410054
charleston,2024-08-01,12.0,0,2677.045486910621,56.532395566922425
brownsville,2024-08-01,12.0,0,2676.9262017942424,56.52173913043478
indianapolis,2024-08-01,12.0,0,2676.204640184196,56.511082693947145
teterboro,2024-08-01,12.0,0,2675.885664625518,56.5004262574595
white_plains,2024-08-01,12.0,0,2673.996439780144,56.48976982097187
kahului,2024-04-01,12.0,0,2673.966746300566,56.47911338448422
fairbanks,2024-08-01,12.0,0,2673.594332320562,56.46845694799659
laredo,2024-08-01,12.0,0,2673.4513753518154,56.45780051150895
st._thomas_island,2024-08-01,12.0,0,2673.129750119536,56.44714407502131
atlantic_city,2024-08-01,12.0,0,2672.6860899325297,56.43648763853367
kendall-tamiami,2024-08-01,12.0,0,2672.566999064317,56.42583120204604
vail,2024-08-01,12.0,0,2672.5104327608697,56.4151747655584
buffalo,2024-08-01,12.0,0,2672.4568447356787,56.40451832907076
bangor,2024-08-01,12.0,0,2672.4181429413047,56.39386189258312
columbia,2024-08-01,12.0,0,2672.3675337481836,56.38320545609549
bullhead_city,2024-08-01,12.0,0,2672.2960871071687,56.372549019607845
des_moines,2024-08-01,12.0,0,2672.2603645029694,56.36189258312021
bedford,2024-08-01,12.0,0,2672.2514339265354,56.351236146632566
kalispell,2024-08-01,12.0,0,2672.212735106865,56.34057971014492
el_paso,2024-08-01,12.0,0,2672.171060081658,56.329923273657286
scottsdale,2024-08-01,12.0,0,2672.1561763016,56.31926683716964
alexandria,2024-08-01,12.0,0,2672.150222812789,56.308610400682014
nome,2024-08-01,12.0,0,2672.1442693372414,56.29795396419437
tuscon,2024-08-01,12.0,0,2672.1353391487924,56.287297527706734
jacksonville,2024-08-01,12.0,0,2672.081758644817,56.27664109121909
conroe,2024-08-01,12.0,0,2672.060922072309,56.26065643648764
fort_worth,2024-08-01,12.0,0,2672.060922072309,56.26065643648764
west_hampton_beach,2024-08-01,12.0,0,2672.0519921624027,56.24467178175618
van_nuys,2024-08-01,12.0,0,2672.049015532398,56.23401534526854
pontiac,2024-08-01,12.0,0,2672.0252026117387,56.22335890878091
vail:eagle,2024-08-01,12.0,0,2672.019249414733,56.212702472293266
windsor_locks,2024-08-01,12.0,0,2671.992460192345,56.20204603580563
norfolk,2024-08-01,12.0,0,2671.9865070682886,56.191389599317986
greenville,2024-08-01,12.0,0,2671.971624316176,56.18073316283036
friday_harbor,2024-08-01,12.0,0,2671.941859060635,56.170076726342714
midland,2024-08-01,12.0,0,2671.9388825533188,56.15942028985508
burlington,2024-08-01,12.0,0,2671.929953051261,56.148763853367434
kenmore,2024-08-01,12.0,0,2671.888282436241,56.13810741687979
providence,2024-08-01,12.0,0,2671.8585181091125,56.127450980392155
savannah,2024-08-01,12.0,0,2671.8406596719888,56.11679454390451
bozeman,2024-08-01,12.0,0,2671.83470688614,56.10613810741688
carlsbad,2024-08-01,12.0,0,2671.819824979542,56.09548167092924
barnstable,2024-08-01,12.0,0,2671.8168486081704,56.0848252344416
sugar_land,2024-08-01,12.0,0,2671.8108958753714,56.07416879795396
bellingham,2024-08-01,12.0,0,2671.8079195139444,56.06351236146633
boca_raton,2024-08-01,12.0,0,2671.7930377565503,56.05285592497869
omaha,2024-08-01,12.0,0,2671.7870850768013,56.036871270247225
boise,2024-08-01,12.0,0,2671.7870850768013,56.036871270247225
fargo,2024-08-01,12.0,0,2671.784108741899,56.02088661551578
addison,2024-08-01,12.0,0,2671.781132410315,56.01023017902813
lexington_ky,2024-08-01,12.0,0,2671.7632744904295,55.9995737425405
milwaukee,2024-08-01,12.0,0,2671.7364878344038,55.988917306052855
coeur_d'alene,2024-08-01,12.0,0,2671.733511555866,55.97293265132139
yakutat,2024-08-01,12.0,0,2671.733511555866,55.97293265132139
wilmington,2024-08-01,12.0,0,2671.7275590087397,55.956947996589946
great_falls,2024-08-01,12.0,0,2671.724582740151,55.9462915601023
gary,2024-08-01,12.0,0,2671.721606474878,55.93563512361467
rochester,2024-08-01,12.0,0,2671.718630212918,55.92497868712702
erie,2024-08-01,12.0,0,2671.712677698947,55.91432225063938
sarasota,2024-08-01,12.0,0,2671.7097014469364,55.90366581415175
st._croix_island,2024-08-01,12.0,0,2671.7067251982385,55.88235294117647
toledo,2024-08-01,12.0,0,2671.7067251982385,55.88235294117647
spokane,2024-08-01,12.0,0,2671.7067251982385,55.88235294117647
san_bernardino,2024-08-01,12.0,0,2671.7037489528584,55.8610400682012
fort_wayne,2024-08-01,12.0,0,2671.700772710791,55.84505541346974
naples,2024-08-01,12.0,0,2671.700772710791,55.84505541346974
harlingen,2024-08-01,12.0,0,2671.6918440044883,55.82374254049446
syracuse,2024-08-01,12.0,0,2671.6918440044883,55.82374254049446
st._petersburg,2024-08-01,12.0,0,2671.6888677756833,55.807757885762996
chicago-wheeling,2024-08-01,12.0,0,2671.6799391091663,55.79710144927537
manchester,2024-08-01,12.0,0,2671.6769628936254,55.781116794543905
memphis,2024-08-01,12.0,0,2671.6769628936254,55.781116794543905
albany,2024-08-01,12.0,0,2671.6739866813978,55.765132139812444
portsmouth,2024-08-01,12.0,0,2671.671010472488,55.74381926683717
minot,2024-08-01,12.0,0,2671.671010472488,55.74381926683717
grand_forks,2024-08-01,12.0,0,2671.671010472488,55.74381926683717
sheboygan,2024-08-01,12.0,0,2671.659105669999,55.71717817561807
grand_rapids,2024-08-01,12.0,0,2671.659105669999,55.71717817561807
wichita,2024-08-01,12.0,0,2671.656129477664,55.70119352088662
santa_teresa,2024-08-01,12.0,0,2671.653153288647,55.69053708439897
westhampton,2024-08-01,12.0,0,2671.6412485657283,55.67988064791134
ketchikan,2024-08-01,12.0,0,2671.6352962241613,55.65856777493606
raleigh-durham,2024-08-01,12.0,0,2671.6352962241613,55.65856777493606
louisville,2024-08-01,12.0,0,2671.6352962241613,55.65856777493606
aspen,2024-08-01,12.0,0,2671.6323200583524,55.63725490196079
greensboro,2024-08-01,12.0,0,2671.629343895856,55.626598465473144
islip,2024-08-01,12.0,0,2671.626367736678,55.61061381074168
dover-cheswold,2024-08-01,12.0,0,2671.626367736678,55.61061381074168
monterey,2024-08-01,12.0,0,2671.620415428265,55.594629156010235
saginlaw,2024-08-01,12.0,0,2671.617439279031,55.58397271952259
sioux_falls,2024-08-01,12.0,0,2671.61148699051,55.56265984654731
little_rock,2024-08-01,12.0,0,2671.61148699051,55.56265984654731
angleton,2024-08-01,12.0,0,2671.61148699051,55.56265984654731
camp_springs,2024-08-01,12.0,0,2671.6085108512243,55.5306905370844
colorado_springs,2024-08-01,12.0,0,2671.6085108512243,55.5306905370844
stuart,2024-08-01,12.0,0,2671.6085108512243,55.5306905370844
vineyard_haven,2024-08-01,12.0,0,2671.6055347152515,55.509377664109124
hillsboro,2024-08-01,12.0,0,2671.602558582596,55.48806479113384
new_haven,2024-08-01,12.0,0,2671.602558582596,55.48806479113384
lakeland,2024-08-01,12.0,0,2671.602558582596,55.48806479113384
pensacola,2024-08-01,12.0,0,2671.599582453254,55.445439045183285
moses_lake,2024-08-01,12.0,0,2671.599582453254,55.445439045183285
morristown,2024-08-01,12.0,0,2671.599582453254,55.445439045183285
juneau,2024-08-01,12.0,0,2671.599582453254,55.445439045183285
fort_pierce,2024-08-01,12.0,0,2671.599582453254,55.445439045183285
brunswick,2024-08-01,12.0,0,2671.5966063272294,55.413469735720376
dallas-fort_worth,2024-08-01,12.0,0,2671.593630204518,55.40281329923273
green_bay,2024-08-01,12.0,0,2671.5876779690434,55.370843989769824
st._thomas,2024-08-01,12.0,0,2671.5876779690434,55.370843989769824
watertown,2024-08-01,12.0,0,2671.5876779690434,55.370843989769824
broomdield-co,2024-08-01,12.0,0,2671.5876779690434,55.370843989769824
del_rio,2024-08-01,12.0,0,2671.5876779690434,55.370843989769824
sault_ste_marie,2024-08-01,12.0,0,2671.5847018562804,55.32289002557545
international_falls,2024-08-01,12.0,0,2671.5847018562804,55.32289002557545
everett,2024-08-01,12.0,0,2671.5847018562804,55.32289002557545
rogers,2024-08-01,12.0,0,2671.5847018562804,55.32289002557545
oroville,2024-08-01,12.0,0,2671.581725746833,55.27493606138108
casper,2024-08-01,12.0,0,2671.581725746833,55.27493606138108
baton_rouge,2024-08-01,12.0,0,2671.581725746833,55.27493606138108
aguadilla,2024-08-01,12.0,0,2671.581725746833,55.27493606138108
amarillo,2024-08-01,12.0,0,2671.581725746833,55.27493606138108
akron,2024-08-01,12.0,0,2671.5787496406983,55.232310315430524
chattanooga,2024-08-01,12.0,0,2671.5787496406983,55.232310315430524
santa_ana,2024-08-01,12.0,0,2671.5787496406983,55.232310315430524
lihue,2024-08-01,12.0,0,2671.575773537881,55.20566922421143
calexico,2024-08-01,12.0,0,2671.575773537881,55.20566922421143
moline,2024-08-01,12.0,0,2671.572797438377,55.16304347826087
farmingdale,2024-08-01,12.0,0,2671.572797438377,55.16304347826087
albuquerque,2024-08-01,12.0,0,2671.572797438377,55.16304347826087
appleton,2024-08-01,12.0,0,2671.572797438377,55.16304347826087
new_bedford,2024-08-01,12.0,0,2671.572797438377,55.16304347826087
corpus_christi,2024-08-01,12.0,0,2671.572797438377,55.16304347826087
key_west,2024-08-01,12.0,0,2671.569821342191,55.083120204603574
daytona_beach,2024-08-01,12.0,0,2671.569821342191,55.083120204603574
richmond,2024-08-01,12.0,0,2671.569821342191,55.083120204603574
dayton,2024-08-01,12.0,0,2671.569821342191,55.083120204603574
groton,2024-08-01,12.0,0,2671.569821342191,55.083120204603574
knoxville,2024-08-01,12.0,0,2671.569821342191,55.083120204603574
binghamton,2024-08-01,12.0,0,2671.569821342191,55.083120204603574
lansing,2024-08-01,12.0,0,2671.569821342191,55.083120204603574
port_huron,2024-08-01,12.0,0,2671.569821342191,55.083120204603574
duluth,2024-08-01,12.0,0,2671.5668452493173,55.01385336743393
broomfield,2024-08-01,12.0,0,2671.5668452493173,55.01385336743393
st._augustine_airport,2024-08-01,12.0,0,2671.5668452493173,55.01385336743393
niagara_falls,2024-08-01,12.0,0,2671.5668452493173,55.01385336743393
sanford,2024-08-01,12.0,0,2671.563869159762,54.96057118499573
trenton,2024-08-01,12.0,0,2671.563869159762,54.96057118499573
port_clinton,2024-08-01,12.0,0,2671.563869159762,54.96057118499573
long_beach,2024-08-01,12.0,0,2671.563869159762,54.96057118499573
galveston,2024-08-01,12.0,0,2671.563869159762,54.96057118499573
north_bend,2024-08-01,12.0,0,2671.563869159762,54.96057118499573
westfield,2024-08-01,12.0,0,2671.5608930735193,54.912617220801366
grant_county_airport,2024-08-01,12.0,0,2671.5608930735193,54.912617220801366
fort_collins,2024-08-01,12.0,0,2671.5608930735193,54.912617220801366
bristol,2024-08-01,12.0,0,2671.557916990594,54.891304347826086
st._paul,2024-08-01,12.0,0,2671.554940910982,54.875319693094625
birmingham,2024-08-01,12.0,0,2671.554940910982,54.875319693094625
port_angeles,2024-08-01,12.0,0,2671.5519648346876,54.827365728900254
lubbock,2024-08-01,12.0,0,2671.5519648346876,54.827365728900254
weslaco,2024-08-01,12.0,0,2671.5519648346876,54.827365728900254
harrisburg,2024-08-01,12.0,0,2671.5519648346876,54.827365728900254
nantucket,2024-08-01,12.0,0,2671.5519648346876,54.827365728900254
kenosha,2024-08-01,12.0,0,2671.5519648346876,54.827365728900254
leesburg,2024-08-01,12.0,0,2671.5519648346876,54.827365728900254
eagle_pass,2024-08-01,12.0,0,2671.5489887617064,54.7580988917306
yuma,2024-08-01,12.0,0,2671.5489887617064,54.7580988917306
cocoa,2024-08-01,12.0,0,2671.5489887617064,54.7580988917306
west_chicago,2024-08-01,12.0,0,2671.5489887617064,54.7580988917306
renton,2024-08-01,12.0,0,2671.5489887617064,54.7580988917306
san_cristobal_de_las_casas,2024-08-01,12.0,0,2671.5489887617064,54.7580988917306
marathon,2024-08-01,12.0,0,2671.5460126920425,54.688832054560955
cutbank,2024-08-01,12.0,0,2671.5460126920425,54.688832054560955
ceiba,2024-08-01,12.0,0,2671.5460126920425,54.688832054560955
asheville,2024-08-01,12.0,0,2671.5460126920425,54.688832054560955
wisconsin_rapids,2024-08-01,12.0,0,2671.5460126920425,54.688832054560955
unknown,2024-08-01,12.0,0,2671.5460126920425,54.688832054560955
oklahoma_city,2024-08-01,12.0,0,2671.5460126920425,54.688832054560955
hyannis,2024-08-01,12.0,0,2671.543036625692,54.59825234441603
ponce,2024-08-01,12.0,0,2671.543036625692,54.59825234441603
terre_haute,2024-08-01,12.0,0,2671.543036625692,54.59825234441603
south_bend,2024-08-01,12.0,0,2671.543036625692,54.59825234441603
pittsfield,2024-08-01,12.0,0,2671.543036625692,54.59825234441603
rifle,2024-08-01,12.0,0,2671.543036625692,54.59825234441603
tacoma,2024-08-01,12.0,0,2671.543036625692,54.59825234441603
muskoka,2024-08-01,12.0,0,2671.543036625692,54.59825234441603
georgetown,2024-08-01,12.0,0,2671.543036625692,54.59825234441603
alpena,2024-08-01,12.0,0,2671.543036625692,54.59825234441603
pasco,2024-08-01,12.0,0,2671.5400605626587,54.46504688832054
crane_lake,2024-08-01,12.0,0,2671.5400605626587,54.46504688832054
jackson,2024-08-01,12.0,0,2671.5400605626587,54.46504688832054
lakehurst,2024-08-01,12.0,0,2671.5400605626587,54.46504688832054
windsor,2024-08-01,12.0,0,2671.5400605626587,54.46504688832054
mobile,2024-08-01,12.0,0,2671.5400605626587,54.46504688832054
champaign,2024-08-01,12.0,0,2671.5400605626587,54.46504688832054
roanoke,2024-08-01,12.0,0,2671.5400605626587,54.46504688832054
jackman,2024-08-01,12.0,0,2671.5400605626587,54.46504688832054
scranton,2024-08-01,12.0,0,2671.5400605626587,54.46504688832054
ithaca,2024-08-01,12.0,0,2671.5400605626587,54.46504688832054
charlottesville,2024-08-01,12.0,0,2671.5400605626587,54.46504688832054
danville,2024-08-01,12.0,0,2671.5400605626587,54.46504688832054
tallahassee,2024-08-01,12.0,0,2671.5400605626587,54.46504688832054
youngstown,2024-08-01,12.0,0,2671.5400605626587,54.46504688832054
warroad,2024-08-01,12.0,0,2671.5370845029406,54.305200341005964
wilkes-barre,2024-08-01,12.0,0,2671.5370845029406,54.305200341005964
santa_rosa,2024-08-01,12.0,0,2671.5370845029406,54.305200341005964
allentown,2024-08-01,12.0,0,2671.5370845029406,54.305200341005964
elmira,2024-08-01,12.0,0,2671.5370845029406,54.305200341005964
vero_beach,2024-08-01,12.0,0,2671.5370845029406,54.305200341005964
sagarai,2024-08-01,12.0,0,2671.5370845029406,54.305200341005964
plattsburgh,2024-08-01,12.0,0,2671.5370845029406,54.305200341005964
racine,2024-08-01,12.0,0,2671.5370845029406,54.305200341005964
flint,2024-08-01,12.0,0,2671.5370845029406,54.305200341005964
schenectady,2024-08-01,12.0,0,2671.5370845029406,54.305200341005964
bar_harbor,2024-08-01,12.0,0,2671.5370845029406,54.305200341005964
sitka,2024-08-01,12.0,0,2671.5370845029406,54.305200341005964
edinburg,2024-08-01,12.0,0,2671.5370845029406,54.305200341005964
olympia,2024-08-01,12.0,0,2671.5370845029406,54.305200341005964
baudette,2024-08-01,12.0,0,2671.534108446536,54.10272804774083
belmar:farmingdale,2024-08-01,12.0,0,2671.534108446536,54.10272804774083
sault_ste._marie,2024-08-01,12.0,0,2671.534108446536,54.10272804774083
lebanon,2024-08-01,12.0,0,2671.534108446536,54.10272804774083
porthill,2024-08-01,12.0,0,2671.534108446536,54.10272804774083
billings,2024-08-01,12.0,0,2671.534108446536,54.10272804774083
beverly,2024-08-01,12.0,0,2671.534108446536,54.10272804774083
presidio,2024-08-01,12.0,0,2671.534108446536,54.10272804774083
tsaratanana,2024-08-01,12.0,0,2671.534108446536,54.10272804774083
stratford,2024-08-01,12.0,0,2671.534108446536,54.10272804774083
princeton,2024-08-01,12.0,0,2671.534108446536,54.10272804774083
cunnamulla,2024-08-01,12.0,0,2671.534108446536,54.10272804774083
oxford,2024-08-01,12.0,0,2671.534108446536,54.10272804774083
kalamazoo,2024-08-01,12.0,0,2671.534108446536,54.10272804774083
elkhart,2024-08-01,12.0,0,2671.534108446536,54.10272804774083
myrtle_beach,2024-08-01,12.0,0,2671.534108446536,54.10272804774083
worcester,2024-08-01,12.0,0,2671.534108446536,54.10272804774083
nogales,2024-08-01,12.0,0,2671.534108446536,54.10272804774083
ogdensburg,2024-08-01,12.0,0,2671.534108446536,54.10272804774083
clinton,2024-08-01,12.0,0,2671.534108446536,54.10272804774083
peoria,2024-08-01,12.0,0,2671.534108446536,54.10272804774083
bakersfield,2024-08-01,12.0,0,2671.534108446536,54.10272804774083
mesa,2024-08-01,12.0,0,2671.534108446536,54.10272804774083
port_townsed,2024-08-01,12.0,0,2671.5311323934484,53.86295822676897
waco,2024-08-01,12.0,0,2671.5311323934484,53.86295822676897
pinecreek,2024-08-01,12.0,0,2671.5311323934484,53.86295822676897
saranac_lake,2024-08-01,12.0,0,2671.5311323934484,53.86295822676897
guam,2024-08-01,12.0,0,2671.5311323934484,53.86295822676897
rockford,2024-08-01,12.0,0,2671.5311323934484,53.86295822676897
houlton,2024-08-01,12.0,0,2671.5311323934484,53.86295822676897
presque_isle,2024-08-01,12.0,0,2671.5311323934484,53.86295822676897
cold_bay,2024-08-01,12.0,0,2671.5311323934484,53.86295822676897
anacortes,2024-08-01,12.0,0,2671.5311323934484,53.86295822676897
huntsville,2024-08-01,12.0,0,2671.5311323934484,53.86295822676897
massena,2024-08-01,12.0,0,2671.5311323934484,53.86295822676897
north_kingstown,2024-08-01,12.0,0,2671.5311323934484,53.86295822676897
bismarck,2024-08-01,12.0,0,2671.5311323934484,53.86295822676897
manassas,2024-08-01,12.0,0,2671.5311323934484,53.86295822676897
anegada,2024-08-01,12.0,0,2671.5311323934484,53.86295822676897
lincoln,2024-08-01,12.0,0,2671.5311323934484,53.86295822676897
missoula,2024-08-01,12.0,0,2671.5311323934484,53.86295822676897
springfield,2024-08-01,12.0,0,2671.5311323934484,53.86295822676897
victorville,2024-08-01,12.0,0,2671.5311323934484,53.86295822676897
murray,2024-08-01,12.0,0,2671.5311323934484,53.86295822676897
smyrna,2024-08-01,12.0,0,2671.5311323934484,53.86295822676897
shreveport,2024-08-01,12.0,0,2671.5281563436743,53.33546462063086
eastsound,2024-08-01,12.0,0,2671.5281563436743,53.33546462063086
lawrence,2024-08-01,12.0,0,2671.5281563436743,53.33546462063086
eastport,2024-08-01,12.0,0,2671.5281563436743,53.33546462063086
battle_creek,2024-08-01,12.0,0,2671.5281563436743,53.33546462063086
greensboro:high_poin,2024-08-01,12.0,0,2671.5281563436743,53.33546462063086
port_alexander,2024-08-01,12.0,0,2671.5281563436743,53.33546462063086
mountain_view,2024-08-01,12.0,0,2671.5281563436743,53.33546462063086
lancaster,2024-08-01,8.442838370565045,1,2671.5281563436743,53.33546462063086
lafayette,2024-08-01,12.0,0,2671.5281563436743,53.33546462063086
peru,2024-08-01,12.0,0,2671.5281563436743,53.33546462063086
fernandina_beach,2024-08-01,12.0,0,2671.5281563436743,53.33546462063086
dunseith,2024-08-01,12.0,0,2671.5281563436743,53.33546462063086
monroe,2024-08-01,12.0,0,2671.5281563436743,53.33546462063086
north_platte,2024-08-01,12.0,0,2671.5281563436743,53.33546462063086
idaho_falls,2024-08-01,12.0,0,2671.5281563436743,53.33546462063086
dalton,2024-08-01,12.0,0,2671.5281563436743,53.33546462063086
lancaster,2024-08-01,12.0,0,2671.5281563436743,53.33546462063086
napa,2024-08-01,12.0,0,2671.5281563436743,53.33546462063086
lake_charles,2024-08-01,12.0,0,2671.5281563436743,53.33546462063086
st._augustine,2024-08-01,12.0,0,2671.5281563436743,53.33546462063086
gulf_shores,2024-08-01,12.0,0,2671.5281563436743,53.33546462063086
beaumont,2024-08-01,12.0,0,2671.5281563436743,53.33546462063086
northway,2024-08-01,12.0,0,2671.5281563436743,53.33546462063086
beaufort,2024-08-01,12.0,0,2671.5281563436743,53.33546462063086
queensbury,2024-08-01,12.0,0,2671.5281563436743,53.33546462063086
jacksn_hole,2024-08-01,12.0,0,2671.5281563436743,53.33546462063086
saratoga_springs,2024-08-01,12.0,0,2671.5281563436743,53.33546462063086
newport,2024-08-01,12.0,0,2671.5281563436743,53.33546462063086
fairfield,2024-08-01,12.0,0,2671.5281563436743,53.33546462063086
decatur,2024-08-01,12.0,0,2671.5281563436743,53.33546462063086
fairhope,2024-08-01,12.0,0,2671.5281563436743,53.33546462063086
ely,2024-08-01,12.0,0,2671.5281563436743,53.33546462063086
gulfport,2024-08-01,12.0,0,2671.5281563436743,53.33546462063086
burbank,2024-08-01,12.0,0,2671.5281563436743,53.33546462063086
medford,2024-08-01,12.0,0,2671.5281563436743,53.33546462063086
scotia,2024-08-01,12.0,0,2671.5281563436743,53.33546462063086
grand_marais,2024-08-01,12.0,0,2671.5281563436743,53.33546462063086
houma,2024-08-01,12.0,0,2671.5281563436743,53.33546462063086
holy_cross,2024-08-01,12.0,0,2671.5281563436743,53.33546462063086
calliano,2024-08-01,12.0,0,2671.5281563436743,53.33546462063086
rockland,2024-08-01,12.779237844940866,1,2671.5281563436743,53.33546462063086
winston-salem,2024-08-01,12.0,0,2671.5281563436743,53.33546462063086
tulsa,2024-08-01,12.0,0,2671.5281563436743,53.33546462063086
olathe,2024-08-01,12.0,0,2671.5281563436743,53.33546462063086
helena,2024-08-01,12.0,0,2671.5281563436743,53.33546462063086
butte,2024-08-01,12.0,0,2671.5281563436743,53.33546462063086
charlotte_amalie,2024-08-01,12.0,0,2671.5281563436743,53.33546462063086
richmond_heights,2024-08-01,12.0,0,2671.5281563436743,53.33546462063086
manteo,2024-08-01,12.0,0,2671.5281563436743,53.33546462063086
carriacou_island,2024-08-01,12.0,0,2671.5281563436743,53.33546462063086
ludington,2024-08-01,12.0,0,2671.5281563436743,53.33546462063086
lynchburg,2024-08-01,12.0,0,2671.5281563436743,53.33546462063086
waukegan,2024-08-01,12.0,0,2671.5281563436743,53.33546462063086
madison,2024-08-01,12.0,0,2671.5281563436743,53.33546462063086
lexington,2024-08-01,12.0,0,2671.5281563436743,53.33546462063086
rockland,2024-08-01,12.0,0,2671.5281563436743,53.33546462063086
fort_dix,2024-08-01,12.0,0,2671.5281563436743,53.33546462063086
marquette,2024-08-01,9.921156373193167,1,2671.5281563436743,53.33546462063086
gonzales,2024-08-01,12.0,0,2671.5281563436743,53.33546462063086
scobay,2024-08-01,12.0,0,2671.5281563436743,53.33546462063086
chicopee_falls,2024-08-01,12.0,0,2671.5281563436743,53.33546462063086
goldsboro,2024-08-01,12.0,0,2671.5281563436743,53.33546462063086
burlington:mount_vernon,2024-08-01,12.0,0,2671.5281563436743,53.33546462063086
kennesaw,2024-08-01,12.0,0,2671.5281563436743,53.33546462063086
rome,2024-08-01,12.0,0,2671.5281563436743,53.33546462063086
bridgeport_ct,2024-08-01,12.0,0,2671.5281563436743,53.33546462063086
hoquiam,2024-08-01,12.0,0,2671.5281563436743,53.33546462063086
pellston,2024-08-01,12.0,0,2671.5281563436743,53.33546462063086
kingstown,2024-08-01,12.0,0,2671.5281563436743,53.33546462063086
ogden,2024-08-01,12.0,0,2671.5281563436743,53.33546462063086
bridgetown,2024-08-01,12.0,0,2671.5281563436743,53.33546462063086
martha's_vineyard,2024-08-01,12.0,0,2671.5281563436743,53.33546462063086
marquette,2024-08-01,12.0,0,2671.5281563436743,53.33546462063086
patuxent_river,2024-08-01,12.0,0,2671.5281563436743,53.33546462063086
marquette,2024-08-01,10.019710906701707,1,2671.5281563436743,53.33546462063086
holland,2024-08-01,12.0,0,2671.5281563436743,53.33546462063086
nashville,2024-04-01,12.0,0,2669.787829543267,52.91986359761296
portland,2024-04-01,12.0,0,2649.1444584343326,52.909207161125316
oakland,2024-04-01,12.0,0,2649.1031431750257,52.89855072463768
san_jose,2024-04-01,12.0,0,2644.3532377815604,52.88789428815004
fresno,2024-04-01,12.0,0,2636.855106475431,52.87723785166241
ontario,2024-04-01,12.0,0,2635.4396487375234,52.866581415174764
melbourne,2024-04-01,12.0,0,2635.2047915243406,52.85592497868713
new_orleans,2024-04-01,12.0,0,2634.9376668880586,52.845268542199484
laguna_beach,2024-04-01,12.0,0,2633.6992669774886,52.834612105711855
baltimore,2024-04-01,12.0,0,2633.4616312143066,52.82395566922421
raleigh,2024-04-01,12.0,0,2630.6204653663226,52.813299232736576
sacramento,2024-04-01,12.0,0,2627.6594203801196,52.80264279624893
west_palm_beach,2024-04-01,12.0,0,2623.1788067547236,52.7919863597613
kona,2024-04-01,12.0,0,2617.0318930778785,52.78132992327366
cincinnati,2024-04-01,12.0,0,2615.7494578093488,52.77067348678602
pittsburgh,2024-04-01,12.0,0,2612.467540301134,52.76001705029838
newburgh,2024-04-01,12.0,0,2611.30078852581,52.74936061381074
st._louis,2024-04-01,12.0,0,2610.5038563224307,52.7387041773231
mcallen,2024-04-01,12.0,0,2606.212171790266,52.72804774083546
cleveland,2024-04-01,12.0,0,2605.8086461473745,52.71739130434783
hartford,2024-04-01,12.0,0,2605.692535237365,52.706734867860185
charleston,2024-04-01,12.0,0,2604.581035175191,52.69607843137255
sarasota,2024-04-01,12.0,0,2604.578133706925,52.685421994884905
reno,2024-04-01,12.0,0,2604.1777620848197,52.674765558397276
indianapolis,2024-04-01,12.0,0,2603.168402562793,52.66410912190963
columbus,2024-04-01,12.0,0,2603.032111008127,52.653452685421996
teterboro,2024-04-01,12.0,0,2602.144940439972,52.64279624893435
kauai_island,2024-04-01,12.0,0,2599.7777340974617,52.632139812446724
bullhead_city,2024-04-01,12.0,0,2599.693748001198,52.62148337595908
brownsville,2024-04-01,12.0,0,2599.5894931735033,52.610826939471444
white_plains,2024-04-01,12.0,0,2599.4823467350957,52.6001705029838
kansas_city,2024-04-01,12.0,0,2599.1175027999625,52.589514066496164
laredo,2024-04-01,12.0,0,2598.877197072795,52.57885763000852
scottsdale,2024-04-01,12.0,0,2598.7990301196255,52.56820119352089
st._thomas_island,2024-04-01,12.0,0,2598.7961350924356,52.55754475703325
bedford,2024-04-01,12.0,0,2598.7469201236536,52.54688832054561
naples,2024-04-01,12.0,0,2598.6195445322983,52.53623188405797
kendall-tamiami,2024-04-01,12.0,0,2598.5095433640195,52.525575447570326
boise,2024-04-01,12.0,0,2598.486385816674,52.514919011082696
tuscon,2024-04-01,12.0,0,2598.263504975834,52.50426257459505
boca_raton,2024-04-01,12.0,0,2598.254821693645,52.49360613810742
van_nuys,2024-04-01,12.0,0,2598.0464316266093,52.48294970161977
vail,2024-04-01,12.0,0,2598.0319607148276,52.472293265132144
sirnak,2024-04-01,12.0,0,2598.008807423631,52.4616368286445
norfolk,2024-04-01,12.0,0,2597.9567132728635,52.450980392156865
jacksonville,2024-04-01,12.0,0,2597.8959380838537,52.44032395566922
anchorage,2024-04-01,12.0,0,2597.881468010309,52.42966751918159
columbia,2024-04-01,12.0,0,2597.8669980173618,52.41901108269394
conroe,2024-04-01,12.0,0,2597.7888614481576,52.40835464620631
savannah,2024-04-01,12.0,0,2597.785967546282,52.39769820971867
augusta,2024-04-01,12.0,0,2597.7743919710215,52.38704177323103
buffalo,2024-04-01,12.0,0,2597.7714980852647,52.37638533674339
rochester,2024-04-01,12.0,0,2597.7483471152736,52.36572890025576
birmingham,2024-04-01,12.0,0,2597.736771707647,52.35507246376812
el_paso,2024-04-01,12.0,0,2597.7251963516005,52.34441602728048
farmingdale,2024-04-01,12.0,0,2597.6788954432063,52.33375959079284
carlsbad,2024-04-01,12.0,0,2597.6760016638314,52.323103154305194
midland,2024-04-01,12.0,0,2597.6673203450528,52.312446717817565
pontiac,2024-04-01,12.0,0,2597.664426578572,52.2964620630861
vail:eagle,2024-04-01,12.0,0,2597.664426578572,52.2964620630861
windsor_locks,2024-04-01,12.0,0,2597.6557452984766,52.28047740835464
stuart,2024-04-01,12.0,0,2597.641276562787,52.269820971867006
greenville,2024-04-01,12.0,0,2597.635489091079,52.25383631713555
casper,2024-04-01,12.0,0,2597.635489091079,52.25383631713555
wilmington,2024-04-01,12.0,0,2597.623914186341,52.23785166240409
milwaukee,2024-04-01,12.0,0,2597.6036582271586,52.227195225916454
sugar_land,2024-04-01,12.0,0,2597.592083464257,52.21653878942881
aguadilla,2024-04-01,12.0,0,2597.5747214166086,52.20588235294118
bangor,2024-04-01,12.0,0,2597.5515722002633,52.18989769820972
greensboro,2024-04-01,12.0,0,2597.5515722002633,52.18989769820972
camp_springs,2024-04-01,12.0,0,2597.542891297322,52.17391304347826
great_falls,2024-04-01,12.0,0,2597.537104044814,52.16325660699063
dallas-fort_worth,2024-04-01,12.0,0,2597.52842319022,52.152600170502986
addison,2024-04-01,12.0,0,2597.5197423646423,52.136615515771524
louisville,2024-04-01,12.0,0,2597.5197423646423,52.136615515771524
fort_pierce,2024-04-01,12.0,0,2597.511061568075,52.12063086104008
bellingham,2024-04-01,12.0,0,2597.508167975665,52.10997442455243
erie,2024-04-01,12.0,0,2597.5052743864826,52.09931798806478
st._thomas,2024-04-01,12.0,0,2597.4965936382623,52.088661551577154
broomdield-co,2024-04-01,12.0,0,2597.4908064889037,52.07800511508951
omaha,2024-04-01,12.0,0,2597.4821257890394,52.06202046035806
raleigh-durham,2024-04-01,12.0,0,2597.4821257890394,52.06202046035806
memphis,2024-04-01,12.0,0,2597.47633867191,52.0460358056266
huntsville,2024-04-01,12.0,0,2597.470551567679,52.03537936913896
burlington,2024-04-01,12.0,0,2597.4647644763368,52.02472293265132
fort_worth,2024-04-01,12.0,0,2597.4618709355054,52.01406649616368
fargo,2024-04-01,12.0,0,2597.4531903323377,52.00341005967605
rogers,2024-04-01,12.0,0,2597.4502968043994,51.992753623188406
greensboro:high_poin,2024-04-01,12.0,0,2597.4387227248676,51.976768968456945
nogales,2024-04-01,12.0,0,2597.4387227248676,51.976768968456945
lexington_ky,2024-04-01,12.0,0,2597.432935704439,51.95012787723785
toledo,2024-04-01,12.0,0,2597.432935704439,51.95012787723785
colorado_springs,2024-04-01,12.0,0,2597.432935704439,51.95012787723785
long_beach,2024-04-01,12.0,0,2597.4300421990642,51.91815856777494
duluth,2024-04-01,12.0,0,2597.4300421990642,51.91815856777494
kalispell,2024-04-01,12.0,0,2597.4300421990642,51.91815856777494
morristown,2024-04-01,12.0,0,2597.4271486969087,51.89684569479965
bozeman,2024-04-01,12.0,0,2597.424255197976,51.880861040068204
binghamton,2024-04-01,12.0,0,2597.424255197976,51.880861040068204
port_clinton,2024-04-01,12.0,0,2597.421361702267,51.86487638533674
santa_teresa,2024-04-01,12.0,0,2597.4184682097857,51.84889173060528
aspen,2024-04-01,12.0,0,2597.4184682097857,51.84889173060528
portsmouth,2024-04-01,12.0,0,2597.4155747205227,51.83290707587383
st._petersburg,2024-04-01,12.0,0,2597.409787751668,51.82225063938619
islip,2024-04-01,12.0,0,2597.4068942720796,51.80626598465473
mesa,2024-04-01,12.0,0,2597.4068942720796,51.80626598465473
fairbanks,2024-04-01,12.0,0,2597.40400079571,51.78495311167946
aiken,2024-04-01,12.0,0,2597.40400079571,51.78495311167946
west_chicago,2024-04-01,12.0,0,2597.4011073225643,51.75831202046036
vero_beach,2024-04-01,12.0,0,2597.4011073225643,51.75831202046036
monterey,2024-04-01,12.0,0,2597.4011073225643,51.75831202046036
chicago-wheeling,2024-04-01,12.0,0,2597.398213852641,51.736999147485086
des_moines,2024-04-01,12.0,0,2597.3953203859464,51.72634271099744
st._paul,2024-04-01,12.0,0,2597.3924269224703,51.71568627450981
syracuse,2024-04-01,12.0,0,2597.389533462217,51.69970161977835
spokane,2024-04-01,12.0,0,2597.389533462217,51.69970161977835
little_rock,2024-04-01,12.0,0,2597.386640005192,51.67838874680307
everett,2024-04-01,12.0,0,2597.386640005192,51.67838874680307
knoxville,2024-04-01,12.0,0,2597.3837465513857,51.65707587382779
wichita,2024-04-01,12.0,0,2597.3837465513857,51.65707587382779
minot,2024-04-01,12.0,0,2597.3808531008026,51.63576300085252
manassas,2024-04-01,12.0,0,2597.3808531008026,51.63576300085252
moline,2024-04-01,12.0,0,2597.3779596534428,51.6037936913896
yuma,2024-04-01,12.0,0,2597.3779596534428,51.6037936913896
gary,2024-04-01,12.0,0,2597.3779596534428,51.6037936913896
bristol,2024-04-01,12.0,0,2597.3779596534428,51.6037936913896
pensacola,2024-04-01,12.0,0,2597.3750662093107,51.57182438192668
providence,2024-04-01,12.0,0,2597.3750662093107,51.57182438192668
tulsa,2024-04-01,12.0,0,2597.3721727683974,51.5505115089514
calexico,2024-04-01,12.0,0,2597.3721727683974,51.5505115089514
green_bay,2024-04-01,12.0,0,2597.3692793307073,51.52919863597612
friday_harbor,2024-04-01,12.0,0,2597.3692793307073,51.52919863597612
daytona_beach,2024-04-01,12.0,0,2597.3663858962404,51.497229326513214
chattanooga,2024-04-01,12.0,0,2597.3663858962404,51.497229326513214
springfield,2024-04-01,12.0,0,2597.3663858962404,51.497229326513214
sioux_falls,2024-04-01,12.0,0,2597.3663858962404,51.497229326513214
atlantic_city,2024-04-01,12.0,0,2597.360599036981,51.44394714407502
marathon,2024-04-01,12.0,0,2597.360599036981,51.44394714407502
angleton,2024-04-01,12.0,0,2597.360599036981,51.44394714407502
winston-salem,2024-04-01,12.0,0,2597.360599036981,51.44394714407502
kenmore,2024-04-01,12.0,0,2597.360599036981,51.44394714407502
key_west,2024-04-01,12.0,0,2597.360599036981,51.44394714407502
corpus_christi,2024-04-01,12.0,0,2597.35481219061,51.385336743393005
grand_rapids,2024-04-01,12.0,0,2597.35481219061,51.385336743393005
oklahoma_city,2024-04-01,12.0,0,2597.35481219061,51.385336743393005
peoria,2024-04-01,12.0,0,2597.35481219061,51.385336743393005
brunswick,2024-04-01,12.0,0,2597.35481219061,51.385336743393005
kalamazoo,2024-04-01,12.0,0,2597.351918772264,51.337382779198634
albany,2024-04-01,12.0,0,2597.351918772264,51.337382779198634
trenton,2024-04-01,12.0,0,2597.351918772264,51.337382779198634
lansing,2024-04-01,12.0,0,2597.351918772264,51.337382779198634
richmond,2024-04-01,12.0,0,2597.3490253571367,51.27877237851662
bush_field,2024-04-01,12.0,0,2597.3490253571367,51.27877237851662
appleton,2024-04-01,12.0,0,2597.3490253571367,51.27877237851662
toronto,2024-04-01,12.0,0,2597.3490253571367,51.27877237851662
sanford,2024-04-01,12.0,0,2597.3490253571367,51.27877237851662
fort_wayne,2024-04-01,12.0,0,2597.3490253571367,51.27877237851662
coeur_d'alene,2024-04-01,12.0,0,2597.3490253571367,51.27877237851662
del_rio,2024-04-01,12.0,0,2597.3461319452326,51.225490196078425
dayton,2024-04-01,12.0,0,2597.3461319452326,51.225490196078425
st._augustine_airport,2024-04-01,12.0,0,2597.3461319452326,51.225490196078425
new_bedford,2024-04-01,12.0,0,2597.3432385365563,51.1881926683717
west_hampton_beach,2024-04-01,12.0,0,2597.3432385365563,51.1881926683717
dover-cheswold,2024-04-01,12.0,0,2597.3432385365563,51.1881926683717
grant_county_airport,2024-04-01,12.0,0,2597.3432385365563,51.1881926683717
north_bend,2024-04-01,12.0,0,2597.3403451310983,51.15622335890878
moses_lake,2024-04-01,12.0,0,2597.3403451310983,51.15622335890878
san_bernardino,2024-04-01,12.0,0,2597.337451728864,51.1349104859335
page,2024-04-01,12.0,0,2597.337451728864,51.1349104859335
lakeland,2024-04-01,12.0,0,2597.3345583298524,51.08162830349531
st._croix_island,2024-04-01,12.0,0,2597.3345583298524,51.08162830349531
burlington:mount_vernon,2024-04-01,12.0,0,2597.3345583298524,51.08162830349531
plattsburgh,2024-04-01,12.0,0,2597.3345583298524,51.08162830349531
charlottesville,2024-04-01,12.0,0,2597.3345583298524,51.08162830349531
henderson,2024-04-01,12.0,0,2597.3345583298524,51.08162830349531
south_bend,2024-04-01,12.0,0,2597.3345583298524,51.08162830349531
winchester,2024-04-01,12.0,0,2597.3345583298524,51.08162830349531
jackson,2024-04-01,12.0,0,2597.331664934069,51.017689684569476
albuquerque,2024-04-01,12.0,0,2597.331664934069,51.017689684569476
new_haven,2024-04-01,12.0,0,2597.331664934069,51.017689684569476
harrisburg,2024-04-01,12.0,0,2597.331664934069,51.017689684569476
akron,2024-04-01,12.0,0,2597.328771541504,50.964407502131294
renton,2024-04-01,12.0,0,2597.328771541504,50.964407502131294
hilton_head_island,2024-04-01,12.0,0,2597.328771541504,50.964407502131294
leesburg,2024-04-01,12.0,0,2597.328771541504,50.964407502131294
allentown,2024-04-01,12.0,0,2597.328771541504,50.964407502131294
broomfield,2024-04-01,12.0,0,2597.328771541504,50.964407502131294
scranton,2024-04-01,12.0,0,2597.325878152162,50.884484228474
sheridan,2024-04-01,12.0,0,2597.325878152162,50.884484228474
gillette,2024-04-01,12.0,0,2597.325878152162,50.884484228474
saint_george,2024-04-01,12.0,0,2597.325878152162,50.884484228474
ceiba,2024-04-01,12.0,0,2597.325878152162,50.884484228474
port_angeles,2024-04-01,12.0,0,2597.325878152162,50.884484228474
idaho_falls,2024-04-01,12.0,0,2597.325878152162,50.884484228474
oroville,2024-04-01,12.0,0,2597.325878152162,50.884484228474
tacoma,2024-04-01,12.0,0,2597.325878152162,50.884484228474
port_huron,2024-04-01,12.0,0,2597.3229847660436,50.783248081841435
venice,2024-04-01,12.0,0,2597.3229847660436,50.783248081841435
burbank,2024-04-01,12.0,0,2597.3229847660436,50.783248081841435
fairfield,2024-04-01,12.0,0,2597.3229847660436,50.783248081841435
key_largo,2024-04-01,12.0,0,2597.3229847660436,50.783248081841435
eagle_pass,2024-04-01,12.0,0,2597.3229847660436,50.783248081841435
houma,2024-04-01,12.0,0,2597.3229847660436,50.783248081841435
pasco,2024-04-01,12.0,0,2597.3229847660436,50.783248081841435
international_falls,2024-04-01,12.0,0,2597.3229847660436,50.783248081841435
marco_island,2024-04-01,12.0,0,2597.3229847660436,50.783248081841435
eden_prairie,2024-04-01,12.0,0,2597.3200913831533,50.71398124467178
hillsboro,2024-04-01,12.0,0,2597.3200913831533,50.71398124467178
baton_rouge,2024-04-01,12.0,0,2597.3200913831533,50.71398124467178
lihue,2024-04-01,12.0,0,2597.317198003481,50.61274509803921
rockford,2024-04-01,12.0,0,2597.317198003481,50.61274509803921
cocoa,2024-04-01,12.0,0,2597.317198003481,50.61274509803921
monroe,2024-04-01,12.0,0,2597.317198003481,50.61274509803921
mobile,2024-04-01,12.0,0,2597.317198003481,50.61274509803921
amarillo,2024-04-01,12.0,0,2597.317198003481,50.61274509803921
richmond_heights,2024-04-01,12.0,0,2597.317198003481,50.61274509803921
dover,2024-04-01,12.0,0,2597.317198003481,50.61274509803921
ocala,2024-04-01,12.0,0,2597.317198003481,50.61274509803921
mountain_view,2024-04-01,12.0,0,2597.317198003481,50.61274509803921
myrtle_beach,2024-04-01,12.0,0,2597.317198003481,50.61274509803921
cold_bay,2024-04-01,12.0,0,2597.317198003481,50.61274509803921
porthill,2024-04-01,12.0,0,2597.317198003481,50.61274509803921
racine,2024-04-01,12.0,0,2597.317198003481,50.61274509803921
fulshear,2024-04-01,12.0,0,2597.317198003481,50.61274509803921
newport_news,2024-04-01,12.0,0,2597.317198003481,50.61274509803921
okeechobee,2024-04-01,12.0,0,2597.314304627032,50.46355498721228
galveston,2024-04-01,12.0,0,2597.314304627032,50.46355498721228
juneau,2024-04-01,12.0,0,2597.314304627032,50.46355498721228
saginlaw,2024-04-01,12.0,0,2597.314304627032,50.46355498721228
elmira,2024-04-01,12.0,0,2597.314304627032,50.46355498721228
la_verne,2024-04-01,12.0,0,2597.314304627032,50.46355498721228
ogdensburg,2024-04-01,12.0,0,2597.314304627032,50.46355498721228
olympia,2024-04-01,12.0,0,2597.314304627032,50.46355498721228
harlingen,2024-04-01,12.0,0,2597.314304627032,50.46355498721228
napa,2024-04-01,12.0,0,2597.314304627032,50.46355498721228
evansville,2024-04-01,12.0,0,2597.314304627032,50.46355498721228
battle_creek,2024-04-01,12.0,0,2597.314304627032,50.46355498721228
kapolei,2024-04-01,12.0,0,2597.3114112538065,50.261082693947145
santa_barbara,2024-04-01,12.0,0,2597.3114112538065,50.261082693947145
cheyenne,2024-04-01,12.0,0,2597.3114112538065,50.261082693947145
roanoke,2024-04-01,12.0,0,2597.3114112538065,50.261082693947145
chico,2024-04-01,12.0,0,2597.3114112538065,50.261082693947145
beverly,2024-04-01,12.0,0,2597.3114112538065,50.261082693947145
flint,2024-04-01,12.0,0,2597.3114112538065,50.261082693947145
gander,2024-04-01,12.0,0,2597.3114112538065,50.261082693947145
jackman,2024-04-01,12.0,0,2597.3114112538065,50.261082693947145
klamath_falls,2024-04-01,12.0,0,2597.3114112538065,50.261082693947145
nome,2024-04-01,12.0,0,2597.3114112538065,50.261082693947145
destin,2024-04-01,12.0,0,2597.3114112538065,50.261082693947145
weslaco,2024-04-01,12.0,0,2597.3114112538065,50.261082693947145
douglas,2024-04-01,12.0,0,2597.3114112538065,50.261082693947145
belleville,2024-04-01,12.0,0,2597.3114112538065,50.261082693947145
winston_salem,2024-04-01,12.0,0,2597.3114112538065,50.261082693947145
bismarck,2024-04-01,12.0,0,2597.3114112538065,50.261082693947145
kekaha,2024-04-01,12.0,0,2597.3114112538065,50.261082693947145
ketchikan,2024-04-01,12.0,0,2597.3114112538065,50.261082693947145
hoquiam,2024-04-01,12.0,0,2597.3114112538065,50.261082693947145
shreveport,2024-04-01,12.0,0,2597.3114112538065,50.261082693947145
cutbank,2024-04-01,12.0,0,2597.3114112538065,50.261082693947145
sedona,2024-04-01,12.0,0,2597.3114112538065,50.261082693947145
cayo_coco,2024-04-01,12.0,0,2597.3114112538065,50.261082693947145
grand_forks,2024-04-01,12.0,0,2597.3114112538065,50.261082693947145
stratford,2024-04-01,12.0,0,2597.3114112538065,50.261082693947145
ogden,2024-04-01,12.0,0,2597.3085178838082,50.00532821824382
fort_dix,2024-04-01,12.0,0,2597.3085178838082,50.00532821824382
statesville,2024-04-01,12.0,0,2597.3085178838082,50.00532821824382
watertown,2024-04-01,12.0,0,2597.3085178838082,50.00532821824382
culebra_island,2024-04-01,12.0,0,2597.3085178838082,50.00532821824382
massena,2024-04-01,12.0,0,2597.3085178838082,50.00532821824382
sault_ste_marie,2024-04-01,12.0,0,2597.3085178838082,50.00532821824382
lakehurst,2024-04-01,12.0,0,2597.3085178838082,50.00532821824382
chicopee_falls,2024-04-01,12.0,0,2597.3085178838082,50.00532821824382
edinburg,2024-04-01,12.0,0,2597.3085178838082,50.00532821824382
eastport,2024-04-01,12.0,0,2597.3085178838082,50.00532821824382
waukegan,2024-04-01,12.0,0,2597.3085178838082,50.00532821824382
lake_charles,2024-04-01,12.0,0,2597.3085178838082,50.00532821824382
scobay,2024-04-01,12.0,0,2597.3085178838082,50.00532821824382
champaign,2024-04-01,12.0,0,2597.3085178838082,50.00532821824382
kerrville,2024-04-01,12.0,0,2597.3085178838082,50.00532821824382
baudette,2024-04-01,12.0,0,2597.3085178838082,50.00532821824382
pembina,2024-04-01,12.0,0,2597.3085178838082,50.00532821824382
lubbock,2024-04-01,12.0,0,2597.3085178838082,50.00532821824382
schenectady,2024-04-01,12.0,0,2597.3085178838082,50.00532821824382
kelowna,2024-04-01,12.0,0,2597.3085178838082,50.00532821824382
tokeen,2024-04-01,12.0,0,2597.3085178838082,50.00532821824382
santa_ana,2024-04-01,12.0,0,2597.3056245170287,49.515132139812444
calliano,2024-04-01,12.0,0,2597.3056245170287,49.515132139812444
anacortes,2024-04-01,12.0,0,2597.3056245170287,49.515132139812444
fayetteville,2024-04-01,12.0,0,2597.3056245170287,49.515132139812444
keene,2024-04-01,12.0,0,2597.3056245170287,49.515132139812444
clinton,2024-04-01,12.0,0,2597.3056245170287,49.515132139812444
killeen,2024-04-01,12.0,0,2597.3056245170287,49.515132139812444
louisiana,2024-04-01,12.0,0,2597.3056245170287,49.515132139812444
cedar_rapids,2024-04-01,12.0,0,2597.3056245170287,49.515132139812444
sumter,2024-04-01,12.0,0,2597.3056245170287,49.515132139812444
georgetown,2024-04-01,12.0,0,2597.3056245170287,49.515132139812444
genting,2024-04-01,12.0,0,2597.3056245170287,49.515132139812444
alexandria,2024-04-01,12.0,0,2597.3056245170287,49.515132139812444
panama_city,2024-04-01,12.0,0,2597.3056245170287,49.515132139812444
goldsboro,2024-04-01,12.0,0,2597.3056245170287,49.515132139812444
sagarai,2024-04-01,12.0,0,2597.3056245170287,49.515132139812444
longview,2024-04-01,12.0,0,2597.3056245170287,49.515132139812444
hopkinsville,2024-04-01,12.0,0,2597.3056245170287,49.515132139812444
madison,2024-04-01,12.0,0,2597.3056245170287,49.515132139812444
cunnamulla,2024-04-01,12.0,0,2597.3056245170287,49.515132139812444
oxford,2024-04-01,12.0,0,2597.3056245170287,49.515132139812444
college_station,2024-04-01,12.0,0,2597.3056245170287,49.515132139812444
niagara_falls,2024-04-01,12.0,0,2597.3056245170287,49.515132139812444
fairhope,2024-04-01,12.0,0,2597.3056245170287,49.515132139812444
bakersfield,2024-04-01,12.0,0,2597.3056245170287,49.515132139812444
wausau,2024-04-01,12.0,0,2597.3056245170287,49.515132139812444
vineyard_haven,2024-04-01,12.0,0,2597.3056245170287,49.515132139812444
riverside,2024-04-01,12.0,0,2597.3056245170287,49.515132139812444
lawrence,2024-04-01,12.0,0,2597.3056245170287,49.515132139812444
kennesaw,2024-04-01,12.0,0,2597.3056245170287,49.515132139812444
brooksville,2024-04-01,12.0,0,2597.3056245170287,49.515132139812444
scotia,2024-04-01,12.0,0,2597.3056245170287,49.515132139812444
gulfport,2024-04-01,12.0,0,2597.3056245170287,49.515132139812444
north_kingstown,2024-04-01,12.0,0,2597.3056245170287,49.515132139812444
santa_fe,2024-04-01,12.0,0,2597.3056245170287,49.515132139812444
lexington,2024-04-01,12.0,0,2597.3056245170287,49.515132139812444
andersen,2024-04-01,12.0,0,2597.3056245170287,49.515132139812444
hayden,2024-04-01,12.0,0,2597.3056245170287,49.515132139812444
westfield,2024-04-01,12.0,0,2597.3056245170287,49.515132139812444
huntington,2024-04-01,12.0,0,2597.3056245170287,49.515132139812444
gulf_shores,2024-04-01,12.0,0,2597.3056245170287,49.515132139812444
whidbey_island,2024-04-01,12.0,0,2597.3056245170287,49.515132139812444
fort_collins:lovelan,2024-04-01,12.0,0,2597.3056245170287,49.515132139812444
punta_gorda,2024-04-01,12.0,0,2597.3056245170287,49.515132139812444
thomasville,2024-04-01,12.0,0,2597.3056245170287,49.515132139812444
northway,2024-04-01,12.0,0,2597.3056245170287,49.515132139812444
beaufort,2024-04-01,12.0,0,2597.3056245170287,49.515132139812444
valparaiso,2024-04-01,12.0,0,2597.3056245170287,49.515132139812444
east_hampton,2024-04-01,12.0,0,2597.3056245170287,49.515132139812444
sheboygan,2024-04-01,12.0,0,2597.3056245170287,49.515132139812444
guam,2024-04-01,12.0,0,2597.3056245170287,49.515132139812444
easton,2024-04-01,12.0,0,2597.3056245170287,49.515132139812444
marfa,2024-04-01,12.0,0,2597.3056245170287,49.515132139812444
latrobe,2024-04-01,12.0,0,2597.3056245170287,49.515132139812444
westhampton,2024-04-01,12.0,0,2597.3056245170287,49.515132139812444
blacksburg,2024-04-01,12.0,0,2597.3056245170287,49.515132139812444
groton,2024-04-01,12.0,0,2597.3056245170287,49.515132139812444
kenosha,2024-04-01,12.0,0,2597.3056245170287,49.515132139812444
pittsfield,2024-04-01,12.0,0,2597.3056245170287,49.515132139812444
beaumont,2024-04-01,12.0,0,2597.3056245170287,49.515132139812444
fort_collins,2024-04-01,12.0,0,2597.3056245170287,49.515132139812444
hailey,2024-04-01,12.0,0,2597.3056245170287,49.515132139812444
redlands,2024-04-01,12.0,0,2597.3056245170287,49.515132139812444
belmar,2024-04-01,12.0,0,2597.3056245170287,49.515132139812444
pinecreek,2024-04-01,12.0,0,2597.3056245170287,49.515132139812444
bamburi,2024-04-01,12.0,0,2597.3056245170287,49.515132139812444
staunton,2024-04-01,12.0,0,2597.3056245170287,49.515132139812444
presidio,2024-04-01,12.0,0,2597.3056245170287,49.515132139812444
morgantown,2024-04-01,12.0,0,2597.3056245170287,49.515132139812444
manchester,2024-04-01,12.0,0,2597.3056245170287,49.515132139812444
new_york,2024-03-01,12.0,0,2176.3719606740283,49.13682864450128
miami,2024-03-01,12.0,0,1861.5909325057316,49.12617220801364
los_angeles,2024-03-01,12.0,0,1317.3952947978883,49.115515771526006
san_francisco,2024-03-01,12.0,0,882.1871923631281,49.10485933503836
newark,2024-03-01,12.0,0,823.603384510289,49.094202898550726
orlando,2024-03-01,12.0,0,798.4731193748117,49.08354646206309
houston,2024-03-01,12.0,0,781.8061673316996,49.07289002557545
fort_lauderdale,2024-03-01,12.0,0,745.085744926582,49.06223358908781
chicago,2024-03-01,12.0,0,730.3560824664847,49.051577152600174
dallas,2024-03-01,12.0,0,709.6796066378024,49.04092071611253
atlanta,2024-03-01,12.0,0,709.4108623809126,49.03026427962489
washington,2024-03-01,12.0,0,654.616481307492,49.01960784313725
las_vegas,2024-03-01,12.0,0,635.7179680787532,49.008951406649615
honolulu,2024-03-01,12.0,0,609.6470849613011,48.99829497016198
boston,2024-03-01,12.0,0,599.1313611027446,48.987638533674335
seattle,2024-03-01,12.0,0,586.9868681342786,48.9769820971867
phoenix,2024-03-01,12.0,0,543.5984637491912,48.96632566069906
agana,2024-03-01,12.0,0,540.9483454069345,48.95566922421143
denver,2024-03-01,12.0,0,540.1420527518551,48.94501278772378
tampa,2024-03-01,12.0,0,523.5098582559376,48.93435635123615
detroit,2024-03-01,12.0,0,518.8003865717525,48.92369991474851
charlotte,2024-03-01,12.0,0,515.0172018726298,48.91304347826087
philadelphia,2024-03-01,12.0,0,502.3315484810621,48.90238704177323
minneapolis,2024-03-01,12.0,0,501.65266428096305,48.891730605285595
palm_springs,2024-03-01,12.0,0,500.52397230240007,48.88107416879796
fort_myers,2024-03-01,12.0,0,494.58174103011953,48.870417732310315
san_diego,2024-03-01,12.0,0,487.63275563359736,48.85976129582268
san_juan,2024-03-01,12.0,0,486.1948126235605,48.84910485933504
san_antonio,2024-03-01,12.0,0,485.9110892915478,48.8384484228474
saipan,2024-03-01,12.0,0,485.22736918389006,48.827791986359756
kahului,2024-03-01,12.0,0,485.21061282410153,48.81713554987212
austin,2024-03-01,12.0,0,483.44956433410647,48.80647911338448
salt_lake_city,2024-03-01,12.0,0,482.7902824205149,48.79582267689685
portland,2024-03-01,12.0,0,477.33873549575867,48.785166240409204
oakland,2024-03-01,12.0,0,475.88661459901095,48.76918158567775
san_jose,2024-03-01,12.0,0,475.88661459901095,48.76918158567775
nashville,2024-03-01,12.0,0,475.48229605186134,48.75319693094629
kona,2024-03-01,12.0,0,475.0132300451999,48.74254049445865
fresno,2024-03-01,12.0,0,474.7767550109371,48.731884057971016
ontario,2024-03-01,12.0,0,474.6234001701321,48.72122762148338
baltimore,2024-03-01,12.0,0,474.3887045903732,48.710571184995736
laguna_beach,2024-03-01,12.0,0,474.28936396139966,48.6999147485081
new_orleans,2024-03-01,12.0,0,474.003611498366,48.68925831202046
sacramento,2024-03-01,12.0,0,473.78241690139635,48.67860187553282
west_palm_beach,2024-03-01,12.0,0,473.4763990008714,48.667945439045184
raleigh,2024-03-01,12.0,0,472.99613884883695,48.65728900255755
st._louis,2024-03-01,12.0,0,469.800200675076,48.64663256606991
cincinnati,2024-03-01,12.0,0,469.7923504696577,48.63597612958227
pittsburgh,2024-03-01,12.0,0,469.552197593566,48.62531969309463
anchorage,2024-03-01,12.0,0,469.4355663273052,48.61466325660699
newburgh,2024-03-01,12.0,0,469.4266763430429,48.60400682011935
kauai_island,2024-03-01,12.0,0,469.2917784222215,48.59335038363171
sarasota,2024-03-01,12.0,0,469.03986367822483,48.58269394714407
cleveland,2024-03-01,12.0,0,468.9165688489402,48.572037510656436
melbourne,2024-03-01,12.0,0,468.88575020602553,48.5613810741688
mcallen,2024-03-01,12.0,0,468.8716474348291,48.55072463768116
reno,2024-03-01,12.0,0,468.6570242823993,48.54006820119352
columbus,2024-03-01,12.0,0,468.25780480784204,48.529411764705884
hartford,2024-03-01,12.0,0,468.23746155529983,48.51875532821824
indianapolis,2024-03-01,12.0,0,468.15140372729934,48.508098891730604
teterboro,2024-03-01,12.0,0,468.0877832618792,48.49744245524297
brownsville,2024-03-01,12.0,0,467.97203705354593,48.48678601875533
vail,2024-03-01,12.0,0,467.91730219553403,48.47612958226769
bullhead_city,2024-03-01,12.0,0,467.7380252150131,48.46547314578005
white_plains,2024-03-01,12.0,0,467.6562268646712,48.454816709292416
scottsdale,2024-03-01,12.0,0,467.6181981089627,48.44416027280477
naples,2024-03-01,12.0,0,467.5645463572557,48.433503836317136
wilmington,2024-03-01,12.0,0,467.51662960897954,48.4228473998295
laredo,2024-03-01,12.0,0,467.5072551673997,48.412190963341864
st._thomas_island,2024-03-01,12.0,0,467.50465118920886,48.40153452685422
lansing,2024-03-01,12.0,0,467.49892248824347,48.39087809036658
kansas_city,2024-03-01,12.0,0,467.49267307634176,48.38022165387894
bedford,2024-03-01,12.0,0,467.48850684815295,48.369565217391305
buffalo,2024-03-01,12.0,0,467.46246876315536,48.35890878090366
charleston,2024-03-01,12.0,0,467.45621983855824,48.348252344416025
allentown,2024-03-01,12.0,0,467.4458051498604,48.33759590792839
vail:eagle,2024-03-01,12.0,0,467.4385150058329,48.32693947144075
el_paso,2024-03-01,12.0,0,467.43695284690483,48.31628303495311
kendall-tamiami,2024-03-01,12.0,0,467.4223729486574,48.30562659846547
tuscon,2024-03-01,12.0,0,467.4187280451532,48.29497016197784
richmond,2024-03-01,12.0,0,467.3937351867798,48.28431372549019
boca_raton,2024-03-01,12.0,0,467.38956984031057,48.27365728900256
jacksonville,2024-03-01,12.0,0,467.36197535753166,48.26300085251492
milwaukee,2024-03-01,12.0,0,467.3390679680029,48.252344416027285
midland,2024-03-01,12.0,0,467.33282069299753,48.24168797953964
conroe,2024-03-01,12.0,0,467.33073828655404,48.231031543052005
van_nuys,2024-03-01,12.0,0,467.3229293450326,48.22037510656437
fort_worth,2024-03-01,12.0,0,467.31772345651024,48.209718670076725
boise,2024-03-01,12.0,0,467.3145999512327,48.19906223358908
sugar_land,2024-03-01,12.0,0,467.30418841775537,48.188405797101446
savannah,2024-03-01,12.0,0,467.29794160901133,48.17774936061381
rochester,2024-03-01,12.0,0,467.28857155246885,48.16709292412617
farmingdale,2024-03-01,12.0,0,467.28753044667263,48.15643648763853
casper,2024-03-01,12.0,0,467.28700989464437,48.14578005115089
pontiac,2024-03-01,12.0,0,467.2864893431968,48.13512361466326
greenville,2024-03-01,12.0,0,467.2854482420397,48.124467178175614
bozeman,2024-03-01,12.0,0,467.2818044062579,48.10848252344416
stuart,2024-03-01,12.0,0,467.2818044062579,48.10848252344416
fort_pierce,2024-03-01,12.0,0,467.28024277104976,48.092497868712705
carlsbad,2024-03-01,12.0,0,467.27920168380984,48.08184143222506
windsor_locks,2024-03-01,12.0,0,467.2781605988903,48.071184995737426
st._croix_island,2024-03-01,12.0,0,467.2776400572999,48.06052855924979
great_falls,2024-03-01,12.0,0,467.27659897585954,48.04987212276215
sioux_falls,2024-03-01,12.0,0,467.2708730693967,48.03921568627451
burlington,2024-03-01,12.0,0,467.26931147071974,48.02855924978687
erie,2024-03-01,12.0,0,467.26879093898805,48.01790281329924
st._petersburg,2024-03-01,12.0,0,467.26566776077055,48.007246376811594
aguadilla,2024-03-01,12.0,0,467.2651472330978,47.99126172208014
angleton,2024-03-01,12.0,0,467.2651472330978,47.99126172208014
memphis,2024-03-01,12.0,0,467.26462670600415,47.97527706734868
norfolk,2024-03-01,12.0,0,467.2625446034289,47.964620630861035
lakeland,2024-03-01,12.0,0,467.26202407923455,47.9539641943734
fargo,2024-03-01,12.0,0,467.2604625101314,47.94330775788576
addison,2024-03-01,12.0,0,467.2599419882564,47.92199488491048
bangor,2024-03-01,12.0,0,467.2599419882564,47.92199488491048
bellingham,2024-03-01,12.0,0,467.2599419882564,47.92199488491048
greensboro,2024-03-01,12.0,0,467.2594214669622,47.90068201193521
del_rio,2024-03-01,12.0,0,467.2589009462469,47.884697357203756
kalispell,2024-03-01,12.0,0,467.2589009462469,47.884697357203756
toledo,2024-03-01,12.0,0,467.2583804261115,47.86338448422847
aspen,2024-03-01,12.0,0,467.2583804261115,47.86338448422847
west_chicago,2024-03-01,12.0,0,467.2568188691853,47.847399829497014
omaha,2024-03-01,12.0,0,467.25577783413314,47.83674339300938
albuquerque,2024-03-01,12.0,0,467.2552573174777,47.82608695652174
rogers,2024-03-01,12.0,0,467.2531752566519,47.81010230179028
amarillo,2024-03-01,12.0,0,467.2531752566519,47.81010230179028
wichita,2024-03-01,12.0,0,467.25265474289483,47.788789428815
daytona_beach,2024-03-01,12.0,0,467.25265474289483,47.788789428815
dallas-fort_worth,2024-03-01,12.0,0,467.2521342297176,47.772804774083546
trenton,2024-03-01,12.0,0,467.2510932051036,47.7621483375959
spokane,2024-03-01,12.0,0,467.2505726936659,47.75149190110827
columbia,2024-03-01,12.0,0,467.2500521828081,47.74083546462063
grant_county_airport,2024-03-01,12.0,0,467.2495316725309,47.71952259164535
knoxville,2024-03-01,12.0,0,467.2495316725309,47.71952259164535
calexico,2024-03-01,12.0,0,467.2495316725309,47.71952259164535
new_haven,2024-03-01,12.0,0,467.24849065371444,47.69820971867008
friday_harbor,2024-03-01,12.0,0,467.247970145176,47.682225063938624
chicago-wheeling,2024-03-01,12.0,0,467.247970145176,47.682225063938624
san_bernardino,2024-03-01,12.0,0,467.2474496372182,47.66091219096334
middletown,2024-03-01,12.0,0,467.2474496372182,47.66091219096334
fort_wayne,2024-03-01,12.0,0,467.24692912983943,47.639599317988065
long_beach,2024-03-01,12.0,0,467.24692912983943,47.639599317988065
santa_teresa,2024-03-01,12.0,0,467.24640862304045,47.60230179028133
alexandria,2024-03-01,12.0,0,467.24640862304045,47.60230179028133
fairbanks,2024-03-01,12.0,0,467.24640862304045,47.60230179028133
broomdield-co,2024-03-01,12.0,0,467.24640862304045,47.60230179028133
mesa,2024-03-01,12.0,0,467.24640862304045,47.60230179028133
south_bend,2024-03-01,12.0,0,467.2453676111829,47.570332480818415
st._augustine_airport,2024-03-01,12.0,0,467.2448471061235,47.55434782608695
st._thomas,2024-03-01,12.0,0,467.2448471061235,47.55434782608695
tulsa,2024-03-01,12.0,0,467.2443266016439,47.5383631713555
raleigh-durham,2024-03-01,12.0,0,467.243285594425,47.527706734867856
leesburg,2024-03-01,12.0,0,467.2427650916849,47.5117220801364
binghamton,2024-03-01,12.0,0,467.2427650916849,47.5117220801364
vero_beach,2024-03-01,12.0,0,467.24172408794504,47.46909633418585
galveston,2024-03-01,12.0,0,467.24172408794504,47.46909633418585
syracuse,2024-03-01,12.0,0,467.24172408794504,47.46909633418585
nogales,2024-03-01,12.0,0,467.24172408794504,47.46909633418585
little_rock,2024-03-01,12.0,0,467.24172408794504,47.46909633418585
pensacola,2024-03-01,12.0,0,467.24172408794504,47.46909633418585
chattanooga,2024-03-01,12.0,0,467.24120358694444,47.42114236999148
portsmouth,2024-03-01,12.0,0,467.24120358694444,47.42114236999148
port_clinton,2024-03-01,12.0,0,467.24120358694444,47.42114236999148
grand_rapids,2024-03-01,12.0,0,467.24068308652363,47.38917306052856
marathon,2024-03-01,12.0,0,467.24068308652363,47.38917306052856
morristown,2024-03-01,12.0,0,467.24068308652363,47.38917306052856
winston-salem,2024-03-01,12.0,0,467.23964208742245,47.362531969309465
coeur_d'alene,2024-03-01,12.0,0,467.23964208742245,47.362531969309465
everett,2024-03-01,12.0,0,467.23912158874117,47.346547314578004
ocala,2024-03-01,12.0,0,467.2386010906397,47.325234441602724
duluth,2024-03-01,12.0,0,467.2386010906397,47.325234441602724
jackson,2024-03-01,12.0,0,467.2386010906397,47.325234441602724
colorado_springs,2024-03-01,12.0,0,467.23808059311807,47.29859335038363
rockford,2024-03-01,12.0,0,467.23808059311807,47.29859335038363
key_west,2024-03-01,12.0,0,467.2375600961771,47.277280477408354
gary,2024-03-01,12.0,0,467.2375600961771,47.277280477408354
providence,2024-03-01,12.0,0,467.23703959981515,47.24531116794544
lexington_ky,2024-03-01,12.0,0,467.23703959981515,47.24531116794544
islip,2024-03-01,12.0,0,467.23703959981515,47.24531116794544
albany,2024-03-01,12.0,0,467.23703959981515,47.24531116794544
sanford,2024-03-01,12.0,0,467.236519104033,47.21867007672634
appleton,2024-03-01,12.0,0,467.2359986088315,47.19202898550724
yuma,2024-03-01,12.0,0,467.2359986088315,47.19202898550724
minot,2024-03-01,12.0,0,467.2359986088315,47.19202898550724
harrisburg,2024-03-01,12.0,0,467.2359986088315,47.19202898550724
plattsburgh,2024-03-01,12.0,0,467.235478114209,47.14407502131287
louisville,2024-03-01,12.0,0,467.235478114209,47.14407502131287
niagara_falls,2024-03-01,12.0,0,467.235478114209,47.14407502131287
peoria,2024-03-01,12.0,0,467.235478114209,47.14407502131287
presque_isle,2024-03-01,12.0,0,467.235478114209,47.14407502131287
santa_ana,2024-03-01,12.0,0,467.2349576201663,47.069479965899404
racine,2024-03-01,12.0,0,467.2349576201663,47.069479965899404
birmingham,2024-03-01,12.0,0,467.2349576201663,47.069479965899404
monterey,2024-03-01,12.0,0,467.2349576201663,47.069479965899404
presidio,2024-03-01,12.0,0,467.2349576201663,47.069479965899404
hayden,2024-03-01,12.0,0,467.2349576201663,47.069479965899404
green_bay,2024-03-01,12.0,0,467.2349576201663,47.069479965899404
dover-cheswold,2024-03-01,12.0,0,467.2349576201663,47.069479965899404
moline,2024-03-01,12.0,0,467.2349576201663,47.069479965899404
harlingen,2024-03-01,12.0,0,467.2344371267035,46.978900255754475
worcester,2024-03-01,12.0,0,467.2344371267035,46.978900255754475
hailey,2024-03-01,12.0,0,467.2344371267035,46.978900255754475
sheboygan,2024-03-01,12.0,0,467.2344371267035,46.978900255754475
decatur,2024-03-01,12.0,0,467.2344371267035,46.978900255754475
west_hampton_beach,2024-03-01,12.0,0,467.2344371267035,46.978900255754475
oklahoma_city,2024-03-01,12.0,0,467.2344371267035,46.978900255754475
grand_forks,2024-03-01,12.0,0,467.2344371267035,46.978900255754475
rifle,2024-03-01,12.0,0,467.2339166338213,46.89897698209718
oxford,2024-03-01,12.0,0,467.2339166338213,46.89897698209718
des_moines,2024-03-01,12.0,0,467.2339166338213,46.89897698209718
hunter_aaf,2024-03-01,12.0,0,467.2339166338213,46.89897698209718
bristol,2024-03-01,12.0,0,467.2339166338213,46.89897698209718
camp_springs,2024-03-01,12.0,0,467.2339166338213,46.89897698209718
dayton,2024-03-01,12.0,0,467.2339166338213,46.89897698209718
venice,2024-03-01,12.0,0,467.2333961415181,46.840366581415175
mountain_view,2024-03-01,12.0,0,467.2333961415181,46.840366581415175
scranton,2024-03-01,12.0,0,467.2333961415181,46.840366581415175
holland,2024-03-01,12.0,0,467.2333961415181,46.840366581415175
napa,2024-03-01,12.0,0,467.2328756497947,46.80306905370844
myrtle_beach,2024-03-01,12.0,0,467.2328756497947,46.80306905370844
ithaca,2024-03-01,12.0,0,467.2328756497947,46.80306905370844
cedar_rapids,2024-03-01,12.0,0,467.23235515865116,46.755115089514064
watertown,2024-03-01,12.0,0,467.23235515865116,46.755115089514064
ketchikan,2024-03-01,12.0,0,467.23235515865116,46.755115089514064
newport_news,2024-03-01,12.0,0,467.23235515865116,46.755115089514064
houma,2024-03-01,12.0,0,467.23235515865116,46.755115089514064
lihue,2024-03-01,12.0,0,467.23235515865116,46.755115089514064
weslaco,2024-03-01,12.0,0,467.23183466808825,46.69117647058824
lubbock,2024-03-01,12.0,0,467.23183466808825,46.69117647058824
akron,2024-03-01,12.0,0,467.23183466808825,46.69117647058824
cocoa,2024-03-01,12.0,0,467.23183466808825,46.69117647058824
tacoma,2024-03-01,12.0,0,467.23183466808825,46.69117647058824
cutbank,2024-03-01,12.0,0,467.23183466808825,46.69117647058824
saint_george,2024-03-01,12.0,0,467.2313141781043,46.60592497868713
key_largo,2024-03-01,12.0,0,467.2313141781043,46.60592497868713
hillsboro,2024-03-01,12.0,0,467.2313141781043,46.60592497868713
gulfport,2024-03-01,12.0,0,467.2313141781043,46.60592497868713
pine_mountain,2024-03-01,12.0,0,467.2313141781043,46.60592497868713
port_angeles,2024-03-01,12.0,0,467.2313141781043,46.60592497868713
juneau,2024-03-01,12.0,0,467.2313141781043,46.60592497868713
batesville,2024-03-01,12.0,0,467.2313141781043,46.60592497868713
guam,2024-03-01,12.0,0,467.2313141781043,46.60592497868713
huntsville,2024-03-01,12.0,0,467.2313141781043,46.60592497868713
fernandina_beach,2024-03-01,12.0,0,467.2307936887002,46.499360613810744
manassas,2024-03-01,12.0,0,467.2307936887002,46.499360613810744
scobay,2024-03-01,12.0,0,467.2307936887002,46.499360613810744
queensbury,2024-03-01,12.0,0,467.2307936887002,46.499360613810744
port_huron,2024-03-01,12.0,0,467.2307936887002,46.499360613810744
battle_creek,2024-03-01,12.0,0,467.2307936887002,46.499360613810744
santa_rosa,2024-03-01,12.0,0,467.2307936887002,46.499360613810744
kissimmee,2024-03-01,12.0,0,467.2307936887002,46.499360613810744
kenmore,2024-03-01,12.0,0,467.2307936887002,46.499360613810744
billings,2024-03-01,12.0,0,467.2307936887002,46.499360613810744
fairfield,2024-03-01,12.0,0,467.2302731998759,46.36615515771526
eagle_pass,2024-03-01,12.0,0,467.2302731998759,46.36615515771526
rosewell,2024-03-01,12.0,0,467.2302731998759,46.36615515771526
princeton,2024-03-01,12.0,0,467.2302731998759,46.36615515771526
klamath_falls,2024-03-01,12.0,0,467.2302731998759,46.36615515771526
oroville,2024-03-01,12.0,0,467.2302731998759,46.36615515771526
williamsport,2024-03-01,12.0,0,467.2302731998759,46.36615515771526
ceiba,2024-03-01,12.0,0,467.2302731998759,46.36615515771526
kenosha,2024-03-01,12.0,0,467.2302731998759,46.36615515771526
baton_rouge,2024-03-01,12.0,0,467.2302731998759,46.36615515771526
lebanon,2024-03-01,12.0,0,467.2302731998759,46.36615515771526
okeechobee,2024-03-01,12.0,0,467.2302731998759,46.36615515771526
manchester,2024-03-01,12.0,0,467.2302731998759,46.36615515771526
lake_havasu_city,2024-03-01,12.0,0,467.2302731998759,46.36615515771526
fulshear,2024-03-01,12.0,0,467.2302731998759,46.36615515771526
kingston,2024-03-01,12.0,0,467.2297527116323,46.14236999147485
corpus_christi,2024-03-01,12.0,0,467.2297527116323,46.14236999147485
monroe,2024-03-01,12.0,0,467.2297527116323,46.14236999147485
springfield,2024-03-01,12.0,0,467.2297527116323,46.14236999147485
shreveport,2024-03-01,12.0,0,467.2297527116323,46.14236999147485
anacortes,2024-03-01,12.0,0,467.2297527116323,46.14236999147485
georgetown,2024-03-01,12.0,0,467.2297527116323,46.14236999147485
international_falls,2024-03-01,12.0,0,467.2297527116323,46.14236999147485
porthill,2024-03-01,12.0,0,467.2297527116323,46.14236999147485
groton,2024-03-01,12.0,0,467.2297527116323,46.14236999147485
huntington,2024-03-01,12.0,0,467.2297527116323,46.14236999147485
kinston,2024-03-01,12.0,0,467.2297527116323,46.14236999147485
hilton_head_island,2024-03-01,12.0,0,467.2297527116323,46.14236999147485
lake_charles,2024-03-01,12.0,0,467.2297527116323,46.14236999147485
imperial,2024-03-01,12.0,0,467.2297527116323,46.14236999147485
augusta,2024-03-01,12.0,0,467.2297527116323,46.14236999147485
saginlaw,2024-03-01,12.0,0,467.2297527116323,46.14236999147485
massena,2024-03-01,12.0,0,467.2297527116323,46.14236999147485
victorville,2024-03-01,12.0,0,467.2297527116323,46.14236999147485
eden_prairie,2024-03-01,12.0,0,467.2297527116323,46.14236999147485
barnstable,2024-03-01,12.0,0,467.2297527116323,46.14236999147485
unalaska,2024-03-01,12.0,0,467.2297527116323,46.14236999147485
placida,2024-03-01,12.0,0,467.2297527116323,46.14236999147485
ogdensburg,2024-03-01,12.0,0,467.2297527116323,46.14236999147485
mobile,2024-03-01,12.0,0,467.2297527116323,46.14236999147485
state_college,2024-03-01,12.0,0,467.2297527116323,46.14236999147485
st._paul,2024-03-01,12.0,0,467.2297527116323,46.14236999147485
panama_city,2024-03-01,12.0,0,467.22923222396764,45.471014492753625
destin,2024-03-01,12.0,0,467.22923222396764,45.471014492753625
kalamazoo,2024-03-01,12.0,0,467.22923222396764,45.471014492753625
tuscaloosa,2024-03-01,12.0,0,467.22923222396764,45.471014492753625
gulf_shores,2024-03-01,12.0,0,467.22923222396764,45.471014492753625
sault_ste._marie,2024-03-01,12.0,0,467.22923222396764,45.471014492753625
page,2024-03-01,12.0,0,467.22923222396764,45.471014492753625
bush_field,2024-03-01,12.0,0,467.22923222396764,45.471014492753625
fairhope,2024-03-01,12.0,0,467.22923222396764,45.471014492753625
concord,2024-03-01,12.0,0,467.22923222396764,45.471014492753625
hopkinsville,2024-03-01,12.0,0,467.22923222396764,45.471014492753625
edinburg,2024-03-01,12.0,0,467.22923222396764,45.471014492753625
garden_city,2024-03-01,12.0,0,467.22923222396764,45.471014492753625
pascagoula,2024-03-01,12.0,0,467.22923222396764,45.471014492753625
genting,2024-03-01,12.0,0,467.22923222396764,45.471014492753625
calliano,2024-03-01,12.0,0,467.22923222396764,45.471014492753625
richmond_heights,2024-03-01,12.0,0,467.22923222396764,45.471014492753625
gainesville,2024-03-01,12.0,0,467.22923222396764,45.471014492753625
lafayette,2024-03-01,12.0,0,467.22923222396764,45.471014492753625
killeen,2024-03-01,12.0,0,467.22923222396764,45.471014492753625
beaumont,2024-03-01,12.0,0,467.22923222396764,45.471014492753625
beverly,2024-03-01,12.0,0,467.22923222396764,45.471014492753625
mount_pleasant,2024-03-01,12.0,0,467.22923222396764,45.471014492753625
greensboro:high_poin,2024-03-01,12.0,0,467.22923222396764,45.471014492753625
bakersfield,2024-03-01,12.0,0,467.22923222396764,45.471014492753625
winchester,2024-03-01,12.0,0,467.22923222396764,45.471014492753625
westhampton,2024-03-01,12.0,0,467.22923222396764,45.471014492753625
new_bedford,2024-03-01,12.0,0,467.22923222396764,45.471014492753625
nassau,2024-03-01,12.0,0,467.22923222396764,45.471014492753625
latrobe,2024-03-01,12.0,0,467.22923222396764,45.471014492753625
henderson,2024-03-01,12.0,0,467.22923222396764,45.471014492753625
thomasville,2024-03-01,12.0,0,467.22923222396764,45.471014492753625
broomfield,2024-03-01,12.0,0,467.22923222396764,45.471014492753625
skagway,2024-03-01,12.0,0,467.22923222396764,45.471014492753625
easton,2024-03-01,12.0,0,467.22923222396764,45.471014492753625
danbury,2024-03-01,12.0,0,467.22923222396764,45.471014492753625
valdosta,2024-03-01,12.0,0,467.22923222396764,45.471014492753625
bristol:johnson:kingsport,2024-03-01,12.0,0,467.22923222396764,45.471014492753625
tallahassee,2024-03-01,12.0,0,467.22923222396764,45.471014492753625
ponce,2024-03-01,12.0,0,467.22923222396764,45.471014492753625
scotia,2024-03-01,12.0,0,467.22923222396764,45.471014492753625
schenectady,2024-03-01,12.0,0,467.22923222396764,45.471014492753625
san_angelo,2024-03-01,12.0,0,467.22923222396764,45.471014492753625
brunswick,2024-03-01,12.0,0,467.22923222396764,45.471014492753625
lincoln,2024-03-01,12.0,0,467.22923222396764,45.471014492753625
st._augustine,2024-03-01,12.0,0,467.22923222396764,45.471014492753625
beaufort,2024-03-01,12.0,0,467.22923222396764,45.471014492753625
salina,2024-03-01,12.0,0,467.22923222396764,45.471014492753625
wilkes-barre,2024-03-01,12.0,0,467.22923222396764,45.471014492753625
burlington:mount_vernon,2024-03-01,12.0,0,467.22923222396764,45.471014492753625
burbank,2024-03-01,12.0,0,467.22923222396764,45.471014492753625
peru,2024-03-01,12.0,0,467.22923222396764,45.471014492753625
rhinelander,2024-03-01,12.0,0,467.22923222396764,45.471014492753625
cunnamulla,2024-03-01,12.0,0,467.22923222396764,45.471014492753625
topeka,2024-03-01,12.0,0,467.22923222396764,45.471014492753625
renton,2024-03-01,12.0,0,467.22923222396764,45.471014492753625
stratford,2024-03-01,12.0,0,467.22923222396764,45.471014492753625
philipsburg,2024-03-01,12.0,0,467.22923222396764,45.471014492753625
tokeen,2024-03-01,12.0,0,467.22923222396764,45.471014492753625
eugene,2024-03-01,12.0,0,467.22923222396764,45.471014492753625
bamburi,2024-03-01,12.0,0,467.22923222396764,45.471014492753625
college_station,2024-03-01,12.0,0,467.22923222396764,45.471014492753625
westfield,2024-03-01,12.0,0,467.22923222396764,45.471014492753625
flint,2024-03-01,12.0,0,467.22923222396764,45.471014492753625
wausau,2024-03-01,12.0,0,467.22923222396764,45.471014492753625
apalachicola,2024-03-01,12.0,0,467.22923222396764,45.471014492753625
lakehurst,2024-03-01,12.0,0,467.22923222396764,45.471014492753625
benton_harbor,2024-03-01,12.0,0,467.22923222396764,45.471014492753625
fort_dix,2024-03-01,12.0,0,467.22923222396764,45.471014492753625
unknown,2024-03-01,12.0,0,467.22923222396764,45.471014492753625
northway,2024-03-01,12.0,0,467.22923222396764,45.471014492753625
santa_barbara,2024-03-01,12.0,0,467.22923222396764,45.471014492753625
clinton,2024-03-01,12.0,0,467.22923222396764,45.471014492753625
marfa,2024-03-01,12.0,0,467.22923222396764,45.471014492753625
hampton,2024-03-01,12.0,0,467.22923222396764,45.471014492753625
hagerstown,2024-03-01,12.0,0,467.22923222396764,45.471014492753625
chicopee_falls,2024-03-01,12.0,0,467.22923222396764,45.471014492753625
hyannis,2024-03-01,12.0,0,467.22923222396764,45.471014492753625
sagarai,2024-03-01,12.0,0,467.22923222396764,45.471014492753625
sault_ste_marie,2024-03-01,12.0,0,467.22923222396764,45.471014492753625
sedona,2024-03-01,12.0,0,467.22923222396764,45.471014492753625
aberdeen,2024-03-01,12.0,0,467.22923222396764,45.471014492753625
morgan_city,2024-03-01,12.0,0,467.22923222396764,45.471014492753625
belmar,2024-03-01,12.0,0,467.22923222396764,45.471014492753625
shannon,2024-03-01,12.0,0,467.22923222396764,45.471014492753625
asheville,2024-03-01,12.0,0,467.22923222396764,45.471014492753625
fort_collins,2024-03-01,12.0,0,467.22923222396764,45.471014492753625
charlottesville,2024-03-01,12.0,0,467.22923222396764,45.471014492753625
santa_monica,2024-03-01,12.0,0,467.22923222396764,45.471014492753625
macon,2024-03-01,12.0,0,467.22923222396764,45.471014492753625
sheridan,2024-03-01,12.0,0,467.22923222396764,45.471014492753625
provo,2024-03-01,12.0,0,467.22923222396764,45.471014492753625
kennesaw,2024-03-01,12.0,0,467.22923222396764,45.471014492753625
madison,2024-03-01,12.0,0,467.22923222396764,45.471014492753625
olympia,2024-03-01,12.0,0,467.22923222396764,45.471014492753625
douglas,2024-03-01,12.0,0,467.22923222396764,45.471014492753625
atlantic_city,2024-03-01,12.0,0,467.22923222396764,45.471014492753625
champaign,2024-03-01,12.0,0,467.22923222396764,45.471014492753625
montrose,2024-03-01,12.0,0,467.22923222396764,45.471014492753625
new_york,2023-12-01,12.0,0,0.00150457641507999,44.9381926683717
miami,2023-12-01,12.0,0,0.0010226847734341375,44.927536231884055
los_angeles,2023-12-01,12.0,0,0.0006922667457009473,44.91687979539642
newark,2023-12-01,12.0,0,0.00045106478467501457,44.90622335890878
san_francisco,2023-12-01,12.0,0,0.0004498098302413649,44.895566922421146
miami,2023-02-01,12.0,0,0.000431642940178059,44.8849104859335
houston,2023-12-01,12.0,0,0.00041825930326763673,44.87425404944587
new_york,2023-02-01,12.0,0,0.0004075564146441375,44.86359761295823
orlando,2023-12-01,12.0,0,0.0004054221539636825,44.85294117647059
fort_lauderdale,2023-12-01,12.0,0,0.0003983345518273073,44.84228473998295
chicago,2023-12-01,12.0,0,0.0003980302627557318,44.831628303495314
dallas,2023-12-01,12.0,0,0.00038273910394435735,44.82097186700768
atlanta,2023-12-01,12.0,0,0.0003772564535668097,44.810315430520035
washington,2023-12-01,12.0,0,0.0003465345648661685,44.79965899403239
honolulu,2023-12-01,12.0,0,0.00031816951627259454,44.789002557544755
las_vegas,2023-12-01,12.0,0,0.00031001014283871606,44.77834612105712
boston,2023-12-01,12.0,0,0.00030883887085288826,44.767689684569476
seattle,2023-12-01,12.0,0,0.00029853779754479765,44.75703324808184
los_angeles,2023-02-01,12.0,0,0.0002948415165110462,44.7463768115942
agana,2023-12-01,12.0,0,0.0002772263238315679,44.73572037510657
denver,2023-12-01,12.0,0,0.00027496173389804054,44.72506393861892
phoenix,2023-12-01,12.0,0,0.0002671665192258714,44.71440750213129
detroit,2023-12-01,12.0,0,0.0002657518207642509,44.70375106564365
charlotte,2023-12-01,12.0,0,0.0002621297632035793,44.69309462915601
philadelphia,2023-12-01,12.0,0,0.00025961630355014927,44.68243819266837
tampa,2023-12-01,12.0,0,0.00025920104234496865,44.671781756180735
minneapolis,2023-12-01,12.0,0,0.0002579540673031981,44.6611253196931
san_antonio,2023-12-01,12.0,0,0.0002497232659540151,44.650468883205455
palm_springs,2023-12-01,12.0,0,0.0002485310232133521,44.63981244671782
san_diego,2023-12-01,12.0,0,0.00024799642789987504,44.62915601023018
fort_myers,2023-12-01,12.0,0,0.00024784425268024955,44.61849957374254
saipan,2023-12-01,12.0,0,0.0002474097838070546,44.6078431372549
san_juan,2023-12-01,12.0,0,0.00024721693108019284,44.59718670076726
kahului,2023-12-01,12.0,0,0.00024575779722180136,44.586530264279624
austin,2023-12-01,12.0,0,0.00024565159701304544,44.57587382779199
salt_lake_city,2023-12-01,12.0,0,0.00024559960849648485,44.565217391304344
san_jose,2023-12-01,12.0,0,0.0002432357081310388,44.55456095481671
oakland,2023-12-01,12.0,0,0.00024319506730757196,44.54390451832907
portland,2023-12-01,12.0,0,0.00024266951675559894,44.53324808184143
baltimore,2023-12-01,12.0,0,0.00024245848027180144,44.52259164535379
ontario,2023-12-01,12.0,0,0.0002423213105036407,44.511935208866156
sacramento,2023-12-01,12.0,0,0.00024166542882016518,44.50127877237852
fresno,2023-12-01,12.0,0,0.0002415997499725339,44.490622335890876
kona,2023-12-01,12.0,0,0.00024156368803494405,44.47996589940324
new_orleans,2023-12-01,12.0,0,0.0002410376352077235,44.469309462915604
raleigh,2023-12-01,12.0,0,0.0002409635370568725,44.45865302642796
laguna_beach,2023-12-01,12.0,0,0.00024081192166105058,44.447996589940324
west_palm_beach,2023-12-01,12.0,0,0.00024051728278558983,44.43734015345269
nashville,2023-12-01,12.0,0,0.00024030838568296213,44.42668371696505
cincinnati,2023-12-01,12.0,0,0.00023946260561362153,44.41602728047741
st._louis,2023-12-01,12.0,0,0.00023924049904053534,44.40537084398977
kauai_island,2023-12-01,12.0,0,0.00023913072176463024,44.394714407502136
newburgh,2023-12-01,12.0,0,0.00023909183219775432,44.38405797101449
pittsburgh,2023-12-01,12.0,0,0.0002390899677883733,44.37340153452685
cleveland,2023-12-01,12.0,0,0.00023871099579466797,44.36274509803921
reno,2023-12-01,12.0,0,0.00023861422017687592,44.352088661551576
sarasota,2023-12-01,12.0,0,0.00023855069928272637,44.34143222506394
hartford,2023-12-01,12.0,0,0.00023853661535020405,44.3307757885763
teterboro,2023-12-01,12.0,0,0.00023845319174787682,44.32011935208866
indianapolis,2023-12-01,12.0,0,0.00023837165611488795,44.309462915601024
columbus,2023-12-01,12.0,0,0.00023834669638266685,44.29880647911338
white_plains,2023-12-01,12.0,0,0.00023814392909582015,44.288150042625745
mcallen,2023-12-01,12.0,0,0.00023813278720655052,44.27749360613811
brownsville,2023-12-01,12.0,0,0.00023811156600241613,44.26683716965047
vail,2023-12-01,12.0,0,0.0002380643556079809,44.25618073316283
st._thomas_island,2023-12-01,12.0,0,0.00023804154944540574,44.24552429667519
scottsdale,2023-12-01,12.0,0,0.00023802457883538304,44.234867860187556
providence,2023-12-01,12.0,0,0.00023802245759420158,44.22421142369991
el_paso,2023-12-01,12.0,0,0.00023801635913110668,44.21355498721228
laredo,2023-12-01,12.0,0,0.00023801052596478974,44.20289855072464
naples,2023-12-01,12.0,0,0.00023800840484884545,44.192242114237004
kansas_city,2023-12-01,12.0,0,0.00023799541342615197,44.18158567774936
tuscon,2023-12-01,12.0,0,0.00023795909423168757,44.17092924126172
boca_raton,2023-12-01,12.0,0,0.00023794345482621376,44.16027280477408
conroe,2023-12-01,12.0,0,0.00023794000899370987,44.149616368286445
kendall-tamiami,2023-12-01,12.0,0,0.00023793603309513607,44.1389599317988
portsmouth,2023-12-01,12.0,0,0.00023793099705231492,44.128303495311165
buffalo,2023-12-01,12.0,0,0.00023793046694874464,44.11764705882353
anchorage,2023-12-01,12.0,0,0.00023792437084257676,44.10699062233589
bedford,2023-12-01,12.0,0,0.0002379158895633856,44.09633418584825
van_nuys,2023-12-01,12.0,0,0.00023791509445896206,44.08567774936061
st._croix_island,2023-12-01,12.0,0,0.00023791323922564057,44.07502131287298
wilmington,2023-12-01,12.0,0,0.0002379066135104453,44.06436487638533
atlantic_city,2023-12-01,12.0,0,0.0002379042282981465,44.0537084398977
jacksonville,2023-12-01,12.0,0,0.000237899457945289,44.04305200341006
bullhead_city,2023-12-01,12.0,0,0.00023789839787986667,44.032395566922425
midland,2023-12-01,12.0,0,0.00023789760283389916,44.02173913043478
pontiac,2023-12-01,12.0,0,0.00023789495269986482,44.011082693947145
farmingdale,2023-12-01,12.0,0,0.00023789177257799236,44.00042625745951
boise,2023-12-01,12.0,0,0.0002378899175265321,43.98976982097187
sugar_land,2023-12-01,12.0,0,0.00023788965252036136,43.97911338448423
greenville,2023-12-01,12.0,0,0.00023788912250890599,43.96845694799659
vail:eagle,2023-12-01,12.0,0,0.00023788832749393676,43.95780051150895
savannah,2023-12-01,12.0,0,0.00023788806248953732,43.94714407502131
aguadilla,2023-12-01,12.0,0,0.00023788700247489203,43.93115942028986
rochester,2023-12-01,12.0,0,0.00023788700247489203,43.93115942028986
windsor_locks,2023-12-01,12.0,0,0.00023788382245929624,43.9151747655584
bangor,2023-12-01,12.0,0,0.00023788355745991535,43.904518329070754
fort_worth,2023-12-01,12.0,0,0.00023788329246083006,43.89386189258312
burlington,2023-12-01,12.0,0,0.00023788170247251558,43.88320545609548
casper,2023-12-01,12.0,0,0.0002378803774903721,43.872549019607845
carlsbad,2023-12-01,12.0,0,0.00023788011249482885,43.8618925831202
charleston,2023-12-01,12.0,0,0.00023787799254111085,43.851236146632566
camp_springs,2023-12-01,12.0,0,0.0002378771975633375,43.84057971014493
fargo,2023-12-01,12.0,0,0.00023787693257133663,43.829923273657286
milwaukee,2023-12-01,12.0,0,0.0002378758726062856,43.81926683716965
dallas-fort_worth,2023-12-01,12.0,0,0.00023787534262553146,43.808610400682014
broomdield-co,2023-12-01,12.0,0,0.00023787401767881138,43.79262574595055
minot,2023-12-01,12.0,0,0.00023787401767881138,43.79262574595055
toledo,2023-12-01,12.0,0,0.00023787375269035288,43.76598465473146
bismarck,2023-12-01,12.0,0,0.00023787375269035288,43.76598465473146
stuart,2023-12-01,12.0,0,0.00023787375269035288,43.76598465473146
nogales,2023-12-01,12.0,0,0.00023787348770218998,43.744671781756175
kalispell,2023-12-01,12.0,0,0.00023787269273947118,43.73401534526854
bellingham,2023-12-01,12.0,0,0.00023787242775248906,43.7233589087809
omaha,2023-12-01,12.0,0,0.00023787189777940953,43.712702472293266
west_chicago,2023-12-01,12.0,0,0.00023787163279331255,43.70204603580562
greensboro,2023-12-01,12.0,0,0.0002378713678075112,43.68606138107417
green_bay,2023-12-01,12.0,0,0.0002378713678075112,43.68606138107417
fort_pierce,2023-12-01,12.0,0,0.00023787083783679321,43.664748508098896
melbourne,2023-12-01,12.0,0,0.00023787083783679321,43.664748508098896
great_falls,2023-12-01,12.0,0,0.000237870572851877,43.64343563512361
des_moines,2023-12-01,12.0,0,0.000237870572851877,43.64343563512361
richmond,2023-12-01,12.0,0,0.0002378703078672564,43.627450980392155
spokane,2023-12-01,12.0,0,0.00023787004288293055,43.6114663256607
norfolk,2023-12-01,12.0,0,0.00023787004288293055,43.6114663256607
bozeman,2023-12-01,12.0,0,0.00023786977789889993,43.59015345268542
st._petersburg,2023-12-01,12.0,0,0.00023786977789889993,43.59015345268542
santa_teresa,2023-12-01,12.0,0,0.00023786951291516489,43.574168797953966
addison,2023-12-01,12.0,0,0.0002378692479317246,43.56351236146633
st._thomas,2023-12-01,12.0,0,0.00023786898294857954,43.55285592497869
morristown,2023-12-01,12.0,0,0.00023786871796572964,43.54219948849105
manassas,2023-12-01,12.0,0,0.00023786845298317535,43.53154305200341
albuquerque,2023-12-01,12.0,0,0.00023786818800091585,43.52088661551577
duluth,2023-12-01,12.0,0,0.0002378679230189515,43.504901960784316
raleigh-durham,2023-12-01,12.0,0,0.0002378679230189515,43.504901960784316
friday_harbor,2023-12-01,12.0,0,0.00023786739305590884,43.48358908780904
memphis,2023-12-01,12.0,0,0.00023786739305590884,43.48358908780904
mesa,2023-12-01,12.0,0,0.00023786606815346726,43.467604433077575
chicago-wheeling,2023-12-01,12.0,0,0.00023786500823682737,43.43563512361467
tallahassee,2023-12-01,12.0,0,0.00023786500823682737,43.43563512361467
wichita,2023-12-01,12.0,0,0.00023786500823682737,43.43563512361467
everett,2023-12-01,12.0,0,0.00023786500823682737,43.43563512361467
long_beach,2023-12-01,12.0,0,0.00023786500823682737,43.43563512361467
south_bend,2023-12-01,12.0,0,0.00023786474325840527,43.398337595907925
aspen,2023-12-01,12.0,0,0.00023786474325840527,43.398337595907925
columbia,2023-12-01,12.0,0,0.000237864213302447,43.37702472293265
louisville,2023-12-01,12.0,0,0.000237864213302447,43.37702472293265
erie,2023-12-01,12.0,0,0.00023786394832491043,43.3610400682012
dayton,2023-12-01,12.0,0,0.00023786368334766903,43.350383631713555
key_west,2023-12-01,12.0,0,0.00023786341837072326,43.33972719522592
leesburg,2023-12-01,12.0,0,0.00023786315339407223,43.32907075873828
little_rock,2023-12-01,12.0,0,0.00023786288841771638,43.31841432225064
niagara_falls,2023-12-01,12.0,0,0.00023786262344165573,43.307757885762996
grant_county_airport,2023-12-01,12.0,0,0.00023786235846589066,43.29710144927536
st._paul,2023-12-01,12.0,0,0.00023786129856578092,43.28644501278772
myrtle_beach,2023-12-01,12.0,0,0.00023786103359149134,43.27578857630009
birmingham,2023-12-01,12.0,0,0.0002378607686174969,43.25447570332481
sanford,2023-12-01,12.0,0,0.0002378607686174969,43.25447570332481
rogers,2023-12-01,12.0,0,0.0002378607686174969,43.25447570332481
gary,2023-12-01,12.0,0,0.0002378605036437981,43.22250639386189
bristol,2023-12-01,12.0,0,0.0002378605036437981,43.22250639386189
moline,2023-12-01,12.0,0,0.0002378605036437981,43.22250639386189
angleton,2023-12-01,12.0,0,0.00023786023867039405,43.20119352088662
trenton,2023-12-01,12.0,0,0.00023785997369728517,43.17988064791134
del_rio,2023-12-01,12.0,0,0.00023785997369728517,43.17988064791134
west_hampton_beach,2023-12-01,12.0,0,0.00023785997369728517,43.17988064791134
lansing,2023-12-01,12.0,0,0.00023785970872447146,43.142583120204606
harrisburg,2023-12-01,12.0,0,0.00023785970872447146,43.142583120204606
rockford,2023-12-01,12.0,0,0.00023785970872447146,43.142583120204606
islip,2023-12-01,12.0,0,0.00023785970872447146,43.142583120204606
monterey,2023-12-01,12.0,0,0.00023785944375195336,43.09462915601023
houma,2023-12-01,12.0,0,0.00023785944375195336,43.09462915601023
weslaco,2023-12-01,12.0,0,0.00023785944375195336,43.09462915601023
manchester,2023-12-01,12.0,0,0.00023785944375195336,43.09462915601023
daytona_beach,2023-12-01,12.0,0,0.00023785944375195336,43.09462915601023
lexington_ky,2023-12-01,12.0,0,0.00023785917877973,43.052003410059676
hillsboro,2023-12-01,12.0,0,0.00023785917877973,43.052003410059676
harlingen,2023-12-01,12.0,0,0.00023785917877973,43.052003410059676
winston-salem,2023-12-01,12.0,0,0.0002378589138078018,43.0040494458653
tacoma,2023-12-01,12.0,0,0.0002378589138078018,43.0040494458653
san_bernardino,2023-12-01,12.0,0,0.0002378589138078018,43.0040494458653
syracuse,2023-12-01,12.0,0,0.0002378589138078018,43.0040494458653
tulsa,2023-12-01,12.0,0,0.0002378589138078018,43.0040494458653
dover-cheswold,2023-12-01,12.0,0,0.0002378589138078018,43.0040494458653
fairbanks,2023-12-01,12.0,0,0.00023785864883616882,42.940110826939474
sioux_falls,2023-12-01,12.0,0,0.00023785864883616882,42.940110826939474
calexico,2023-12-01,12.0,0,0.00023785864883616882,42.940110826939474
yuma,2023-12-01,12.0,0,0.00023785864883616882,42.940110826939474
mobile,2023-12-01,12.0,0,0.00023785864883616882,42.940110826939474
akron,2023-12-01,12.0,0,0.00023785864883616882,42.940110826939474
peoria,2023-12-01,12.0,0,0.0002378583838648314,42.87617220801364
north_kingstown,2023-12-01,12.0,0,0.0002378583838648314,42.87617220801364
marathon,2023-12-01,12.0,0,0.0002378583838648314,42.87617220801364
oklahoma_city,2023-12-01,12.0,0,0.0002378583838648314,42.87617220801364
appleton,2023-12-01,12.0,0,0.0002378583838648314,42.87617220801364
binghamton,2023-12-01,12.0,0,0.0002378583838648314,42.87617220801364
knoxville,2023-12-01,12.0,0,0.00023785811889378875,42.828218243819265
port_huron,2023-12-01,12.0,0,0.00023785811889378875,42.828218243819265
scranton,2023-12-01,12.0,0,0.00023785811889378875,42.828218243819265
greensboro:high_poin,2023-12-01,12.0,0,0.00023785785392304126,42.79624893435635
baudette,2023-12-01,12.0,0,0.00023785785392304126,42.79624893435635
mountain_view,2023-12-01,12.0,0,0.00023785785392304126,42.79624893435635
jackson,2023-12-01,12.0,0,0.00023785758895258937,42.7269820971867
sheboygan,2023-12-01,12.0,0,0.00023785758895258937,42.7269820971867
plattsburgh,2023-12-01,12.0,0,0.00023785758895258937,42.7269820971867
imperial,2023-12-01,12.0,0,0.00023785758895258937,42.7269820971867
lihue,2023-12-01,12.0,0,0.00023785758895258937,42.7269820971867
albany,2023-12-01,12.0,0,0.00023785758895258937,42.7269820971867
palm_desert,2023-12-01,12.0,0,0.00023785758895258937,42.7269820971867
allentown,2023-12-01,12.0,0,0.00023785758895258937,42.7269820971867
toronto,2023-12-01,12.0,0,0.00023785758895258937,42.7269820971867
oxford,2023-12-01,12.0,0,0.00023785758895258937,42.7269820971867
grand_rapids,2023-12-01,12.0,0,0.00023785732398243225,42.62574595055413
cutbank,2023-12-01,12.0,0,0.00023785732398243225,42.62574595055413
cocoa,2023-12-01,12.0,0,0.00023785732398243225,42.62574595055413
coeur_d'alene,2023-12-01,12.0,0,0.00023785732398243225,42.62574595055413
lakeland,2023-12-01,12.0,0,0.00023785732398243225,42.62574595055413
renton,2023-12-01,12.0,0,0.00023785732398243225,42.62574595055413
arcata_ca,2023-12-01,12.0,0,0.00023785732398243225,42.62574595055413
fairfield,2023-12-01,12.0,0,0.00023785732398243225,42.62574595055413
port_clinton,2023-12-01,12.0,0,0.00023785732398243225,42.62574595055413
ceiba,2023-12-01,12.0,0,0.00023785705901257029,42.551150895140665
hilton_head_island,2023-12-01,12.0,0,0.00023785705901257029,42.551150895140665
georgetown,2023-12-01,12.0,0,0.00023785705901257029,42.551150895140665
barnstable,2023-12-01,12.0,0,0.00023785705901257029,42.551150895140665
roanoke,2023-12-01,12.0,0,0.00023785705901257029,42.551150895140665
beverly,2023-12-01,12.0,0,0.00023785679404300352,42.4499147485081
marco_island,2023-12-01,12.0,0,0.00023785679404300352,42.4499147485081
presidio,2023-12-01,12.0,0,0.00023785679404300352,42.4499147485081
marysville,2023-12-01,12.0,0,0.00023785679404300352,42.4499147485081
santa_ana,2023-12-01,12.0,0,0.00023785679404300352,42.4499147485081
latrobe,2023-12-01,12.0,0,0.00023785679404300352,42.4499147485081
kenmore,2023-12-01,12.0,0,0.00023785679404300352,42.4499147485081
st._augustine_airport,2023-12-01,12.0,0,0.00023785679404300352,42.4499147485081
fernandina_beach,2023-12-01,12.0,0,0.00023785679404300352,42.4499147485081
elmira,2023-12-01,12.0,0,0.00023785679404300352,42.4499147485081
amarillo,2023-12-01,12.0,0,0.00023785679404300352,42.4499147485081
moses_lake,2023-12-01,12.0,0,0.00023785679404300352,42.4499147485081
racine,2023-12-01,12.0,0,0.00023785679404300352,42.4499147485081
worcester,2023-12-01,12.0,0,0.00023785679404300352,42.4499147485081
chattanooga,2023-12-01,12.0,0,0.0002378565290737323,42.3380221653879
santa_barbara,2023-12-01,12.0,0,0.0002378565290737323,42.3380221653879
sault_ste_marie,2023-12-01,12.0,0,0.0002378565290737323,42.3380221653879
massena,2023-12-01,12.0,0,0.0002378565290737323,42.3380221653879
colorado_springs,2023-12-01,12.0,0,0.0002378565290737323,42.3380221653879
rifle,2023-12-01,12.0,0,0.0002378565290737323,42.3380221653879
port_angeles,2023-12-01,12.0,0,0.0002378565290737323,42.3380221653879
westhampton,2023-12-01,12.0,0,0.00023785626410475588,42.24211423699914
belmar:farmingdale,2023-12-01,12.0,0,0.00023785626410475588,42.24211423699914
oxnard,2023-12-01,12.0,0,0.00023785626410475588,42.24211423699914
rome,2023-12-01,12.0,0,0.00023785626410475588,42.24211423699914
corpus_christi,2023-12-01,12.0,0,0.00023785626410475588,42.24211423699914
grand_forks,2023-12-01,12.0,0,0.00023785626410475588,42.24211423699914
lake_havasu_city,2023-12-01,12.0,0,0.00023785626410475588,42.24211423699914
hunter_aaf,2023-12-01,12.0,0,0.00023785626410475588,42.24211423699914
hailey,2023-12-01,12.0,0,0.00023785626410475588,42.24211423699914
flint,2023-12-01,12.0,0,0.00023785626410475588,42.24211423699914
springfield,2023-12-01,12.0,0,0.00023785626410475588,42.24211423699914
stratford,2023-12-01,12.0,0,0.0002378559991360746,42.10358056265985
hayward,2023-12-01,12.0,0,0.0002378559991360746,42.10358056265985
bakersfield,2023-12-01,12.0,0,0.0002378559991360746,42.10358056265985
shreveport,2023-12-01,12.0,0,0.0002378559991360746,42.10358056265985
shannon,2023-12-01,12.0,0,0.0002378559991360746,42.10358056265985
huntington,2023-12-01,12.0,0,0.0002378559991360746,42.10358056265985
fort_wayne,2023-12-01,12.0,0,0.0002378559991360746,42.10358056265985
lawrence,2023-12-01,12.0,0,0.0002378559991360746,42.10358056265985
new_bedford,2023-12-01,12.0,0,0.0002378559991360746,42.10358056265985
olympia,2023-12-01,12.0,0,0.0002378559991360746,42.10358056265985
burlington:mount_vernon,2023-12-01,12.0,0,0.0002378559991360746,42.10358056265985
helena,2023-12-01,12.0,0,0.0002378559991360746,42.10358056265985
eagle_pass,2023-12-01,12.0,0,0.0002378559991360746,42.10358056265985
broomfield,2023-12-01,12.0,0,0.0002378559991360746,42.10358056265985
pellston,2023-12-01,12.0,0,0.0002378559991360746,42.10358056265985
lake_charles,2023-12-01,12.0,0,0.0002378557341676885,41.522804774083546
stevens_point,2023-12-01,12.0,0,0.0002378557341676885,41.522804774083546
easton,2023-12-01,12.0,0,0.0002378557341676885,41.522804774083546
beaumont,2023-12-01,12.0,0,0.0002378557341676885,41.522804774083546
punta_gorda,2023-12-01,12.0,0,0.0002378557341676885,41.522804774083546
bamburi,2023-12-01,12.0,0,0.0002378557341676885,41.522804774083546
brunswick,2023-12-01,12.0,0,0.0002378557341676885,41.522804774083546
charlottesville,2023-12-01,12.0,0,0.0002378557341676885,41.522804774083546
wilkes-barre,2023-12-01,12.0,0,0.0002378557341676885,41.522804774083546
beaufort,2023-12-01,12.0,0,0.0002378557341676885,41.522804774083546
queensbury,2023-12-01,12.0,0,0.0002378557341676885,41.522804774083546
thomasville,2023-12-01,12.0,0,0.0002378557341676885,41.522804774083546
frederick,2023-12-01,12.0,0,0.0002378557341676885,41.522804774083546
quonset_point,2023-12-01,12.0,0,0.0002378557341676885,41.522804774083546
tokeen,2023-12-01,12.0,0,0.0002378557341676885,41.522804774083546
battle_creek,2023-12-01,12.0,0,0.0002378557341676885,41.522804774083546
hawthorne,2023-12-01,12.0,0,0.0002378557341676885,41.522804774083546
lafayette,2023-12-01,12.0,0,0.0002378557341676885,41.522804774083546
hayden,2023-12-01,12.0,0,0.0002378557341676885,41.522804774083546
baton_rouge,2023-12-01,12.0,0,0.0002378557341676885,41.522804774083546
culebra_island,2023-12-01,12.0,0,0.0002378557341676885,41.522804774083546
madison,2023-12-01,12.0,0,0.0002378557341676885,41.522804774083546
lakehurst,2023-12-01,12.0,0,0.0002378557341676885,41.522804774083546
belleville,2023-12-01,12.0,0,0.0002378557341676885,41.522804774083546
edinburg,2023-12-01,12.0,0,0.0002378557341676885,41.522804774083546
napa,2023-12-01,12.0,0,0.0002378557341676885,41.522804774083546
pittsfield,2023-12-01,12.0,0,0.0002378557341676885,41.522804774083546
burbank,2023-12-01,12.0,0,0.0002378557341676885,41.522804774083546
pensacola,2023-12-01,12.0,0,0.0002378557341676885,41.522804774083546
westfield,2023-12-01,12.0,0,0.0002378557341676885,41.522804774083546
ponce,2023-12-01,12.0,0,0.0002378557341676885,41.522804774083546
patuxent_river,2023-12-01,12.0,0,0.0002378557341676885,41.522804774083546
panama_city,2023-12-01,12.0,0,0.0002378557341676885,41.522804774083546
galveston,2023-12-01,12.0,0,0.0002378557341676885,41.522804774083546
tuscaloosa,2023-12-01,12.0,0,0.0002378557341676885,41.522804774083546
groton,2023-12-01,12.0,0,0.0002378557341676885,41.522804774083546
topeka,2023-12-01,12.0,0,0.0002378557341676885,41.522804774083546
cunnamulla,2023-12-01,12.0,0,0.0002378557341676885,41.522804774083546
guam,2023-12-01,12.0,0,0.0002378557341676885,41.522804774083546
eden_prairie,2023-12-01,12.0,0,0.0002378557341676885,41.522804774083546
gainesville,2023-12-01,12.0,0,0.0002378557341676885,41.522804774083546
lubbock,2023-12-01,12.0,0,0.0002378557341676885,41.522804774083546
gulf_shores,2023-12-01,12.0,0,0.0002378557341676885,41.522804774083546
smithfield,2023-12-01,12.0,0,0.0002378557341676885,41.522804774083546
gadsden,2023-12-01,12.0,0,0.0002378557341676885,41.522804774083546
poughkeepsie,2023-12-01,12.0,0,0.0002378557341676885,41.522804774083546
gulfport,2023-12-01,12.0,0,0.0002378557341676885,41.522804774083546
hagerstown,2023-12-01,12.0,0,0.0002378557341676885,41.522804774083546
belmar,2023-12-01,12.0,0,0.0002378557341676885,41.522804774083546
champaign,2023-12-01,12.0,0,0.0002378557341676885,41.522804774083546
wausau,2023-12-01,12.0,0,0.0002378557341676885,41.522804774083546
marshfield,2023-12-01,12.0,0,0.0002378557341676885,41.522804774083546
nassau,2023-12-01,12.0,0,0.0002378557341676885,41.522804774083546
vero_beach,2023-12-01,12.0,0,0.0002378557341676885,41.522804774083546
santa_monica,2023-12-01,12.0,0,0.0002378557341676885,41.522804774083546
santa_maria,2023-12-01,12.0,0,0.0002378557341676885,41.522804774083546
antigua,2023-12-01,12.0,0,0.0002378557341676885,41.522804774083546
anniston,2023-12-01,12.0,0,0.0002378557341676885,41.522804774083546
taos,2023-12-01,12.0,0,0.0002378557341676885,41.522804774083546
kennesaw,2023-12-01,12.0,0,0.0002378557341676885,41.522804774083546
huntsville,2023-12-01,12.0,0,0.0002378557341676885,41.522804774083546
sagarai,2023-12-01,12.0,0,0.0002378557341676885,41.522804774083546
saginlaw,2023-12-01,12.0,0,0.0002378557341676885,41.522804774083546
northway,2023-12-01,12.0,0,0.0002378557341676885,41.522804774083546
douglas,2023-12-01,12.0,0,0.0002378557341676885,41.522804774083546
alexandria,2023-12-01,12.0,0,0.0002378557341676885,41.522804774083546
international_falls,2023-12-01,12.0,0,0.0002378557341676885,41.522804774083546
san_angelo,2023-12-01,12.0,0,0.0002378557341676885,41.522804774083546
clinton,2023-12-01,12.0,0,0.0002378557341676885,41.522804774083546
norman,2023-12-01,12.0,0,0.0002378557341676885,41.522804774083546
st._augustine,2023-12-01,12.0,0,0.0002378557341676885,41.522804774083546
new_haven,2023-12-01,12.0,0,0.0002378557341676885,41.522804774083546
newport_news,2023-12-01,12.0,0,0.0002378557341676885,41.522804774083546
fairhope,2023-12-01,12.0,0,0.0002378557341676885,41.522804774083546
aiken,2023-12-01,12.0,0,0.0002378557341676885,41.522804774083546
jacksn_hole,2023-12-01,12.0,0,0.0002378557341676885,41.522804774083546
middletown,2023-12-01,12.0,0,0.0002378557341676885,41.522804774083546
juneau,2023-12-01,12.0,0,0.0002378557341676885,41.522804774083546
waco,2023-12-01,12.0,0,0.0002378557341676885,41.522804774083546
abu_dhabi,2023-12-01,12.0,0,0.0002378557341676885,41.522804774083546
kenosha,2023-12-01,12.0,0,0.0002378557341676885,41.522804774083546
fort_bragg,2023-12-01,12.0,0,0.0002378557341676885,41.522804774083546
mount_pleasant,2023-12-01,12.0,0,0.0002378557341676885,41.522804774083546
ocala,2023-12-01,12.0,0,0.0002378557341676885,41.522804774083546
rockland,2023-12-01,12.0,0,0.0002378557341676885,41.522804774083546
fort_dix,2023-12-01,12.0,0,0.0002378557341676885,41.522804774083546
watertown,2023-12-01,12.0,0,0.0002378557341676885,41.522804774083546
killeen,2023-12-01,12.0,0,0.0002378557341676885,41.522804774083546
destin,2023-12-01,12.0,0,0.0002378557341676885,41.522804774083546
chicopee_falls,2023-12-01,12.0,0,0.0002378557341676885,41.522804774083546
mount_vernon,2023-12-01,12.0,0,0.0002378557341676885,41.522804774083546
riyadh,2023-12-01,12.0,0,0.0002378557341676885,41.522804774083546
richmond_heights,2023-12-01,12.0,0,0.0002378557341676885,41.522804774083546
ketchikan,2023-12-01,12.0,0,0.0002378557341676885,41.522804774083546
san_francisco,2023-02-01,12.0,0,0.0002110602832193912,41.01662404092072
newark,2023-02-01,12.0,0,0.0002092832572953202,41.00596760443308
orlando,2023-02-01,12.0,0,0.00020889776793563282,40.99531116794544
fort_lauderdale,2023-02-01,12.0,0,0.00020232599547237727,40.984654731457795
houston,2023-02-01,12.0,0,0.0002009372063044776,40.97399829497016
dallas,2023-02-01,12.0,0,0.00018923017659738104,40.96334185848252
chicago,2023-02-01,12.0,0,0.00018628962641463874,40.952685421994886
atlanta,2023-02-01,12.0,0,0.00018386116576463057,40.94202898550724
washington,2023-02-01,12.0,0,0.00017269479470157474,40.931372549019606
las_vegas,2023-02-01,12.0,0,0.0001691162294894233,40.92071611253197
honolulu,2023-02-01,12.0,0,0.00016581284988472468,40.91005967604433
seattle,2023-02-01,12.0,0,0.00015981659394825217,40.89940323955669
boston,2023-02-01,12.0,0,0.0001582390420517073,40.888746803069054
phoenix,2023-02-01,12.0,0,0.00015660307630172867,40.87809036658142
agana,2023-02-01,12.0,0,0.00015457056137992516,40.867433930093775
denver,2023-02-01,12.0,0,0.00015271133764537814,40.85677749360614
charlotte,2023-02-01,12.0,0,0.00014858043105968864,40.8461210571185
tampa,2023-02-01,12.0,0,0.00014795840089152964,40.835464620630866
detroit,2023-02-01,12.0,0,0.00014716050552382405,40.82480818414322
palm_springs,2023-02-01,12.0,0,0.00014630007737677632,40.814151747655586
philadelphia,2023-02-01,12.0,0,0.00014599172546418107,40.80349531116795
minneapolis,2023-02-01,12.0,0,0.00014383071227862566,40.79283887468031
kahului,2023-02-01,12.0,0,0.00014378393402086632,40.78218243819266
san_diego,2023-02-01,12.0,0,0.00014309141534150994,40.77152600170503
fort_myers,2023-02-01,12.0,0,0.00014227458875948692,40.76086956521739
saipan,2023-02-01,12.0,0,0.00014185014740391178,40.750213128729754
san_juan,2023-02-01,12.0,0,0.00014162404423540088,40.73955669224211
salt_lake_city,2023-02-01,12.0,0,0.00014159075923241682,40.728900255754475
san_antonio,2023-02-01,12.0,0,0.0001410586332799153,40.71824381926684
austin,2023-02-01,12.0,0,0.00014052647206583627,40.707587382779195
san_jose,2023-02-01,12.0,0,0.0001399758899990398,40.69693094629156
portland,2023-02-01,12.0,0,0.00013975946883868677,40.68627450980392
kona,2023-02-01,12.0,0,0.00013966810853211867,40.675618073316286
laguna_beach,2023-02-01,12.0,0,0.00013964866132586237,40.66496163682864
oakland,2023-02-01,12.0,0,0.00013946490235388064,40.65430520034101
nashville,2023-02-01,12.0,0,0.0001393285611057409,40.64364876385337
new_orleans,2023-02-01,12.0,0,0.0001392379478092337,40.63299232736573
sacramento,2023-02-01,12.0,0,0.00013918320499447696,40.62233589087809
west_palm_beach,2023-02-01,12.0,0,0.0001391830499462573,40.611679454390455
fresno,2023-02-01,12.0,0,0.0001391828948982106,40.60102301790282
raleigh,2023-02-01,12.0,0,0.00013912522900619468,40.590366581415175
ontario,2023-02-01,12.0,0,0.00013895887602341614,40.57971014492754
baltimore,2023-02-01,12.0,0,0.00013894014667856366,40.569053708439895
sarasota,2023-02-01,12.0,0,0.00013873181767152677,40.55839727195226
kauai_island,2023-02-01,12.0,0,0.00013864761595540356,40.547740835464616
st._petersburg,2023-02-01,12.0,0,0.00013838915062771431,40.53708439897698
tuscon,2023-02-01,12.0,0,0.00013829806984318833,40.52642796248934
st._louis,2023-02-01,12.0,0,0.0001382510888305133,40.51577152600171
pittsburgh,2023-02-01,12.0,0,0.00013823414877498578,40.505115089514064
reno,2023-02-01,12.0,0,0.00013817764560346065,40.49445865302643
cincinnati,2023-02-01,12.0,0,0.00013815625125043025,40.48380221653879
mcallen,2023-02-01,12.0,0,0.00013802979982633842,40.47314578005115
columbus,2023-02-01,12.0,0,0.0001380291847739992,40.46248934356351
cleveland,2023-02-01,12.0,0,0.00013802487948436217,40.451832907075875
teterboro,2023-02-01,12.0,0,0.00013802165060526018,40.44117647058824
indianapolis,2023-02-01,12.0,0,0.00013798690649612108,40.430520034100596
vail,2023-02-01,12.0,0,0.00013796953772148197,40.41986359761296
bullhead_city,2023-02-01,12.0,0,0.00013793803357816452,40.40920716112532
newburgh,2023-02-01,12.0,0,0.00013791836634665473,40.39855072463768
brownsville,2023-02-01,12.0,0,0.00013790469312750082,40.387894288150044
laredo,2023-02-01,12.0,0,0.00013789762660179332,40.37723785166241
scottsdale,2023-02-01,12.0,0,0.00013789071404659152,40.36658141517477
hartford,2023-02-01,12.0,0,0.00013787688997571172,40.35592497868713
naples,2023-02-01,12.0,0,0.00013787320379088187,40.345268542199484
anchorage,2023-02-01,12.0,0,0.00013786337444646882,40.33461210571185
el_paso,2023-02-01,12.0,0,0.0001378603029200528,40.32395566922421
boca_raton,2023-02-01,12.0,0,0.00013785692432003374,40.31329923273657
kendall-tamiami,2023-02-01,12.0,0,0.00013785032093180106,40.30264279624893
van_nuys,2023-02-01,12.0,0,0.0001378446391997584,40.291986359761296
white_plains,2023-02-01,12.0,0,0.00013784371785987244,40.28132992327366
vail:eagle,2023-02-01,12.0,0,0.0001378434107479458,40.270673486786016
bangor,2023-02-01,12.0,0,0.0001378401861140249,40.26001705029838
st._thomas_island,2023-02-01,12.0,0,0.00013783634736247595,40.249360613810744
jacksonville,2023-02-01,12.0,0,0.00013783296934954598,40.2387041773231
midland,2023-02-01,12.0,0,0.0001378318945446114,40.228047740835464
greenville,2023-02-01,12.0,0,0.00013783097328990947,40.21739130434783
buffalo,2023-02-01,12.0,0,0.0001378298985005399,40.20673486786019
wilmington,2023-02-01,12.0,0,0.00013782867018009433,40.19607843137255
bedford,2023-02-01,12.0,0,0.0001378285166408085,40.18542199488491
kansas_city,2023-02-01,12.0,0,0.00013782836310169346,40.174765558397276
boise,2023-02-01,12.0,0,0.00013782790248537485,40.16410912190963
spokane,2023-02-01,12.0,0,0.00013782713479493114,40.153452685421996
norfolk,2023-02-01,12.0,0,0.0001378259064991153,40.14279624893435
farmingdale,2023-02-01,12.0,0,0.00013782544589100655,40.13213981244672
savannah,2023-02-01,12.0,0,0.00013782498528443711,40.12148337595908
bozeman,2023-02-01,12.0,0,0.000137824064075916,40.11082693947144
grand_rapids,2023-02-01,12.0,0,0.00013782391054176132,40.1001705029838
conroe,2023-02-01,12.0,0,0.0001378237570077774,40.089514066496164
pontiac,2023-02-01,12.0,0,0.0001378234499403227,40.07885763000852
great_falls,2023-02-01,12.0,0,0.00013782298934042367,40.068201193520885
windsor_locks,2023-02-01,12.0,0,0.000137822221677346,40.05754475703325
sugar_land,2023-02-01,12.0,0,0.0001378220681452435,40.04156010230179
dallas-fort_worth,2023-02-01,12.0,0,0.0001378220681452435,40.04156010230179
omaha,2023-02-01,12.0,0,0.00013782114695622024,40.02557544757033
rochester,2023-02-01,12.0,0,0.00013782068636401768,40.014919011082696
toledo,2023-02-01,12.0,0,0.00013782053283362545,40.00426257459505
greensboro,2023-02-01,12.0,0,0.00013782007224347526,39.99360613810742
fargo,2023-02-01,12.0,0,0.00013781976518423037,39.98294970161978
casper,2023-02-01,12.0,0,0.00013781853695409143,39.972293265132144
houma,2023-02-01,12.0,0,0.00013781761578867034,39.9616368286445
albuquerque,2023-02-01,12.0,0,0.00013781746226169893,39.950980392156865
fort_pierce,2023-02-01,12.0,0,0.00013781730873489834,39.94032395566923
stuart,2023-02-01,12.0,0,0.00013781715520826875,39.92433930093777
nogales,2023-02-01,12.0,0,0.00013781715520826875,39.92433930093777
charleston,2023-02-01,12.0,0,0.00013781700168181046,39.908354646206305
syracuse,2023-02-01,12.0,0,0.00013781684815552294,39.89769820971867
memphis,2023-02-01,12.0,0,0.00013781669462940643,39.87105711849958
broomdield-co,2023-02-01,12.0,0,0.00013781669462940643,39.87105711849958
kalispell,2023-02-01,12.0,0,0.00013781669462940643,39.87105711849958
key_west,2023-02-01,12.0,0,0.00013781669462940643,39.87105711849958
wichita,2023-02-01,12.0,0,0.00013781623405208335,39.844416027280474
harrisburg,2023-02-01,12.0,0,0.00013781608052665094,39.83375959079284
bellingham,2023-02-01,12.0,0,0.00013781592700138958,39.8231031543052
melbourne,2023-02-01,12.0,0,0.00013781577347629948,39.80711849957374
mesa,2023-02-01,12.0,0,0.00013781577347629948,39.80711849957374
daytona_beach,2023-02-01,12.0,0,0.0001378153129020546,39.78580562659847
richmond,2023-02-01,12.0,0,0.0001378153129020546,39.78580562659847
rogers,2023-02-01,12.0,0,0.0001378151593776486,39.76449275362319
louisville,2023-02-01,12.0,0,0.0001378151593776486,39.76449275362319
morristown,2023-02-01,12.0,0,0.00013781469880545626,39.74317988064791
fort_worth,2023-02-01,12.0,0,0.00013781469880545626,39.74317988064791
west_chicago,2023-02-01,12.0,0,0.0001378145452817341,39.721867007672635
erie,2023-02-01,12.0,0,0.0001378145452817341,39.721867007672635
carlsbad,2023-02-01,12.0,0,0.00013781439175818296,39.705882352941174
tulsa,2023-02-01,12.0,0,0.00013781423823480286,39.69522591645354
aguadilla,2023-02-01,12.0,0,0.00013781377766568893,39.684569479965894
weslaco,2023-02-01,12.0,0,0.00013781347062046816,39.67391304347826
aspen,2023-02-01,12.0,0,0.0001378133170981142,39.657928388746804
duluth,2023-02-01,12.0,0,0.0001378133170981142,39.657928388746804
fairbanks,2023-02-01,12.0,0,0.00013781316357593126,39.64194373401534
gary,2023-02-01,12.0,0,0.00013781285653207868,39.62595907928389
raleigh-durham,2023-02-01,12.0,0,0.00013781285653207868,39.62595907928389
milwaukee,2023-02-01,12.0,0,0.00013781239596758233,39.60464620630861
burlington,2023-02-01,12.0,0,0.00013781239596758233,39.60464620630861
addison,2023-02-01,12.0,0,0.00013781178188398141,39.588661551577154
minot,2023-02-01,12.0,0,0.00013781101428332818,39.567348678601874
des_moines,2023-02-01,12.0,0,0.00013781101428332818,39.567348678601874
huntsville,2023-02-01,12.0,0,0.00013781101428332818,39.567348678601874
niagara_falls,2023-02-01,12.0,0,0.00013781086076371054,39.5460358056266
south_bend,2023-02-01,12.0,0,0.0001378107072442639,39.53005115089514
monterey,2023-02-01,12.0,0,0.0001378107072442639,39.53005115089514
lakeland,2023-02-01,12.0,0,0.00013781055372498853,39.50341005967604
grant_county_airport,2023-02-01,12.0,0,0.00013781055372498853,39.50341005967604
portsmouth,2023-02-01,12.0,0,0.00013781055372498853,39.50341005967604
del_rio,2023-02-01,12.0,0,0.00013781040020588396,39.47676896845695
st._thomas,2023-02-01,12.0,0,0.00013781040020588396,39.47676896845695
new_bedford,2023-02-01,12.0,0,0.00013781009316818807,39.45545609548167
birmingham,2023-02-01,12.0,0,0.00013781009316818807,39.45545609548167
colorado_springs,2023-02-01,12.0,0,0.00013780993964959654,39.43947144075021
albany,2023-02-01,12.0,0,0.00013780978613117605,39.423486786018756
sioux_falls,2023-02-01,12.0,0,0.00013780978613117605,39.423486786018756
binghamton,2023-02-01,12.0,0,0.00013780963261292653,39.407502131287295
columbia,2023-02-01,12.0,0,0.00013780947909484832,39.38618925831202
dayton,2023-02-01,12.0,0,0.00013780947909484832,39.38618925831202
yuma,2023-02-01,12.0,0,0.00013780947909484832,39.38618925831202
newport_news,2023-02-01,12.0,0,0.0001378091720592044,39.338235294117645
green_bay,2023-02-01,12.0,0,0.0001378091720592044,39.338235294117645
st._paul,2023-02-01,12.0,0,0.0001378091720592044,39.338235294117645
san_bernardino,2023-02-01,12.0,0,0.0001378091720592044,39.338235294117645
leesburg,2023-02-01,12.0,0,0.0001378091720592044,39.338235294117645
sanford,2023-02-01,12.0,0,0.0001378091720592044,39.338235294117645
chicago-wheeling,2023-02-01,12.0,0,0.00013780901854163898,39.28495311167946
calexico,2023-02-01,12.0,0,0.00013780901854163898,39.28495311167946
cocoa,2023-02-01,12.0,0,0.00013780901854163898,39.28495311167946
marathon,2023-02-01,12.0,0,0.00013780901854163898,39.28495311167946
vero_beach,2023-02-01,12.0,0,0.00013780886502424479,39.23699914748508
port_clinton,2023-02-01,12.0,0,0.00013780886502424479,39.23699914748508
broomfield,2023-02-01,12.0,0,0.00013780886502424479,39.23699914748508
bristol,2023-02-01,12.0,0,0.00013780886502424479,39.23699914748508
corpus_christi,2023-02-01,12.0,0,0.00013780886502424479,39.23699914748508
winston-salem,2023-02-01,12.0,0,0.0001378087115070214,39.18371696504689
rifle,2023-02-01,12.0,0,0.0001378087115070214,39.18371696504689
trenton,2023-02-01,12.0,0,0.0001378087115070214,39.18371696504689
lexington_ky,2023-02-01,12.0,0,0.0001378087115070214,39.18371696504689
knoxville,2023-02-01,12.0,0,0.0001378087115070214,39.18371696504689
mountain_view,2023-02-01,12.0,0,0.00013780855798996901,39.14109121909634
manassas,2023-02-01,12.0,0,0.00013780855798996901,39.14109121909634
springfield,2023-02-01,12.0,0,0.00013780855798996901,39.14109121909634
camp_springs,2023-02-01,12.0,0,0.00013780840447308765,39.09846547314578
international_falls,2023-02-01,12.0,0,0.00013780840447308765,39.09846547314578
oklahoma_city,2023-02-01,12.0,0,0.00013780840447308765,39.09846547314578
oxford,2023-02-01,12.0,0,0.00013780840447308765,39.09846547314578
champaign,2023-02-01,12.0,0,0.00013780840447308765,39.09846547314578
providence,2023-02-01,12.0,0,0.00013780825095637757,39.061167945439045
little_rock,2023-02-01,12.0,0,0.00013780825095637757,39.061167945439045
allentown,2023-02-01,12.0,0,0.00013780809743983821,39.045183290707584
islip,2023-02-01,12.0,0,0.0001378079439234699,39.00788576300086
st._augustine_airport,2023-02-01,12.0,0,0.0001378079439234699,39.00788576300086
lihue,2023-02-01,12.0,0,0.0001378079439234699,39.00788576300086
watertown,2023-02-01,12.0,0,0.0001378079439234699,39.00788576300086
fairfield,2023-02-01,12.0,0,0.0001378079439234699,39.00788576300086
santa_maria,2023-02-01,12.0,0,0.0001378079439234699,39.00788576300086
kalamazoo,2023-02-01,12.0,0,0.00013780779040727285,38.9386189258312
rockford,2023-02-01,12.0,0,0.00013780779040727285,38.9386189258312
harlingen,2023-02-01,12.0,0,0.00013780779040727285,38.9386189258312
manchester,2023-02-01,12.0,0,0.00013780779040727285,38.9386189258312
pensacola,2023-02-01,12.0,0,0.00013780779040727285,38.9386189258312
akron,2023-02-01,12.0,0,0.00013780779040727285,38.9386189258312
pine_mountain,2023-02-01,12.0,0,0.00013780779040727285,38.9386189258312
baton_rouge,2023-02-01,12.0,0,0.00013780763689124655,38.86402387041773
st._croix_island,2023-02-01,12.0,0,0.00013780763689124655,38.86402387041773
lake_charles,2023-02-01,12.0,0,0.00013780763689124655,38.86402387041773
plattsburgh,2023-02-01,12.0,0,0.00013780763689124655,38.86402387041773
west_hampton_beach,2023-02-01,12.0,0,0.00013780763689124655,38.86402387041773
grand_forks,2023-02-01,12.0,0,0.00013780763689124655,38.86402387041773
lafayette,2023-02-01,12.0,0,0.00013780763689124655,38.86402387041773
atlantic_city,2023-02-01,12.0,0,0.00013780748337539127,38.784100596760446
peoria,2023-02-01,12.0,0,0.00013780748337539127,38.784100596760446
revelstoke,2023-02-01,12.0,0,0.00013780748337539127,38.784100596760446
tacoma,2023-02-01,12.0,0,0.00013780748337539127,38.784100596760446
westfield,2023-02-01,12.0,0,0.00013780748337539127,38.784100596760446
jackson,2023-02-01,12.0,0,0.00013780748337539127,38.784100596760446
chattanooga,2023-02-01,12.0,0,0.00013780748337539127,38.784100596760446
saginlaw,2023-02-01,12.0,0,0.00013780748337539127,38.784100596760446
decatur,2023-02-01,12.0,0,0.00013780732985970703,38.70950554134697
port_huron,2023-02-01,12.0,0,0.00013780732985970703,38.70950554134697
olympia,2023-02-01,12.0,0,0.00013780732985970703,38.70950554134697
cutbank,2023-02-01,12.0,0,0.00013780732985970703,38.70950554134697
moline,2023-02-01,12.0,0,0.00013780732985970703,38.70950554134697
amarillo,2023-02-01,12.0,0,0.00013780732985970703,38.70950554134697
kingston,2023-02-01,12.0,0,0.00013780717634419404,38.629582267689685
bakersfield,2023-02-01,12.0,0,0.00013780717634419404,38.629582267689685
topeka,2023-02-01,12.0,0,0.00013780717634419404,38.629582267689685
battle_creek,2023-02-01,12.0,0,0.00013780717634419404,38.629582267689685
alpena,2023-02-01,12.0,0,0.00013780717634419404,38.629582267689685
fort_wayne,2023-02-01,12.0,0,0.00013780717634419404,38.629582267689685
scranton,2023-02-01,12.0,0,0.00013780717634419404,38.629582267689685
clinton,2023-02-01,12.0,0,0.00013780717634419404,38.629582267689685
racine,2023-02-01,12.0,0,0.00013780717634419404,38.629582267689685
burbank,2023-02-01,12.0,0,0.0001378070228288518,38.50703324808184
guam,2023-02-01,12.0,0,0.0001378070228288518,38.50703324808184
barnstable,2023-02-01,12.0,0,0.0001378070228288518,38.50703324808184
santa_teresa,2023-02-01,12.0,0,0.0001378070228288518,38.50703324808184
ogdensburg,2023-02-01,12.0,0,0.0001378070228288518,38.50703324808184
georgetown,2023-02-01,12.0,0,0.0001378070228288518,38.50703324808184
roanoke,2023-02-01,12.0,0,0.0001378070228288518,38.50703324808184
ceiba,2023-02-01,12.0,0,0.0001378070228288518,38.50703324808184
friday_harbor,2023-02-01,12.0,0,0.0001378070228288518,38.50703324808184
kenmore,2023-02-01,12.0,0,0.0001378070228288518,38.50703324808184
shreveport,2023-02-01,12.0,0,0.0001378070228288518,38.50703324808184
flint,2023-02-01,12.0,0,0.0001378070228288518,38.50703324808184
santa_ana,2023-02-01,12.0,0,0.0001378070228288518,38.50703324808184
kenosha,2023-02-01,12.0,0,0.0001378070228288518,38.50703324808184
mobile,2023-02-01,12.0,0,0.00013780686931368059,38.30456095481671
lakehurst,2023-02-01,12.0,0,0.00013780686931368059,38.30456095481671
presidio,2023-02-01,12.0,0,0.00013780686931368059,38.30456095481671
scotia,2023-02-01,12.0,0,0.00013780686931368059,38.30456095481671
north_kingstown,2023-02-01,12.0,0,0.00013780686931368059,38.30456095481671
appleton,2023-02-01,12.0,0,0.00013780686931368059,38.30456095481671
venice,2023-02-01,12.0,0,0.00013780686931368059,38.30456095481671
edinburg,2023-02-01,12.0,0,0.00013780686931368059,38.30456095481671
stratford,2023-02-01,12.0,0,0.00013780686931368059,38.30456095481671
calgary,2023-02-01,12.0,0,0.00013780686931368059,38.30456095481671
pinecreek,2023-02-01,12.0,0,0.00013780686931368059,38.30456095481671
hunter_aaf,2023-02-01,12.0,0,0.00013780686931368059,38.30456095481671
westhampton,2023-02-01,12.0,0,0.00013780686931368059,38.30456095481671
lincoln,2023-02-01,12.0,0,0.00013780686931368059,38.30456095481671
arcata_ca,2023-02-01,12.0,0,0.00013780686931368059,38.30456095481671
victorville,2023-02-01,12.0,0,0.00013780686931368059,38.30456095481671
myrtle_beach,2023-02-01,12.0,0,0.00013780686931368059,38.30456095481671
helena,2023-02-01,12.0,0,0.00013780686931368059,38.30456095481671
burlington:mount_vernon,2023-02-01,12.0,0,0.00013780686931368059,38.30456095481671
ottawa,2023-02-01,12.0,0,0.00013780686931368059,38.30456095481671
dover-cheswold,2023-02-01,12.0,0,0.00013780686931368059,38.30456095481671
fort_dix,2023-02-01,12.0,0,0.00013780686931368059,38.30456095481671
hilton_head_island,2023-02-01,12.0,0,0.00013780686931368059,38.30456095481671
newport,2023-02-01,12.0,0,0.00013780686931368059,38.30456095481671
killeen,2023-02-01,12.0,0,0.00013780671579868037,37.68115942028986
shannon,2023-02-01,12.0,0,0.00013780671579868037,37.68115942028986
bainbridge,2023-02-01,12.0,0,0.00013780671579868037,37.68115942028986
hillsboro,2023-02-01,12.0,0,0.00013780671579868037,37.68115942028986
ketchikan,2023-02-01,12.0,0,0.00013780671579868037,37.68115942028986
abilene,2023-02-01,12.0,0,0.00013780671579868037,37.68115942028986
lebanon,2023-02-01,12.0,0,0.00013780671579868037,37.68115942028986
amsterdam,2023-02-01,12.0,0,0.00013780671579868037,37.68115942028986
tallahassee,2023-02-01,12.0,0,0.00013780671579868037,37.68115942028986
rockland,2023-02-01,12.0,0,0.00013780671579868037,37.68115942028986
winston_salem,2023-02-01,12.0,0,0.00013780671579868037,37.68115942028986
santa_barbara,2023-02-01,12.0,0,0.00013780671579868037,37.68115942028986
new_haven,2023-02-01,12.0,0,0.00013780671579868037,37.68115942028986
grand_junction,2023-02-01,12.0,0,0.00013780671579868037,37.68115942028986
beaumont,2023-02-01,12.0,0,0.00013780671579868037,37.68115942028986
punta_gorda,2023-02-01,12.0,0,0.00013780671579868037,37.68115942028986
lawrence,2023-02-01,12.0,0,0.00013780671579868037,37.68115942028986
louisiana,2023-02-01,12.0,0,0.00013780671579868037,37.68115942028986
sedona,2023-02-01,12.0,0,0.00013780671579868037,37.68115942028986
meridian,2023-02-01,12.0,0,0.00013780671579868037,37.68115942028986
groton,2023-02-01,12.0,0,0.00013780671579868037,37.68115942028986
durango,2023-02-01,12.0,0,0.00013780671579868037,37.68115942028986
eden_prairie,2023-02-01,12.0,0,0.00013780671579868037,37.68115942028986
thomasville,2023-02-01,12.0,0,0.00013780671579868037,37.68115942028986
port_angeles,2023-02-01,12.0,0,0.00013780671579868037,37.68115942028986
richmond_heights,2023-02-01,12.0,0,0.00013780671579868037,37.68115942028986
bamburi,2023-02-01,12.0,0,0.00013780671579868037,37.68115942028986
renton,2023-02-01,12.0,0,0.00013780671579868037,37.68115942028986
ponce,2023-02-01,12.0,0,0.00013780671579868037,37.68115942028986
lexington,2023-02-01,12.0,0,0.00013780671579868037,37.68115942028986
gonzales,2023-02-01,12.0,0,0.00013780671579868037,37.68115942028986
bridgeport_ct,2023-02-01,12.0,0,0.00013780671579868037,37.68115942028986
kissimmee,2023-02-01,12.0,0,0.00013780671579868037,37.68115942028986
beverly,2023-02-01,12.0,0,0.00013780671579868037,37.68115942028986
montpellier,2023-02-01,12.0,0,0.00013780671579868037,37.68115942028986
athens,2023-02-01,12.0,0,0.00013780671579868037,37.68115942028986
ithaca,2023-02-01,12.0,0,0.00013780671579868037,37.68115942028986
fergusons_gulf,2023-02-01,12.0,0,0.00013780671579868037,37.68115942028986
lansing,2023-02-01,12.0,0,0.00013780671579868037,37.68115942028986
valparaiso,2023-02-01,12.0,0,0.00013780671579868037,37.68115942028986
redlands,2023-02-01,12.0,0,0.00013780671579868037,37.68115942028986
monroe,2023-02-01,12.0,0,0.00013780671579868037,37.68115942028986
queensbury,2023-02-01,12.0,0,0.00013780671579868037,37.68115942028986
baudette,2023-02-01,12.0,0,0.00013780671579868037,37.68115942028986
charlottesville,2023-02-01,12.0,0,0.00013780671579868037,37.68115942028986
fayetteville,2023-02-01,12.0,0,0.00013780671579868037,37.68115942028986
augusta,2023-02-01,12.0,0,0.00013780671579868037,37.68115942028986
northway,2023-02-01,12.0,0,0.00013780671579868037,37.68115942028986
farmington,2023-02-01,12.0,0,0.00013780671579868037,37.68115942028986
ballston_spa,2023-02-01,12.0,0,0.00013780671579868037,37.68115942028986
beaufort,2023-02-01,12.0,0,0.00013780671579868037,37.68115942028986
jacksn_hole,2023-02-01,12.0,0,0.00013780671579868037,37.68115942028986
schenectady,2023-02-01,12.0,0,0.00013780671579868037,37.68115942028986
belmar,2023-02-01,12.0,0,0.00013780671579868037,37.68115942028986
sault_ste._marie,2023-02-01,12.0,0,0.00013780671579868037,37.68115942028986
eagle_pass,2023-02-01,12.0,0,0.00013780671579868037,37.68115942028986
gulf_shores,2023-02-01,12.0,0,0.00013780671579868037,37.68115942028986
pascagoula,2023-02-01,12.0,0,0.00013780671579868037,37.68115942028986
calliano,2023-02-01,12.0,0,0.00013780671579868037,37.68115942028986
kennesaw,2023-02-01,12.0,0,0.00013780671579868037,37.68115942028986
genting,2023-02-01,12.0,0,0.00013780671579868037,37.68115942028986
geneva,2023-02-01,12.0,0,0.00013780671579868037,37.68115942028986
falfurrias,2023-02-01,12.0,0,0.00013780671579868037,37.68115942028986
hayden,2023-02-01,12.0,0,0.00013780671579868037,37.68115942028986
gainesville,2023-02-01,12.0,0,0.00013780671579868037,37.68115942028986
big_spring,2023-02-01,12.0,0,0.00013780671579868037,37.68115942028986
panama_city,2023-02-01,12.0,0,0.00013780671579868037,37.68115942028986
worcester,2023-02-01,12.0,0,0.00013780671579868037,37.68115942028986
waukegan,2023-02-01,12.0,0,0.00013780671579868037,37.68115942028986
danbury,2023-02-01,12.0,0,0.00013780671579868037,37.68115942028986
gander,2023-02-01,12.0,0,0.00013780671579868037,37.68115942028986
fairhope,2023-02-01,12.0,0,0.00013780671579868037,37.68115942028986
gulfport,2023-02-01,12.0,0,0.00013780671579868037,37.68115942028986
douglas,2023-02-01,12.0,0,0.00013780671579868037,37.68115942028986
everett,2023-02-01,12.0,0,0.00013780671579868037,37.68115942028986
lubbock,2023-02-01,12.0,0,0.00013780671579868037,37.68115942028986
galveston,2023-02-01,12.0,0,0.00013780671579868037,37.68115942028986
belmar:farmingdale,2023-02-01,12.0,0,0.00013780671579868037,37.68115942028986
vieques_island,2023-02-01,12.0,0,0.00013780671579868037,37.68115942028986
telluride,2023-02-01,12.0,0,0.00013780671579868037,37.68115942028986
mount_vernon,2023-02-01,12.0,0,0.00013780671579868037,37.68115942028986
brunswick,2023-02-01,12.0,0,0.00013780671579868037,37.68115942028986
huntington,2023-02-01,12.0,0,0.00013780671579868037,37.68115942028986
springdale,2023-02-01,12.0,0,0.00013780671579868037,37.68115942028986
placida,2023-02-01,12.0,0,0.00013780671579868037,37.68115942028986
college_station,2023-02-01,12.0,0,0.00013780671579868037,37.68115942028986
tinian,2023-02-01,12.0,0,0.00013780671579868037,37.68115942028986
laconia,2023-02-01,12.0,0,0.00013780671579868037,37.68115942028986
latrobe,2023-02-01,12.0,0,0.00013780671579868037,37.68115942028986
presque_isle,2023-02-01,12.0,0,0.00013780671579868037,37.68115942028986
keene,2023-02-01,12.0,0,0.00013780671579868037,37.68115942028986
sagarai,2023-02-01,12.0,0,0.00013780671579868037,37.68115942028986
hayward,2023-02-01,12.0,0,0.00013780671579868037,37.68115942028986
new_york,2023-10-01,12.0,0,7.889172843821672e-05,37.18030690537084
new_york,2023-09-01,12.0,0,7.417021174383333e-05,37.169650468883205
new_york,2023-05-01,12.0,0,7.047848346600555e-05,37.15899403239556
new_york,2023-04-01,12.0,0,6.305447146191365e-05,37.148337595907925
new_york,2023-11-01,12.0,0,6.120465299020189e-05,37.13768115942029
miami,2023-11-01,12.0,0,4.517906698770723e-05,37.12702472293265
new_york,2023-08-01,12.0,0,4.495134303968298e-05,37.11636828644501
new_york,2023-03-01,12.0,0,4.406430600050436e-05,37.10571184995737
miami,2023-04-01,12.0,0,4.115334154863753e-05,37.09505541346974
los_angeles,2023-10-01,12.0,0,4.0981829682204944e-05,37.084398976982094
los_angeles,2023-09-01,12.0,0,4.085551962490271e-05,37.07374254049446
miami,2023-10-01,12.0,0,4.0382356431361884e-05,37.06308610400682
new_york,2023-07-01,12.0,0,3.934048720768118e-05,37.052429667519185
miami,2023-05-01,12.0,0,3.819062275287349e-05,37.04177323103154
miami,2023-09-01,12.0,0,3.685714009167052e-05,37.031116794543905
los_angeles,2023-05-01,12.0,0,3.5772122277423513e-05,37.02046035805627
miami,2023-03-01,12.0,0,3.533104379645647e-05,37.00980392156863
los_angeles,2023-11-01,12.0,0,3.406488449589087e-05,36.99914748508099
los_angeles,2023-04-01,12.0,0,3.378432145869437e-05,36.98849104859335
new_york,2023-06-01,12.0,0,2.8028468026572186e-05,36.97783461210572
san_francisco,2023-09-01,12.0,0,2.7704153511395247e-05,36.96717817561807
los_angeles,2023-03-01,12.0,0,2.6907362221327587e-05,36.95652173913043
san_francisco,2023-10-01,12.0,0,2.6221254420979607e-05,36.945865302642794
san_francisco,2023-05-01,12.0,0,2.5501615563939724e-05,36.93520886615516
newark,2023-10-01,12.0,0,2.424270007554196e-05,36.924552429667514
newark,2023-05-01,12.0,0,2.371705725182967e-05,36.91389599317988
los_angeles,2023-08-01,12.0,0,2.335737204196838e-05,36.90323955669224
newark,2023-09-01,12.0,0,2.3350637968459763e-05,36.892583120204606
san_francisco,2023-04-01,12.0,0,2.3181677954243238e-05,36.88192668371696
newark,2023-04-01,12.0,0,2.3142871038163306e-05,36.871270247229326
san_francisco,2023-11-01,12.0,0,2.3073932772151288e-05,36.86061381074169
miami,2023-08-01,12.0,0,2.3066424369456583e-05,36.849957374254046
chicago,2023-10-01,12.0,0,2.3004149156874344e-05,36.83930093776641
chicago,2023-09-01,12.0,0,2.26815167865504e-05,36.828644501278774
chicago,2023-05-01,12.0,0,2.242979997558511e-05,36.81798806479114
newark,2023-11-01,12.0,0,2.2382026744653015e-05,36.807331628303494
houston,2023-10-01,12.0,0,2.1779688761076015e-05,36.79667519181586
miami,2023-07-01,12.0,0,2.1681619852660273e-05,36.78601875532822
houston,2023-04-01,12.0,0,2.167582768921149e-05,36.775362318840585
orlando,2023-04-01,12.0,0,2.1489904042605666e-05,36.76470588235294
houston,2023-11-01,12.0,0,2.1371015525432532e-05,36.7540494458653
houston,2023-09-01,12.0,0,2.1150234666927738e-05,36.74339300937766
houston,2023-05-01,12.0,0,2.1063003404941434e-05,36.732736572890026
chicago,2023-04-01,12.0,0,2.070058970653292e-05,36.72208013640238
chicago,2023-11-01,12.0,0,2.057634677706828e-05,36.71142369991475
los_angeles,2023-07-01,12.0,0,2.049698095638469e-05,36.70076726342711
orlando,2023-10-01,12.0,0,2.0287199248547122e-05,36.690110826939474
orlando,2023-11-01,12.0,0,2.024658313668047e-05,36.67945439045183
atlanta,2023-10-01,12.0,0,1.9876926435000987e-05,36.668797953964194
dallas,2023-10-01,12.0,0,1.9722091302839247e-05,36.65814151747656
fort_lauderdale,2023-11-01,12.0,0,1.97139859809634e-05,36.647485080988915
washington,2023-10-01,12.0,0,1.9633771889102132e-05,36.63682864450128
dallas,2023-11-01,12.0,0,1.9628086052311865e-05,36.62617220801364
orlando,2023-05-01,12.0,0,1.9538141573012782e-05,36.615515771526006
atlanta,2023-09-01,12.0,0,1.952352080548792e-05,36.60485933503836
washington,2023-09-01,12.0,0,1.938402354898095e-05,36.594202898550726
fort_lauderdale,2023-04-01,12.0,0,1.932303154322248e-05,36.58354646206309
orlando,2023-09-01,12.0,0,1.925989268255963e-05,36.57289002557545
washington,2023-05-01,12.0,0,1.923549205110955e-05,36.56223358908781
dallas,2023-04-01,12.0,0,1.919755892494583e-05,36.551577152600174
dallas,2023-05-01,12.0,0,1.9104670452048458e-05,36.54092071611253
atlanta,2023-11-01,12.0,0,1.9093819532171413e-05,36.53026427962489
dallas,2023-09-01,12.0,0,1.903617919662989e-05,36.51960784313725
atlanta,2023-05-01,12.0,0,1.903469483033556e-05,36.508951406649615
san_francisco,2023-03-01,12.0,0,1.8913509721622136e-05,36.49829497016198
atlanta,2023-04-01,12.0,0,1.872335905168107e-05,36.487638533674335
newark,2023-03-01,12.0,0,1.8562380419077732e-05,36.4769820971867
washington,2023-11-01,12.0,0,1.8282794302210765e-05,36.46632566069906
washington,2023-04-01,12.0,0,1.8277438618805615e-05,36.45566922421143
fort_lauderdale,2023-10-01,12.0,0,1.7993515825281667e-05,36.44501278772378
fort_lauderdale,2023-05-01,12.0,0,1.7967356681937355e-05,36.43435635123615
orlando,2023-03-01,12.0,0,1.7643394055354106e-05,36.42369991474851
boston,2023-09-01,12.0,0,1.7618457559603297e-05,36.41304347826087
las_vegas,2023-10-01,12.0,0,1.7604037812869643e-05,36.40238704177323
fort_lauderdale,2023-09-01,12.0,0,1.754006664985821e-05,36.391730605285595
boston,2023-10-01,12.0,0,1.7498672484215636e-05,36.38107416879796
boston,2023-05-01,12.0,0,1.747833331190084e-05,36.370417732310315
houston,2023-03-01,12.0,0,1.7465850059294798e-05,36.35976129582268
las_vegas,2023-05-01,12.0,0,1.7269483454787898e-05,36.34910485933504
las_vegas,2023-04-01,12.0,0,1.72214362217412e-05,36.3384484228474
fort_lauderdale,2023-03-01,12.0,0,1.7209098106900717e-05,36.327791986359756
honolulu,2023-11-01,12.0,0,1.6945949223407356e-05,36.31713554987212
seattle,2023-09-01,12.0,0,1.6939249010933094e-05,36.30647911338448
las_vegas,2023-09-01,12.0,0,1.6916657701717983e-05,36.29582267689685
honolulu,2023-09-01,12.0,0,1.688764256109776e-05,36.285166240409204
las_vegas,2023-11-01,12.0,0,1.687603916436065e-05,36.27450980392157
honolulu,2023-10-01,12.0,0,1.671701458082423e-05,36.26385336743393
seattle,2023-05-01,12.0,0,1.6541457103230507e-05,36.25319693094629
boston,2023-11-01,12.0,0,1.6452620532500968e-05,36.24254049445865
chicago,2023-03-01,12.0,0,1.6421211397346752e-05,36.231884057971016
seattle,2023-10-01,12.0,0,1.64003771909615e-05,36.22122762148338
boston,2023-04-01,12.0,0,1.6231977928946377e-05,36.210571184995736
seattle,2023-11-01,12.0,0,1.5998389191171622e-05,36.1999147485081
honolulu,2023-05-01,12.0,0,1.5990870074498548e-05,36.18925831202046
dallas,2023-03-01,12.0,0,1.584395679529235e-05,36.17860187553282
seattle,2023-04-01,12.0,0,1.5782677752867574e-05,36.167945439045184
honolulu,2023-04-01,12.0,0,1.5736908751738377e-05,36.15728900255755
atlanta,2023-03-01,12.0,0,1.539738472454158e-05,36.14663256606991
san_francisco,2023-08-01,12.0,0,1.5252687910921563e-05,36.13597612958227
miami,2023-06-01,12.0,0,1.524359414074496e-05,36.12531969309463
washington,2023-03-01,12.0,0,1.4863172458442214e-05,36.11466325660699
agana,2023-11-01,12.0,0,1.4838363092424748e-05,36.10400682011935
denver,2023-04-01,12.0,0,1.4827919969415198e-05,36.09335038363171
phoenix,2023-04-01,12.0,0,1.4778876387618268e-05,36.08269394714407
denver,2023-09-01,12.0,0,1.475009336472561e-05,36.072037510656436
denver,2023-10-01,12.0,0,1.4728173729014373e-05,36.0613810741688
phoenix,2023-11-01,12.0,0,1.4722826019182513e-05,36.05072463768116
denver,2023-11-01,12.0,0,1.4666302012286827e-05,36.04006820119352
agana,2023-10-01,12.0,0,1.4659670254702937e-05,36.029411764705884
denver,2023-05-01,12.0,0,1.4622108890474916e-05,36.01875532821824
agana,2023-04-01,12.0,0,1.4618167522040386e-05,36.008098891730604
agana,2023-09-01,12.0,0,1.4559206759624928e-05,35.99744245524297
los_angeles,2023-06-01,12.0,0,1.4498149542030754e-05,35.98678601875533
agana,2023-05-01,12.0,0,1.445766001636896e-05,35.97612958226769
detroit,2023-05-01,12.0,0,1.4408621146170062e-05,35.96547314578005
las_vegas,2023-03-01,12.0,0,1.4352770021906146e-05,35.954816709292416
tampa,2023-04-01,12.0,0,1.4325476917942183e-05,35.94416027280477
detroit,2023-09-01,12.0,0,1.4306913381201317e-05,35.933503836317136
detroit,2023-10-01,12.0,0,1.429458290399855e-05,35.9228473998295
phoenix,2023-10-01,12.0,0,1.4266536473615125e-05,35.912190963341864
charlotte,2023-04-01,12.0,0,1.4234421663669828e-05,35.90153452685422
detroit,2023-04-01,12.0,0,1.4231425013091491e-05,35.89087809036658
charlotte,2023-05-01,12.0,0,1.4208012634542885e-05,35.88022165387894
minneapolis,2023-09-01,12.0,0,1.4199341787368753e-05,35.869565217391305
minneapolis,2023-10-01,12.0,0,1.4192873746122608e-05,35.85890878090366
charlotte,2023-10-01,12.0,0,1.4187941671307938e-05,35.848252344416025
detroit,2023-11-01,12.0,0,1.4186155797794724e-05,35.83759590792839
philadelphia,2023-10-01,12.0,0,1.416887763232302e-05,35.82693947144075
philadelphia,2023-05-01,12.0,0,1.4141613451159984e-05,35.81628303495311
tampa,2023-11-01,12.0,0,1.4133754601185567e-05,35.80562659846547
philadelphia,2023-04-01,12.0,0,1.411525081427278e-05,35.79497016197784
charlotte,2023-11-01,12.0,0,1.4113992933648873e-05,35.78431372549019
philadelphia,2023-09-01,12.0,0,1.4092469116413834e-05,35.77365728900256
minneapolis,2023-05-01,12.0,0,1.406530495703211e-05,35.76300085251492
charlotte,2023-09-01,12.0,0,1.4057128341394149e-05,35.752344416027285
philadelphia,2023-11-01,12.0,0,1.4037489449465291e-05,35.74168797953964
minneapolis,2023-11-01,12.0,0,1.4007091672752097e-05,35.731031543052005
phoenix,2023-05-01,12.0,0,1.3985839939672828e-05,35.72037510656437
minneapolis,2023-04-01,12.0,0,1.3931136597889776e-05,35.709718670076725
san_francisco,2023-07-01,12.0,0,1.3877850599101706e-05,35.69906223358908
phoenix,2023-09-01,12.0,0,1.3857800772357201e-05,35.688405797101446
tampa,2023-10-01,12.0,0,1.3848094041101463e-05,35.67774936061381
tampa,2023-05-01,12.0,0,1.3744936845136277e-05,35.66709292412617
palm_springs,2023-04-01,12.0,0,1.372081151775541e-05,35.65643648763853
honolulu,2023-03-01,12.0,0,1.3706842797611054e-05,35.64578005115089
palm_springs,2023-11-01,12.0,0,1.3663430390566344e-05,35.63512361466326
tampa,2023-09-01,12.0,0,1.3619740343197722e-05,35.624467178175614
saipan,2023-10-01,12.0,0,1.3609775844102572e-05,35.61381074168798
san_antonio,2023-11-01,12.0,0,1.3578035215665581e-05,35.60315430520034
austin,2023-10-01,12.0,0,1.3565879551312828e-05,35.592497868712705
saipan,2023-09-01,12.0,0,1.3563461812242155e-05,35.58184143222506
boston,2023-03-01,12.0,0,1.3556251029810286e-05,35.571184995737426
san_diego,2023-10-01,12.0,0,1.355334220908354e-05,35.56052855924979
san_antonio,2023-10-01,12.0,0,1.3552345761250713e-05,35.54987212276215
melbourne,2023-09-01,12.0,0,1.354599135573974e-05,35.53921568627451
san_diego,2023-11-01,12.0,0,1.3544859648464275e-05,35.52855924978687
san_diego,2023-04-01,12.0,0,1.353691018454624e-05,35.51790281329924
melbourne,2023-05-01,12.0,0,1.352568028657845e-05,35.507246376811594
san_diego,2023-09-01,12.0,0,1.3525183070381478e-05,35.49658994032396
kahului,2023-04-01,12.0,0,1.351878116174639e-05,35.485933503836314
fort_myers,2023-04-01,12.0,0,1.351322525639122e-05,35.47527706734868
seattle,2023-03-01,12.0,0,1.3509712796177983e-05,35.464620630861035
san_diego,2023-05-01,12.0,0,1.3505429761866379e-05,35.4539641943734
melbourne,2023-10-01,12.0,0,1.350314313437247e-05,35.44330775788576
san_antonio,2023-04-01,12.0,0,1.3492948286246779e-05,35.432651321398126
fort_myers,2023-11-01,12.0,0,1.3488815402190591e-05,35.42199488491048
saipan,2023-05-01,12.0,0,1.3485705302735077e-05,35.411338448422846
nashville,2023-10-01,12.0,0,1.3455902797118544e-05,35.40068201193521
austin,2023-11-01,12.0,0,1.3455258255318182e-05,35.39002557544757
salt_lake_city,2023-09-01,12.0,0,1.3454658709268365e-05,35.37936913895993
nashville,2023-05-01,12.0,0,1.3453489671308745e-05,35.368712702472294
san_antonio,2023-09-01,12.0,0,1.3451421622202069e-05,35.35805626598466
saipan,2023-11-01,12.0,0,1.3448529883806743e-05,35.347399829497014
austin,2023-05-01,12.0,0,1.344547400711522e-05,35.33674339300938
san_antonio,2023-05-01,12.0,0,1.3443032800795637e-05,35.32608695652174
austin,2023-04-01,12.0,0,1.3441460479303453e-05,35.315430520034106
salt_lake_city,2023-05-01,12.0,0,1.3438750528267721e-05,35.30477408354646
salt_lake_city,2023-04-01,12.0,0,1.3435786677179827e-05,35.294117647058826
san_juan,2023-04-01,12.0,0,1.3427482396331473e-05,35.28346121057119
kahului,2023-11-01,12.0,0,1.3418525517128353e-05,35.272804774083546
austin,2023-09-01,12.0,0,1.34172400450816e-05,35.2621483375959
nashville,2023-09-01,12.0,0,1.341356367702751e-05,35.25149190110827
salt_lake_city,2023-10-01,12.0,0,1.3401809053087237e-05,35.24083546462063
portland,2023-09-01,12.0,0,1.3389035540687206e-05,35.230179028132994
palm_springs,2023-10-01,12.0,0,1.3380476944485129e-05,35.21952259164535
saipan,2023-04-01,12.0,0,1.3378911939639329e-05,35.208866155157715
san_jose,2023-05-01,12.0,0,1.3362765823290412e-05,35.19820971867008
san_jose,2023-09-01,12.0,0,1.3359714551998453e-05,35.187553282182435
san_juan,2023-11-01,12.0,0,1.3351159825454215e-05,35.1768968456948
nashville,2023-04-01,12.0,0,1.3349568507062338e-05,35.16624040920716
san_juan,2023-05-01,12.0,0,1.3347085239614015e-05,35.155583972719526
salt_lake_city,2023-11-01,12.0,0,1.3340410960578818e-05,35.14492753623188
portland,2023-10-01,12.0,0,1.333929642863019e-05,35.13427109974425
portland,2023-05-01,12.0,0,1.3327443573226242e-05,35.12361466325661
san_jose,2023-04-01,12.0,0,1.3325587877271296e-05,35.11295822676897
san_jose,2023-11-01,12.0,0,1.3315705084143998e-05,35.10230179028133
san_jose,2023-10-01,12.0,0,1.330803835981479e-05,35.091645353793695
oakland,2023-11-01,12.0,0,1.3306185365816588e-05,35.08098891730606
oakland,2023-10-01,12.0,0,1.3302687616520307e-05,35.070332480818415
palm_springs,2023-05-01,12.0,0,1.3299650063564035e-05,35.05967604433077
san_juan,2023-10-01,12.0,0,1.3295457898382345e-05,35.049019607843135
portland,2023-04-01,12.0,0,1.3287802831685263e-05,35.0383631713555
baltimore,2023-10-01,12.0,0,1.3286633490222244e-05,35.027706734867856
oakland,2023-09-01,12.0,0,1.328306689442031e-05,35.01705029838022
oakland,2023-05-01,12.0,0,1.3281823990610815e-05,35.00639386189258
san_juan,2023-09-01,12.0,0,1.328030011252854e-05,34.99573742540495
portland,2023-11-01,12.0,0,1.3278155143580438e-05,34.985080988917304
baltimore,2023-09-01,12.0,0,1.3276054889067852e-05,34.97442455242967
baltimore,2023-11-01,12.0,0,1.326657829640995e-05,34.96376811594203
baltimore,2023-05-01,12.0,0,1.326341601055759e-05,34.95311167945439
oakland,2023-04-01,12.0,0,1.3256384843802408e-05,34.94245524296675
ontario,2023-09-01,12.0,0,1.3254110852678982e-05,34.931798806479115
ontario,2023-10-01,12.0,0,1.3251763439956024e-05,34.92114236999148
raleigh,2023-05-01,12.0,0,1.3250243010843883e-05,34.910485933503836
nashville,2023-11-01,12.0,0,1.3244428610209298e-05,34.8998294970162
laguna_beach,2023-04-01,12.0,0,1.3243926979504358e-05,34.88917306052856
ontario,2023-11-01,12.0,0,1.3241802636556464e-05,34.87851662404092
ontario,2023-05-01,12.0,0,1.3237009364831012e-05,34.86786018755328
laguna_beach,2023-05-01,12.0,0,1.3231112335281432e-05,34.85720375106565
fort_myers,2023-10-01,12.0,0,1.3228562683888186e-05,34.846547314578004
kahului,2023-05-01,12.0,0,1.3228150069744815e-05,34.83589087809037
raleigh,2023-04-01,12.0,0,1.3227339615145902e-05,34.825234441602724
ontario,2023-04-01,12.0,0,1.3224908549263812e-05,34.81457800511509
new_orleans,2023-04-01,12.0,0,1.321813339117991e-05,34.80392156862745
baltimore,2023-04-01,12.0,0,1.3217662204982046e-05,34.79326513213981
fresno,2023-05-01,12.0,0,1.3216970180705325e-05,34.78260869565217
kona,2023-11-01,12.0,0,1.321324565114956e-05,34.771952259164536
new_orleans,2023-10-01,12.0,0,1.3212686326310556e-05,34.7612958226769
melbourne,2023-04-01,12.0,0,1.3210478696285194e-05,34.750639386189256
laguna_beach,2023-10-01,12.0,0,1.3210287385719738e-05,34.73998294970162
raleigh,2023-09-01,12.0,0,1.320705024243858e-05,34.729326513213984
laguna_beach,2023-09-01,12.0,0,1.3203843310201708e-05,34.71867007672634
raleigh,2023-10-01,12.0,0,1.320216660068352e-05,34.708013640238704
laguna_beach,2023-11-01,12.0,0,1.320174010328704e-05,34.69735720375107
sacramento,2023-10-01,12.0,0,1.3201343031889606e-05,34.68670076726343
new_orleans,2023-05-01,12.0,0,1.3200240118447336e-05,34.67604433077579
fresno,2023-04-01,12.0,0,1.3197049541178674e-05,34.66538789428815
sacramento,2023-09-01,12.0,0,1.3196623209089324e-05,34.654731457800516
new_orleans,2023-11-01,12.0,0,1.3194638740989543e-05,34.64407502131287
fresno,2023-10-01,12.0,0,1.3194344771096483e-05,34.63341858482523
raleigh,2023-11-01,12.0,0,1.3194256581405705e-05,34.62276214833759
sacramento,2023-05-01,12.0,0,1.3193257139438852e-05,34.612105711849956
fresno,2023-11-01,12.0,0,1.3190229880224603e-05,34.60144927536232
fort_myers,2023-05-01,12.0,0,1.3185352458225032e-05,34.59079283887468
sacramento,2023-11-01,12.0,0,1.3183501860592408e-05,34.58013640238704
sacramento,2023-04-01,12.0,0,1.3181886471842454e-05,34.569479965899404
kahului,2023-10-01,12.0,0,1.3177232322208068e-05,34.55882352941176
fresno,2023-09-01,12.0,0,1.3174913201985305e-05,34.548167092924125
melbourne,2023-11-01,12.0,0,1.31709510930829e-05,34.53751065643649
new_orleans,2023-09-01,12.0,0,1.3165611469222263e-05,34.52685421994885
west_palm_beach,2023-04-01,12.0,0,1.3162634542390976e-05,34.51619778346121
west_palm_beach,2023-11-01,12.0,0,1.3156155088998012e-05,34.50554134697357
fort_myers,2023-09-01,12.0,0,1.3144933543747028e-05,34.494884910485936
newburgh,2023-10-01,12.0,0,1.3143762132949978e-05,34.48422847399829
anchorage,2023-09-01,12.0,0,1.3143322880814698e-05,34.47357203751066
palm_springs,2023-09-01,12.0,0,1.3135521281297115e-05,34.46291560102302
sarasota,2023-04-01,12.0,0,1.313023990168918e-05,34.452259164535384
cincinnati,2023-10-01,12.0,0,1.3129391567798503e-05,34.44160272804774
kona,2023-04-01,12.0,0,1.3128367789544131e-05,34.430946291560105
cincinnati,2023-09-01,12.0,0,1.3121130492601127e-05,34.42028985507246
pittsburgh,2023-10-01,12.0,0,1.3117126108471869e-05,34.409633418584825
cincinnati,2023-11-01,12.0,0,1.3117023822698475e-05,34.39897698209718
st._louis,2023-05-01,12.0,0,1.3114949054918079e-05,34.388320545609545
pittsburgh,2023-05-01,12.0,0,1.3113546580941531e-05,34.37766410912191
pittsburgh,2023-09-01,12.0,0,1.310853688339006e-05,34.36700767263427
kahului,2023-09-01,12.0,0,1.310706208941329e-05,34.35635123614663
st._louis,2023-10-01,12.0,0,1.3106843074756242e-05,34.34569479965899
pittsburgh,2023-11-01,12.0,0,1.3105894053531023e-05,34.33503836317136
newburgh,2023-09-01,12.0,0,1.310329554713303e-05,34.324381926683714
anchorage,2023-05-01,12.0,0,1.3098654553980152e-05,34.31372549019608
st._louis,2023-11-01,12.0,0,1.3098464862821562e-05,34.30306905370844
st._louis,2023-09-01,12.0,0,1.3096465976852732e-05,34.292412617220805
st._louis,2023-04-01,12.0,0,1.3095619825067302e-05,34.28175618073316
kauai_island,2023-11-01,12.0,0,1.3094452808862436e-05,34.271099744245525
newburgh,2023-11-01,12.0,0,1.30902524115673e-05,34.26044330775789
st._petersburg,2023-04-01,12.0,0,1.3089012968513273e-05,34.249786871270246
cincinnati,2023-05-01,12.0,0,1.3088225618592743e-05,34.23913043478261
newburgh,2023-04-01,12.0,0,1.308472685859291e-05,34.22847399829497
cleveland,2023-10-01,12.0,0,1.3082394871548816e-05,34.21781756180734
pittsburgh,2023-04-01,12.0,0,1.3080325581156665e-05,34.20716112531969
newburgh,2023-05-01,12.0,0,1.3078853961131266e-05,34.19650468883205
hartford,2023-10-01,12.0,0,1.3074673132595447e-05,34.185848252344414
cleveland,2023-09-01,12.0,0,1.307416336689473e-05,34.17519181585678
cincinnati,2023-04-01,12.0,0,1.3073915773582866e-05,34.164535379369134
reno,2023-10-01,12.0,0,1.3073318656062398e-05,34.1538789428815
columbus,2023-10-01,12.0,0,1.3073071078747309e-05,34.14322250639386
teterboro,2023-09-01,12.0,0,1.3072401187166714e-05,34.132566069906225
hartford,2023-11-01,12.0,0,1.3071207117744092e-05,34.12190963341858
hartford,2023-09-01,12.0,0,1.3070479080162513e-05,34.111253196930946
reno,2023-11-01,12.0,0,1.3070449959502694e-05,34.10059676044331
reno,2023-09-01,12.0,0,1.3070013157391113e-05,34.08994032395567
cleveland,2023-11-01,12.0,0,1.3069663726212095e-05,34.07928388746803
sarasota,2023-11-01,12.0,0,1.3069139596960007e-05,34.068627450980394
reno,2023-05-01,12.0,0,1.3068164190146179e-05,34.05797101449276
teterboro,2023-05-01,12.0,0,1.3067465435994476e-05,34.047314578005114
columbus,2023-09-01,12.0,0,1.3067450879013616e-05,34.03665814151748
teterboro,2023-11-01,12.0,0,1.3066970507742653e-05,34.02600170502984
hartford,2023-04-01,12.0,0,1.3066664826128177e-05,34.015345268542205
teterboro,2023-10-01,12.0,0,1.306653382191107e-05,34.00468883205456
columbus,2023-05-01,12.0,0,1.3065878820526594e-05,33.99403239556692
indianapolis,2023-10-01,12.0,0,1.3065020090678905e-05,33.98337595907928
hartford,2023-05-01,12.0,0,1.3064990982181583e-05,33.972719522591646
indianapolis,2023-05-01,12.0,0,1.3064248737411413e-05,33.962063086104
reno,2023-04-01,12.0,0,1.3064117757417587e-05,33.95140664961637
indianapolis,2023-09-01,12.0,0,1.3062880788908347e-05,33.94075021312873
kauai_island,2023-04-01,12.0,0,1.3062458791154811e-05,33.93009377664109
teterboro,2023-04-01,12.0,0,1.3062284175382437e-05,33.91943734015345
cleveland,2023-05-01,12.0,0,1.306189129842907e-05,33.908780903665814
columbus,2023-11-01,12.0,0,1.3061032830653629e-05,33.89812446717818
indianapolis,2023-11-01,12.0,0,1.3060247163836276e-05,33.887468030690535
indianapolis,2023-04-01,12.0,0,1.3059636122319133e-05,33.8768115942029
cleveland,2023-04-01,12.0,0,1.305783226177589e-05,33.86615515771526
brownsville,2023-04-01,12.0,0,1.3057774076874602e-05,33.855498721227626
west_palm_beach,2023-10-01,12.0,0,1.3056246815941346e-05,33.84484228473998
columbus,2023-04-01,12.0,0,1.305387627904393e-05,33.834185848252346
bullhead_city,2023-09-01,12.0,0,1.3048744014871379e-05,33.82352941176471
bullhead_city,2023-04-01,12.0,0,1.3048671334406087e-05,33.81287297527707
west_palm_beach,2023-05-01,12.0,0,1.3048613190325355e-05,33.80221653878943
bullhead_city,2023-11-01,12.0,0,1.3048438759637605e-05,33.79156010230179
brownsville,2023-11-01,12.0,0,1.3048322473807856e-05,33.78090366581415
kona,2023-10-01,12.0,0,1.3048177117978007e-05,33.770247229326515
white_plains,2023-11-01,12.0,0,1.3048031763767372e-05,33.75959079283887
west_palm_beach,2023-09-01,12.0,0,1.3046244039415156e-05,33.748934356351235
white_plains,2023-10-01,12.0,0,1.3045110487472905e-05,33.7382779198636
brownsville,2023-09-01,12.0,0,1.3045023295249266e-05,33.727621483375955
fairbanks,2023-09-01,12.0,0,1.3044921571724947e-05,33.71696504688832
st._thomas_island,2023-04-01,12.0,0,1.304448562274801e-05,33.70630861040068
brownsville,2023-05-01,12.0,0,1.304428218487798e-05,33.69565217391305
bullhead_city,2023-10-01,12.0,0,1.3043744542922832e-05,33.6849957374254
mcallen,2023-11-01,12.0,0,1.304370095130308e-05,33.67433930093777
white_plains,2023-09-01,12.0,0,1.3043192393170294e-05,33.66368286445013
brownsville,2023-10-01,12.0,0,1.3043148803395826e-05,33.65302642796249
el_paso,2023-04-01,12.0,0,1.3042916327058903e-05,33.64236999147485
scottsdale,2023-11-01,12.0,0,1.3042843679053369e-05,33.631713554987215
tuscon,2023-11-01,12.0,0,1.3042640266790596e-05,33.62105711849958
mcallen,2023-05-01,12.0,0,1.3042306096388648e-05,33.610400682011935
mcallen,2023-09-01,12.0,0,1.3042189865212321e-05,33.5997442455243
mcallen,2023-04-01,12.0,0,1.304208816378275e-05,33.58908780903666
st._thomas_island,2023-05-01,12.0,0,1.3041463443828072e-05,33.57843137254902
vail,2023-04-01,12.0,0,1.3041448915813105e-05,33.567774936061376
providence,2023-09-01,12.0,0,1.3041158358912025e-05,33.55711849957374
mcallen,2023-10-01,12.0,0,1.304096950039772e-05,33.5464620630861
st._thomas_island,2023-09-01,12.0,0,1.3040635372803131e-05,33.53580562659847
scottsdale,2023-10-01,12.0,0,1.3040591791574087e-05,33.525149190110824
bedford,2023-11-01,12.0,0,1.3040431994980416e-05,33.51449275362319
scottsdale,2023-04-01,12.0,0,1.304024314698514e-05,33.50383631713555
st._thomas_island,2023-10-01,12.0,0,1.3040214093690129e-05,33.49317988064791
laredo,2023-04-01,12.0,0,1.304019956706692e-05,33.48252344416027
kansas_city,2023-11-01,12.0,0,1.3040054301724684e-05,33.471867007672635
atlantic_city,2023-11-01,12.0,0,1.304003977527946e-05,33.461210571185
laredo,2023-05-01,12.0,0,1.3039821880543033e-05,33.450554134697356
laredo,2023-10-01,12.0,0,1.3039429679192635e-05,33.43989769820972
providence,2023-10-01,12.0,0,1.3039415153443232e-05,33.42924126172208
laredo,2023-11-01,12.0,0,1.3039298948030576e-05,33.41858482523444
bedford,2023-05-01,12.0,0,1.303913916727913e-05,33.407928388746804
st._thomas_island,2023-11-01,12.0,0,1.3039124641853352e-05,33.39727195225917
tuscon,2023-10-01,12.0,0,1.3039095591050363e-05,33.38661551577153
boca_raton,2023-04-01,12.0,0,1.3039081065673129e-05,33.37595907928389
kauai_island,2023-10-01,12.0,0,1.3039037489638535e-05,33.365302642796244
providence,2023-11-01,12.0,0,1.303899391374957e-05,33.35464620630861
el_paso,2023-05-01,12.0,0,1.3038834136735947e-05,33.34398976982097
bedford,2023-04-01,12.0,0,1.3038761511467887e-05,33.33333333333333
bedford,2023-09-01,12.0,0,1.3038674361680175e-05,33.32267689684569
kendall-tamiami,2023-11-01,12.0,0,1.3038630787004767e-05,33.312020460358056
atlantic_city,2023-09-01,12.0,0,1.3038616262145341e-05,33.30136402387042
naples,2023-10-01,12.0,0,1.3038587212474984e-05,33.285379369138965
white_plains,2023-04-01,12.0,0,1.3038587212474984e-05,33.285379369138965
scottsdale,2023-05-01,12.0,0,1.3038558162869373e-05,33.269394714407504
van_nuys,2023-05-01,12.0,0,1.3038500063852292e-05,33.25873827791986
bedford,2023-10-01,12.0,0,1.3038441965094096e-05,33.248081841432224
camp_springs,2023-04-01,12.0,0,1.3038369342010402e-05,33.23742540494459
kansas_city,2023-04-01,12.0,0,1.3038354817442198e-05,33.22676896845695
naples,2023-11-01,12.0,0,1.303826767037281e-05,33.21611253196931
burbank,2023-09-01,12.0,0,1.3038238621479106e-05,33.20545609548167
windsor_locks,2023-09-01,12.0,0,1.3038195048259924e-05,33.194799658994036
anchorage,2023-04-01,12.0,0,1.3038136950860858e-05,33.18414322250639
naples,2023-04-01,12.0,0,1.3038093377981455e-05,33.173486786018756
kansas_city,2023-10-01,12.0,0,1.3038006232659502e-05,33.157502131287295
laredo,2023-09-01,12.0,0,1.3038006232659502e-05,33.157502131287295
fairbanks,2023-10-01,12.0,0,1.30379917084958e-05,33.14151747655584
white_plains,2023-05-01,12.0,0,1.303796266021693e-05,33.1308610400682
kansas_city,2023-05-01,12.0,0,1.3037904563853394e-05,33.12020460358056
kansas_city,2023-09-01,12.0,0,1.303789003980295e-05,33.109548167092925
gulfport,2023-10-01,12.0,0,1.3037788371902898e-05,33.09356351236147
fairbanks,2023-05-01,12.0,0,1.3037788371902898e-05,33.09356351236147
kendall-tamiami,2023-04-01,12.0,0,1.3037628609661725e-05,33.07757885763001
tuscon,2023-05-01,12.0,0,1.3037439802264291e-05,33.061594202898554
providence,2023-05-01,12.0,0,1.3037439802264291e-05,33.061594202898554
wilmington,2023-04-01,12.0,0,1.3037396231714727e-05,33.04560954816709
scottsdale,2023-09-01,12.0,0,1.3037352661310774e-05,33.03495311167946
kendall-tamiami,2023-05-01,12.0,0,1.3037294567665333e-05,33.02429667519181
conroe,2023-04-01,12.0,0,1.3037280044294416e-05,33.01364023870418
tuscon,2023-04-01,12.0,0,1.3037265520939675e-05,33.00298380221654
tuscon,2023-09-01,12.0,0,1.303709124194481e-05,32.992327365728904
bangor,2023-09-01,12.0,0,1.303703314946426e-05,32.97634271099744
greenville,2023-04-01,12.0,0,1.303703314946426e-05,32.97634271099744
vail:eagle,2023-04-01,12.0,0,1.3036931488246117e-05,32.96035805626599
conroe,2023-11-01,12.0,0,1.3036800782130529e-05,32.94437340153453
van_nuys,2023-11-01,12.0,0,1.3036800782130529e-05,32.94437340153453
kendall-tamiami,2023-09-01,12.0,0,1.3036786259309679e-05,32.91773231031543
buffalo,2023-10-01,12.0,0,1.3036786259309679e-05,32.91773231031543
savannah,2023-04-01,12.0,0,1.3036786259309679e-05,32.91773231031543
kendall-tamiami,2023-10-01,12.0,0,1.303675721371654e-05,32.89641943734015
el_paso,2023-09-01,12.0,0,1.3036684600016777e-05,32.88576300085251
omaha,2023-05-01,12.0,0,1.3036597464110958e-05,32.87510656436488
sarasota,2023-10-01,12.0,0,1.3036510328787521e-05,32.864450127877234
el_paso,2023-10-01,12.0,0,1.3036481283809149e-05,32.8537936913896
allentown,2023-10-01,12.0,0,1.3036466761344218e-05,32.84313725490196
el_paso,2023-11-01,12.0,0,1.3036437716462889e-05,32.832480818414325
van_nuys,2023-10-01,12.0,0,1.3036379626894385e-05,32.82182438192668
boca_raton,2023-11-01,12.0,0,1.3036350582207213e-05,32.811167945439045
conroe,2023-10-01,12.0,0,1.3036292493026976e-05,32.80051150895141
greenville,2023-10-01,12.0,0,1.3036248926311669e-05,32.78452685421995
windsor_locks,2023-11-01,12.0,0,1.3036248926311669e-05,32.78452685421995
bangor,2023-04-01,12.0,0,1.3036161793317825e-05,32.76321398124467
boca_raton,2023-10-01,12.0,0,1.3036161793317825e-05,32.76321398124467
louisville,2023-05-01,12.0,0,1.3036147271208825e-05,32.747229326513214
vail,2023-10-01,12.0,0,1.3036132749115979e-05,32.73657289002558
bangor,2023-05-01,12.0,0,1.303608918293453e-05,32.725916453537934
memphis,2023-10-01,12.0,0,1.3036074660906393e-05,32.70993179880648
buffalo,2023-05-01,12.0,0,1.3036074660906393e-05,32.70993179880648
naples,2023-05-01,12.0,0,1.3035987529077344e-05,32.69394714407502
van_nuys,2023-04-01,12.0,0,1.303594396338119e-05,32.68329070758738
vail,2023-09-01,12.0,0,1.303587135421119e-05,32.672634271099746
boise,2023-11-01,12.0,0,1.3035842310656411e-05,32.6619778346121
vail,2023-11-01,12.0,0,1.3035827788903311e-05,32.651321398124466
bullhead_city,2023-05-01,12.0,0,1.3035813267166364e-05,32.64066496163683
windsor_locks,2023-10-01,12.0,0,1.3035798745445593e-05,32.630008525149194
anchorage,2023-11-01,12.0,0,1.3035740658724307e-05,32.61935208866155
anchorage,2023-10-01,12.0,0,1.3035726137084423e-05,32.608695652173914
north_kingstown,2023-09-01,12.0,0,1.3035682572261851e-05,32.59803921568628
bangor,2023-11-01,12.0,0,1.3035609964547778e-05,32.576726342711
windsor_locks,2023-05-01,12.0,0,1.3035609964547778e-05,32.576726342711
jacksonville,2023-11-01,12.0,0,1.3035609964547778e-05,32.576726342711
saint_george,2023-05-01,12.0,0,1.3035566400113429e-05,32.5500852514919
greenville,2023-05-01,12.0,0,1.3035566400113429e-05,32.5500852514919
nome,2023-09-01,12.0,0,1.3035508314427459e-05,32.534100596760446
jacksonville,2023-04-01,12.0,0,1.3035493793046425e-05,32.52344416027281
casper,2023-10-01,12.0,0,1.3035464750332843e-05,32.512787723785166
buffalo,2023-04-01,12.0,0,1.3035450229000339e-05,32.49147485080989
midland,2023-04-01,12.0,0,1.3035450229000339e-05,32.49147485080989
rochester,2023-10-01,12.0,0,1.3035450229000339e-05,32.49147485080989
midland,2023-10-01,12.0,0,1.3035406665099818e-05,32.47016197783461
sugar_land,2023-10-01,12.0,0,1.3035377622580376e-05,32.45417732310315
buffalo,2023-09-01,12.0,0,1.3035377622580376e-05,32.45417732310315
augusta,2023-04-01,12.0,0,1.3035363101344908e-05,32.4381926683717
bangor,2023-10-01,12.0,0,1.3035348580125617e-05,32.422208013640244
jacksonville,2023-10-01,12.0,0,1.3035348580125617e-05,32.422208013640244
shreveport,2023-05-01,12.0,0,1.3035334058922526e-05,32.40089514066496
midland,2023-09-01,12.0,0,1.3035334058922526e-05,32.40089514066496
rochester,2023-05-01,12.0,0,1.3035319537735588e-05,32.3849104859335
van_nuys,2023-09-01,12.0,0,1.303529049541024e-05,32.37425404944587
boise,2023-10-01,12.0,0,1.3035275974271853e-05,32.34761295822677
tacoma,2023-05-01,12.0,0,1.3035275974271853e-05,32.34761295822677
sugar_land,2023-11-01,12.0,0,1.3035275974271853e-05,32.34761295822677
north_kingstown,2023-10-01,12.0,0,1.3035275974271853e-05,32.34761295822677
boca_raton,2023-05-01,12.0,0,1.3035246932043565e-05,32.31564364876385
jacksonville,2023-05-01,12.0,0,1.3035246932043565e-05,32.31564364876385
columbia,2023-04-01,12.0,0,1.3035232410953707e-05,32.29965899403239
sugar_land,2023-04-01,12.0,0,1.3035188847781125e-05,32.289002557544755
sarasota,2023-05-01,12.0,0,1.3035174326755974e-05,32.27834612105712
rochester,2023-04-01,12.0,0,1.3035145284754152e-05,32.25703324808184
kalispell,2023-09-01,12.0,0,1.3035145284754152e-05,32.25703324808184
casper,2023-11-01,12.0,0,1.3035145284754152e-05,32.25703324808184
farmingdale,2023-04-01,12.0,0,1.3035101721872765e-05,32.23039215686275
charleston,2023-04-01,12.0,0,1.3035101721872765e-05,32.23039215686275
midland,2023-05-01,12.0,0,1.3035087200944646e-05,32.21440750213129
jacksonville,2023-09-01,12.0,0,1.3035072680032704e-05,32.20375106564365
lexington_ky,2023-09-01,12.0,0,1.3035043638257372e-05,32.18243819266837
carlsbad,2023-09-01,12.0,0,1.3035043638257372e-05,32.18243819266837
conroe,2023-05-01,12.0,0,1.3035043638257372e-05,32.18243819266837
great_falls,2023-11-01,12.0,0,1.303502911739396e-05,32.1611253196931
casper,2023-04-01,12.0,0,1.303501459654672e-05,32.13981244671782
camp_springs,2023-09-01,12.0,0,1.303501459654672e-05,32.13981244671782
midland,2023-11-01,12.0,0,1.303501459654672e-05,32.13981244671782
toledo,2023-10-01,12.0,0,1.3035000075715684e-05,32.11317135549872
conroe,2023-09-01,12.0,0,1.3035000075715684e-05,32.11317135549872
colorado_springs,2023-05-01,12.0,0,1.3034956513319577e-05,32.09718670076726
houma,2023-04-01,12.0,0,1.303494199255322e-05,32.081202046035806
sarasota,2023-09-01,12.0,0,1.303494199255322e-05,32.081202046035806
norfolk,2023-05-01,12.0,0,1.3034898430351226e-05,32.065217391304344
dallas-fort_worth,2023-04-01,12.0,0,1.3034883909649571e-05,32.05456095481671
pontiac,2023-05-01,12.0,0,1.3034854868294793e-05,32.04390451832907
richmond,2023-05-01,12.0,0,1.3034840347641688e-05,32.03324808184143
fargo,2023-10-01,12.0,0,1.3034825827004737e-05,32.017263427109974
omaha,2023-11-01,12.0,0,1.3034825827004737e-05,32.017263427109974
milwaukee,2023-09-01,12.0,0,1.3034811306383963e-05,31.9959505541347
kalispell,2023-10-01,12.0,0,1.3034811306383963e-05,31.9959505541347
naples,2023-09-01,12.0,0,1.3034796785779365e-05,31.97996589940324
burlington,2023-09-01,12.0,0,1.3034767744618716e-05,31.9693094629156
rochester,2023-11-01,12.0,0,1.3034753224062645e-05,31.947996589940324
carlsbad,2023-04-01,12.0,0,1.3034753224062645e-05,31.947996589940324
boise,2023-04-01,12.0,0,1.3034753224062645e-05,31.947996589940324
boise,2023-05-01,12.0,0,1.3034738703522772e-05,31.921355498721226
buffalo,2023-11-01,12.0,0,1.3034738703522772e-05,31.921355498721226
wilmington,2023-11-01,12.0,0,1.3034724182999052e-05,31.90004262574595
greensboro,2023-10-01,12.0,0,1.3034724182999052e-05,31.90004262574595
savannah,2023-10-01,12.0,0,1.3034709662491507e-05,31.878729752770674
milwaukee,2023-05-01,12.0,0,1.3034709662491507e-05,31.878729752770674
camp_springs,2023-05-01,12.0,0,1.3034695142000137e-05,31.857416879795398
omaha,2023-04-01,12.0,0,1.3034695142000137e-05,31.857416879795398
rogers,2023-05-01,12.0,0,1.3034680621524968e-05,31.836104006820122
carlsbad,2023-05-01,12.0,0,1.3034680621524968e-05,31.836104006820122
green_bay,2023-09-01,12.0,0,1.303466610106595e-05,31.82011935208866
charleston,2023-10-01,12.0,0,1.3034651580623108e-05,31.793478260869566
spokane,2023-09-01,12.0,0,1.3034651580623108e-05,31.793478260869566
billings,2023-10-01,12.0,0,1.3034651580623108e-05,31.793478260869566
fairbanks,2023-11-01,12.0,0,1.3034651580623108e-05,31.793478260869566
rochester,2023-09-01,12.0,0,1.3034637060196441e-05,31.756180733162832
burlington,2023-04-01,12.0,0,1.3034637060196441e-05,31.756180733162832
great_falls,2023-05-01,12.0,0,1.3034637060196441e-05,31.756180733162832
pontiac,2023-11-01,12.0,0,1.3034622539785973e-05,31.713554987212277
savannah,2023-11-01,12.0,0,1.3034622539785973e-05,31.713554987212277
houma,2023-05-01,12.0,0,1.3034622539785973e-05,31.713554987212277
savannah,2023-05-01,12.0,0,1.3034622539785973e-05,31.713554987212277
spokane,2023-05-01,12.0,0,1.3034622539785973e-05,31.713554987212277
broomdield-co,2023-10-01,12.0,0,1.3034608019391658e-05,31.676257459505543
west_chicago,2023-05-01,12.0,0,1.3034608019391658e-05,31.676257459505543
charleston,2023-05-01,12.0,0,1.3034593499013518e-05,31.654944586530263
greenville,2023-09-01,12.0,0,1.3034593499013518e-05,31.654944586530263
stuart,2023-04-01,12.0,0,1.3034578978651552e-05,31.638959931798805
pontiac,2023-09-01,12.0,0,1.3034549937976174e-05,31.628303495311165
alexandria,2023-05-01,12.0,0,1.3034535417662735e-05,31.61231884057971
norfolk,2023-04-01,12.0,0,1.3034535417662735e-05,31.61231884057971
casper,2023-05-01,12.0,0,1.3034520897365497e-05,31.591005967604435
charleston,2023-11-01,12.0,0,1.3034520897365497e-05,31.591005967604435
kalispell,2023-05-01,12.0,0,1.303450637708441e-05,31.559036658141515
friday_harbor,2023-09-01,12.0,0,1.303450637708441e-05,31.559036658141515
vail:eagle,2023-09-01,12.0,0,1.303450637708441e-05,31.559036658141515
north_bend,2023-10-01,12.0,0,1.303450637708441e-05,31.559036658141515
greenville,2023-11-01,12.0,0,1.3034491856819497e-05,31.5270673486786
bellingham,2023-04-01,12.0,0,1.3034491856819497e-05,31.5270673486786
charleston,2023-09-01,12.0,0,1.303447733657076e-05,31.511082693947145
carlsbad,2023-11-01,12.0,0,1.3034462816338223e-05,31.48976982097187
milwaukee,2023-10-01,12.0,0,1.3034462816338223e-05,31.48976982097187
camp_springs,2023-11-01,12.0,0,1.3034462816338223e-05,31.48976982097187
colorado_springs,2023-04-01,12.0,0,1.3034448296121837e-05,31.468456947996593
spokane,2023-10-01,12.0,0,1.3034433775921626e-05,31.45780051150895
fort_pierce,2023-04-01,12.0,0,1.303441925573759e-05,31.441815856777495
broomdield-co,2023-11-01,12.0,0,1.303441925573759e-05,31.441815856777495
farmingdale,2023-10-01,12.0,0,1.3034404735569755e-05,31.42050298380222
fargo,2023-05-01,12.0,0,1.3034404735569755e-05,31.42050298380222
greensboro,2023-11-01,12.0,0,1.3034390215418069e-05,31.39919011082694
burlington,2023-10-01,12.0,0,1.3034390215418069e-05,31.39919011082694
milwaukee,2023-11-01,12.0,0,1.303437569528256e-05,31.361892583120206
wichita,2023-05-01,12.0,0,1.303437569528256e-05,31.361892583120206
casper,2023-09-01,12.0,0,1.303437569528256e-05,31.361892583120206
gulfport,2023-05-01,12.0,0,1.303437569528256e-05,31.361892583120206
sugar_land,2023-09-01,12.0,0,1.303437569528256e-05,31.361892583120206
aguadilla,2023-05-01,12.0,0,1.3034361175163227e-05,31.303282182438192
addison,2023-10-01,12.0,0,1.3034361175163227e-05,31.303282182438192
burlington,2023-05-01,12.0,0,1.3034361175163227e-05,31.303282182438192
west_hampton_beach,2023-09-01,12.0,0,1.3034361175163227e-05,31.303282182438192
pontiac,2023-04-01,12.0,0,1.3034361175163227e-05,31.303282182438192
richmond,2023-04-01,12.0,0,1.3034361175163227e-05,31.303282182438192
memphis,2023-05-01,12.0,0,1.3034346655060091e-05,31.25
kenmore,2023-09-01,12.0,0,1.3034346655060091e-05,31.25
south_bend,2023-09-01,12.0,0,1.3034346655060091e-05,31.25
fort_pierce,2023-05-01,12.0,0,1.3034346655060091e-05,31.25
colorado_springs,2023-09-01,12.0,0,1.3034332134973107e-05,31.223358908780902
windsor_locks,2023-04-01,12.0,0,1.3034317614902299e-05,31.207374254049448
grand_rapids,2023-09-01,12.0,0,1.3034317614902299e-05,31.207374254049448
wichita,2023-10-01,12.0,0,1.3034303094847688e-05,31.186061381074172
great_falls,2023-04-01,12.0,0,1.3034303094847688e-05,31.186061381074172
wichita,2023-11-01,12.0,0,1.303428857480923e-05,31.15942028985507
lexington_ky,2023-04-01,12.0,0,1.303428857480923e-05,31.15942028985507
aguadilla,2023-11-01,12.0,0,1.303428857480923e-05,31.15942028985507
albany,2023-05-01,12.0,0,1.3034259534780839e-05,31.127450980392158
green_bay,2023-10-01,12.0,0,1.3034259534780839e-05,31.127450980392158
fort_worth,2023-05-01,12.0,0,1.3034259534780839e-05,31.127450980392158
minot,2023-09-01,12.0,0,1.303424501479093e-05,31.09015345268542
raleigh-durham,2023-05-01,12.0,0,1.303424501479093e-05,31.09015345268542
harrisburg,2023-10-01,12.0,0,1.303424501479093e-05,31.09015345268542
great_falls,2023-09-01,12.0,0,1.303424501479093e-05,31.09015345268542
west_chicago,2023-09-01,12.0,0,1.3034230494817171e-05,31.04752770673487
pontiac,2023-10-01,12.0,0,1.3034230494817171e-05,31.04752770673487
south_bend,2023-05-01,12.0,0,1.3034230494817171e-05,31.04752770673487
burlington,2023-11-01,12.0,0,1.3034230494817171e-05,31.04752770673487
duluth,2023-05-01,12.0,0,1.303421597485959e-05,31.015558397271953
fargo,2023-04-01,12.0,0,1.303421597485959e-05,31.015558397271953
toledo,2023-11-01,12.0,0,1.3034201454918181e-05,30.983589087809037
richmond,2023-09-01,12.0,0,1.3034201454918181e-05,30.983589087809037
bellingham,2023-09-01,12.0,0,1.3034201454918181e-05,30.983589087809037
erie,2023-10-01,12.0,0,1.3034201454918181e-05,30.983589087809037
nogales,2023-11-01,12.0,0,1.3034186934992972e-05,30.951619778346124
manassas,2023-11-01,12.0,0,1.3034186934992972e-05,30.951619778346124
long_beach,2023-11-01,12.0,0,1.3034172415083915e-05,30.9196504688832
albany,2023-11-01,12.0,0,1.3034172415083915e-05,30.9196504688832
billings,2023-09-01,12.0,0,1.3034172415083915e-05,30.9196504688832
wilmington,2023-10-01,12.0,0,1.3034172415083915e-05,30.9196504688832
south_bend,2023-11-01,12.0,0,1.3034157895191031e-05,30.89300937766411
toledo,2023-09-01,12.0,0,1.3034143375314324e-05,30.866368286445013
dallas-fort_worth,2023-10-01,12.0,0,1.3034143375314324e-05,30.866368286445013
wilmington,2023-05-01,12.0,0,1.3034143375314324e-05,30.866368286445013
addison,2023-11-01,12.0,0,1.3034143375314324e-05,30.866368286445013
farmingdale,2023-09-01,12.0,0,1.3034128855453814e-05,30.807757885763
addison,2023-09-01,12.0,0,1.3034128855453814e-05,30.807757885763
guam,2023-11-01,12.0,0,1.3034128855453814e-05,30.807757885763
raleigh-durham,2023-09-01,12.0,0,1.3034128855453814e-05,30.807757885763
nogales,2023-05-01,12.0,0,1.3034128855453814e-05,30.807757885763
aguadilla,2023-10-01,12.0,0,1.3034128855453814e-05,30.807757885763
stuart,2023-05-01,12.0,0,1.3034128855453814e-05,30.807757885763
milwaukee,2023-04-01,12.0,0,1.3034114335609456e-05,30.738491048593353
carlsbad,2023-10-01,12.0,0,1.3034114335609456e-05,30.738491048593353
bozeman,2023-04-01,12.0,0,1.3034114335609456e-05,30.738491048593353
st._petersburg,2023-05-01,12.0,0,1.3034114335609456e-05,30.738491048593353
memphis,2023-04-01,12.0,0,1.3034114335609456e-05,30.738491048593353
great_falls,2023-10-01,12.0,0,1.3034114335609456e-05,30.738491048593353
greensboro,2023-04-01,12.0,0,1.3034099815781274e-05,30.69053708439898
aspen,2023-04-01,12.0,0,1.3034099815781274e-05,30.69053708439898
omaha,2023-10-01,12.0,0,1.3034099815781274e-05,30.69053708439898
kalispell,2023-04-01,12.0,0,1.3034085295969289e-05,30.658567774936063
monterey,2023-04-01,12.0,0,1.3034085295969289e-05,30.658567774936063
erie,2023-04-01,12.0,0,1.3034085295969289e-05,30.658567774936063
friday_harbor,2023-10-01,12.0,0,1.3034070776173455e-05,30.61594202898551
birmingham,2023-10-01,12.0,0,1.3034070776173455e-05,30.61594202898551
fargo,2023-11-01,12.0,0,1.3034070776173455e-05,30.61594202898551
camp_springs,2023-10-01,12.0,0,1.3034070776173455e-05,30.61594202898551
boise,2023-09-01,12.0,0,1.3034070776173455e-05,30.61594202898551
south_bend,2023-04-01,12.0,0,1.3034056256393797e-05,30.573316283034952
fort_worth,2023-10-01,12.0,0,1.3034056256393797e-05,30.573316283034952
santa_teresa,2023-10-01,12.0,0,1.3034056256393797e-05,30.573316283034952
south_bend,2023-10-01,12.0,0,1.3034041736630313e-05,30.53601875532822
erie,2023-09-01,12.0,0,1.3034041736630313e-05,30.53601875532822
bellingham,2023-05-01,12.0,0,1.3034041736630313e-05,30.53601875532822
fort_pierce,2023-11-01,12.0,0,1.3034041736630313e-05,30.53601875532822
erie,2023-11-01,12.0,0,1.3034027216883028e-05,30.493393009377662
west_chicago,2023-11-01,12.0,0,1.3034027216883028e-05,30.493393009377662
grand_rapids,2023-04-01,12.0,0,1.3034027216883028e-05,30.493393009377662
spokane,2023-04-01,12.0,0,1.3034027216883028e-05,30.493393009377662
west_chicago,2023-04-01,12.0,0,1.3034012697151894e-05,30.456095481670932
stuart,2023-11-01,12.0,0,1.3034012697151894e-05,30.456095481670932
north_platte,2023-05-01,12.0,0,1.3034012697151894e-05,30.456095481670932
fargo,2023-09-01,12.0,0,1.3033998177436935e-05,30.424126172208016
rogers,2023-04-01,12.0,0,1.3033998177436935e-05,30.424126172208016
niagara_falls,2023-05-01,12.0,0,1.3033998177436935e-05,30.424126172208016
manassas,2023-10-01,12.0,0,1.303398365773815e-05,30.40281329923274
bozeman,2023-09-01,12.0,0,1.3033969138055565e-05,30.38682864450128
rogers,2023-10-01,12.0,0,1.3033969138055565e-05,30.38682864450128
nogales,2023-04-01,12.0,0,1.3033954618389129e-05,30.34953111679454
spokane,2023-11-01,12.0,0,1.3033954618389129e-05,30.34953111679454
west_hampton_beach,2023-05-01,12.0,0,1.3033954618389129e-05,30.34953111679454
rogers,2023-09-01,12.0,0,1.3033954618389129e-05,30.34953111679454
sheboygan,2023-09-01,12.0,0,1.3033954618389129e-05,30.34953111679454
toledo,2023-04-01,12.0,0,1.303394009873887e-05,30.29092071611253
san_bernardino,2023-05-01,12.0,0,1.303394009873887e-05,30.29092071611253
rockford,2023-11-01,12.0,0,1.303394009873887e-05,30.29092071611253
farmingdale,2023-11-01,12.0,0,1.303394009873887e-05,30.29092071611253
raleigh-durham,2023-11-01,12.0,0,1.303394009873887e-05,30.29092071611253
syracuse,2023-10-01,12.0,0,1.303394009873887e-05,30.29092071611253
huntsville,2023-05-01,12.0,0,1.3033925579104785e-05,30.2269820971867
dayton,2023-10-01,12.0,0,1.3033925579104785e-05,30.2269820971867
providence,2023-04-01,12.0,0,1.3033925579104785e-05,30.2269820971867
mesa,2023-04-01,12.0,0,1.3033925579104785e-05,30.2269820971867
bellingham,2023-10-01,12.0,0,1.3033925579104785e-05,30.2269820971867
addison,2023-04-01,12.0,0,1.3033925579104785e-05,30.2269820971867
sugar_land,2023-05-01,12.0,0,1.3033911059486898e-05,30.179028132992325
raleigh-durham,2023-10-01,12.0,0,1.3033911059486898e-05,30.179028132992325
raleigh-durham,2023-04-01,12.0,0,1.3033911059486898e-05,30.179028132992325
toledo,2023-05-01,12.0,0,1.3033896539885161e-05,30.125745950554133
lexington_ky,2023-10-01,12.0,0,1.3033896539885161e-05,30.125745950554133
aguadilla,2023-04-01,12.0,0,1.3033896539885161e-05,30.125745950554133
albuquerque,2023-04-01,12.0,0,1.3033896539885161e-05,30.125745950554133
north_kingstown,2023-11-01,12.0,0,1.3033896539885161e-05,30.125745950554133
fort_worth,2023-09-01,12.0,0,1.3033896539885161e-05,30.125745950554133
albany,2023-04-01,12.0,0,1.3033896539885161e-05,30.125745950554133
kenmore,2023-05-01,12.0,0,1.30338820202996e-05,30.061807331628305
brunswick,2023-09-01,12.0,0,1.30338820202996e-05,30.061807331628305
gary,2023-10-01,12.0,0,1.30338820202996e-05,30.061807331628305
erie,2023-05-01,12.0,0,1.30338820202996e-05,30.061807331628305
minot,2023-10-01,12.0,0,1.30338820202996e-05,30.061807331628305
chicago-wheeling,2023-09-01,12.0,0,1.3033867500730236e-05,30.02983802216539
marathon,2023-05-01,12.0,0,1.3033852981177024e-05,29.981884057971016
mesa,2023-11-01,12.0,0,1.3033852981177024e-05,29.981884057971016
duluth,2023-04-01,12.0,0,1.3033852981177024e-05,29.981884057971016
chicago-wheeling,2023-05-01,12.0,0,1.3033852981177024e-05,29.981884057971016
trenton,2023-10-01,12.0,0,1.3033852981177024e-05,29.981884057971016
fort_pierce,2023-10-01,12.0,0,1.3033852981177024e-05,29.981884057971016
mesa,2023-05-01,12.0,0,1.3033852981177024e-05,29.981884057971016
wichita,2023-04-01,12.0,0,1.3033852981177024e-05,29.981884057971016
fairfield,2023-05-01,12.0,0,1.3033838461639986e-05,29.907289002557548
omaha,2023-09-01,12.0,0,1.3033838461639986e-05,29.907289002557548
friday_harbor,2023-11-01,12.0,0,1.3033838461639986e-05,29.907289002557548
barnstable,2023-09-01,12.0,0,1.3033838461639986e-05,29.907289002557548
savannah,2023-09-01,12.0,0,1.3033838461639986e-05,29.907289002557548
knoxville,2023-11-01,12.0,0,1.3033838461639986e-05,29.907289002557548
des_moines,2023-11-01,12.0,0,1.3033823942119123e-05,29.843350383631712
trenton,2023-09-01,12.0,0,1.3033823942119123e-05,29.843350383631712
manassas,2023-09-01,12.0,0,1.3033823942119123e-05,29.843350383631712
chicago-wheeling,2023-11-01,12.0,0,1.3033823942119123e-05,29.843350383631712
richmond,2023-10-01,12.0,0,1.3033823942119123e-05,29.843350383631712
broomdield-co,2023-09-01,12.0,0,1.3033823942119123e-05,29.843350383631712
boca_raton,2023-09-01,12.0,0,1.3033809422614458e-05,29.79006820119352
grand_rapids,2023-11-01,12.0,0,1.3033809422614458e-05,29.79006820119352
west_chicago,2023-10-01,12.0,0,1.3033809422614458e-05,29.79006820119352
morristown,2023-11-01,12.0,0,1.3033809422614458e-05,29.79006820119352
bellingham,2023-11-01,12.0,0,1.3033794903125943e-05,29.742114236999146
guam,2023-10-01,12.0,0,1.3033794903125943e-05,29.742114236999146
des_moines,2023-05-01,12.0,0,1.3033794903125943e-05,29.742114236999146
portsmouth,2023-05-01,12.0,0,1.3033794903125943e-05,29.742114236999146
aguadilla,2023-09-01,12.0,0,1.3033794903125943e-05,29.742114236999146
st._petersburg,2023-11-01,12.0,0,1.3033780383653605e-05,29.66219096334186
louisville,2023-10-01,12.0,0,1.3033780383653605e-05,29.66219096334186
norfolk,2023-10-01,12.0,0,1.3033780383653605e-05,29.66219096334186
daytona_beach,2023-11-01,12.0,0,1.3033780383653605e-05,29.66219096334186
dallas-fort_worth,2023-05-01,12.0,0,1.3033780383653605e-05,29.66219096334186
everett,2023-09-01,12.0,0,1.3033780383653605e-05,29.66219096334186
mobile,2023-11-01,12.0,0,1.3033780383653605e-05,29.66219096334186
santa_teresa,2023-04-01,12.0,0,1.3033780383653605e-05,29.66219096334186
dallas-fort_worth,2023-11-01,12.0,0,1.3033780383653605e-05,29.66219096334186
st._paul,2023-11-01,12.0,0,1.3033780383653605e-05,29.66219096334186
st._paul,2023-05-01,12.0,0,1.303376586419744e-05,29.58759590792839
broomdield-co,2023-04-01,12.0,0,1.303376586419744e-05,29.58759590792839
binghamton,2023-05-01,12.0,0,1.303376586419744e-05,29.58759590792839
kalispell,2023-11-01,12.0,0,1.303376586419744e-05,29.58759590792839
greensboro,2023-05-01,12.0,0,1.3033751344757471e-05,29.491687979539645
fort_worth,2023-04-01,12.0,0,1.3033751344757471e-05,29.491687979539645
traverse_city,2023-09-01,12.0,0,1.3033751344757471e-05,29.491687979539645
dayton,2023-04-01,12.0,0,1.3033751344757471e-05,29.491687979539645
knoxville,2023-10-01,12.0,0,1.3033751344757471e-05,29.491687979539645
vail,2023-05-01,12.0,0,1.3033751344757471e-05,29.491687979539645
st._thomas,2023-09-01,12.0,0,1.3033751344757471e-05,29.491687979539645
syracuse,2023-09-01,12.0,0,1.3033751344757471e-05,29.491687979539645
leesburg,2023-10-01,12.0,0,1.3033751344757471e-05,29.491687979539645
st._augustine_airport,2023-11-01,12.0,0,1.3033751344757471e-05,29.491687979539645
duluth,2023-11-01,12.0,0,1.3033751344757471e-05,29.491687979539645
morristown,2023-09-01,12.0,0,1.3033751344757471e-05,29.491687979539645
columbia,2023-11-01,12.0,0,1.3033751344757471e-05,29.491687979539645
santa_teresa,2023-09-01,12.0,0,1.3033751344757471e-05,29.491687979539645
key_west,2023-04-01,12.0,0,1.3033736825333656e-05,29.385123614663257
st._thomas,2023-04-01,12.0,0,1.3033736825333656e-05,29.385123614663257
st._thomas,2023-05-01,12.0,0,1.3033736825333656e-05,29.385123614663257
kona,2023-09-01,12.0,0,1.3033736825333656e-05,29.385123614663257
minot,2023-11-01,12.0,0,1.3033736825333656e-05,29.385123614663257
coeur_d'alene,2023-09-01,12.0,0,1.3033736825333656e-05,29.385123614663257
des_moines,2023-04-01,12.0,0,1.3033722305926014e-05,29.31052855924979
morristown,2023-10-01,12.0,0,1.3033722305926014e-05,29.31052855924979
sioux_falls,2023-09-01,12.0,0,1.3033722305926014e-05,29.31052855924979
harrisburg,2023-04-01,12.0,0,1.3033722305926014e-05,29.31052855924979
fort_worth,2023-11-01,12.0,0,1.3033722305926014e-05,29.31052855924979
lexington,2023-04-01,12.0,0,1.3033722305926014e-05,29.31052855924979
rogers,2023-11-01,12.0,0,1.3033722305926014e-05,29.31052855924979
des_moines,2023-09-01,12.0,0,1.3033722305926014e-05,29.31052855924979
louisville,2023-04-01,12.0,0,1.3033707786534547e-05,29.21994884910486
binghamton,2023-09-01,12.0,0,1.3033707786534547e-05,29.21994884910486
albuquerque,2023-05-01,12.0,0,1.3033707786534547e-05,29.21994884910486
mesa,2023-10-01,12.0,0,1.3033707786534547e-05,29.21994884910486
syracuse,2023-05-01,12.0,0,1.3033707786534547e-05,29.21994884910486
sioux_falls,2023-10-01,12.0,0,1.3033707786534547e-05,29.21994884910486
nogales,2023-09-01,12.0,0,1.3033707786534547e-05,29.21994884910486
vail:eagle,2023-10-01,12.0,0,1.3033707786534547e-05,29.21994884910486
trenton,2023-04-01,12.0,0,1.3033707786534547e-05,29.21994884910486
memphis,2023-11-01,12.0,0,1.3033693267159278e-05,29.12404092071611
weslaco,2023-05-01,12.0,0,1.3033693267159278e-05,29.12404092071611
manchester,2023-09-01,12.0,0,1.3033693267159278e-05,29.12404092071611
lexington_ky,2023-05-01,12.0,0,1.3033693267159278e-05,29.12404092071611
moses_lake,2023-05-01,12.0,0,1.3033693267159278e-05,29.12404092071611
grand_rapids,2023-10-01,12.0,0,1.3033693267159278e-05,29.12404092071611
morristown,2023-05-01,12.0,0,1.3033693267159278e-05,29.12404092071611
st._croix_island,2023-04-01,12.0,0,1.3033693267159278e-05,29.12404092071611
knoxville,2023-04-01,12.0,0,1.3033693267159278e-05,29.12404092071611
columbia,2023-10-01,12.0,0,1.303367874780016e-05,29.028132992327365
bozeman,2023-05-01,12.0,0,1.303367874780016e-05,29.028132992327365
daytona_beach,2023-10-01,12.0,0,1.303367874780016e-05,29.028132992327365
daytona_beach,2023-05-01,12.0,0,1.303367874780016e-05,29.028132992327365
chicago-wheeling,2023-10-01,12.0,0,1.303367874780016e-05,29.028132992327365
grant_county_airport,2023-09-01,12.0,0,1.303367874780016e-05,29.028132992327365
broomdield-co,2023-05-01,12.0,0,1.303367874780016e-05,29.028132992327365
sioux_falls,2023-11-01,12.0,0,1.303367874780016e-05,29.028132992327365
grand_forks,2023-11-01,12.0,0,1.303367874780016e-05,29.028132992327365
port_clinton,2023-11-01,12.0,0,1.3033664228457215e-05,28.94288150042626
corpus_christi,2023-11-01,12.0,0,1.3033664228457215e-05,28.94288150042626
fairbanks,2023-04-01,12.0,0,1.3033664228457215e-05,28.94288150042626
santa_teresa,2023-11-01,12.0,0,1.3033664228457215e-05,28.94288150042626
manchester,2023-10-01,12.0,0,1.3033664228457215e-05,28.94288150042626
monterey,2023-10-01,12.0,0,1.3033664228457215e-05,28.94288150042626
grand_rapids,2023-05-01,12.0,0,1.3033664228457215e-05,28.94288150042626
san_bernardino,2023-10-01,12.0,0,1.3033649709130446e-05,28.85763000852515
chicago-wheeling,2023-04-01,12.0,0,1.3033649709130446e-05,28.85763000852515
mobile,2023-10-01,12.0,0,1.3033649709130446e-05,28.85763000852515
amarillo,2023-04-01,12.0,0,1.3033649709130446e-05,28.85763000852515
bozeman,2023-10-01,12.0,0,1.3033649709130446e-05,28.85763000852515
peoria,2023-04-01,12.0,0,1.3033649709130446e-05,28.85763000852515
wilmington,2023-09-01,12.0,0,1.3033649709130446e-05,28.85763000852515
farmingdale,2023-05-01,12.0,0,1.3033649709130446e-05,28.85763000852515
port_clinton,2023-04-01,12.0,0,1.3033649709130446e-05,28.85763000852515
oklahoma_city,2023-11-01,12.0,0,1.3033635189819874e-05,28.788363171355495
coeur_d'alene,2023-10-01,12.0,0,1.3033635189819874e-05,28.788363171355495
wichita,2023-09-01,12.0,0,1.3033635189819874e-05,28.788363171355495
columbia,2023-05-01,12.0,0,1.3033635189819874e-05,28.788363171355495
peoria,2023-10-01,12.0,0,1.3033620670525453e-05,28.71909633418585
stuart,2023-09-01,12.0,0,1.3033620670525453e-05,28.71909633418585
del_rio,2023-10-01,12.0,0,1.3033620670525453e-05,28.71909633418585
yuma,2023-09-01,12.0,0,1.3033620670525453e-05,28.71909633418585
grant_county_airport,2023-10-01,12.0,0,1.3033620670525453e-05,28.71909633418585
fort_wayne,2023-11-01,12.0,0,1.3033620670525453e-05,28.71909633418585
minot,2023-05-01,12.0,0,1.3033620670525453e-05,28.71909633418585
bozeman,2023-11-01,12.0,0,1.3033620670525453e-05,28.71909633418585
fort_dix,2023-11-01,12.0,0,1.3033620670525453e-05,28.71909633418585
nogales,2023-10-01,12.0,0,1.3033606151247206e-05,28.61253196930946
pensacola,2023-11-01,12.0,0,1.3033606151247206e-05,28.61253196930946
niagara_falls,2023-11-01,12.0,0,1.3033606151247206e-05,28.61253196930946
santa_teresa,2023-05-01,12.0,0,1.3033606151247206e-05,28.61253196930946
st._paul,2023-10-01,12.0,0,1.3033606151247206e-05,28.61253196930946
fort_wayne,2023-09-01,12.0,0,1.3033606151247206e-05,28.61253196930946
del_rio,2023-04-01,12.0,0,1.3033606151247206e-05,28.61253196930946
helena,2023-05-01,12.0,0,1.3033606151247206e-05,28.61253196930946
lakeland,2023-10-01,12.0,0,1.3033606151247206e-05,28.61253196930946
sioux_falls,2023-04-01,12.0,0,1.3033606151247206e-05,28.61253196930946
manassas,2023-04-01,12.0,0,1.3033606151247206e-05,28.61253196930946
corpus_christi,2023-10-01,12.0,0,1.3033591631985157e-05,28.511295822676896
richmond,2023-11-01,12.0,0,1.3033591631985157e-05,28.511295822676896
harrisburg,2023-09-01,12.0,0,1.3033591631985157e-05,28.511295822676896
appleton,2023-09-01,12.0,0,1.3033591631985157e-05,28.511295822676896
long_beach,2023-04-01,12.0,0,1.3033591631985157e-05,28.511295822676896
port_clinton,2023-09-01,12.0,0,1.3033591631985157e-05,28.511295822676896
harlingen,2023-04-01,12.0,0,1.3033591631985157e-05,28.511295822676896
st._petersburg,2023-09-01,12.0,0,1.3033591631985157e-05,28.511295822676896
addison,2023-05-01,12.0,0,1.3033577112739259e-05,28.42071611253197
oklahoma_city,2023-05-01,12.0,0,1.3033577112739259e-05,28.42071611253197
morristown,2023-04-01,12.0,0,1.3033577112739259e-05,28.42071611253197
st._petersburg,2023-10-01,12.0,0,1.3033577112739259e-05,28.42071611253197
des_moines,2023-10-01,12.0,0,1.3033577112739259e-05,28.42071611253197
amarillo,2023-10-01,12.0,0,1.3033577112739259e-05,28.42071611253197
minot,2023-04-01,12.0,0,1.3033577112739259e-05,28.42071611253197
flagstaff,2023-05-01,12.0,0,1.3033577112739259e-05,28.42071611253197
syracuse,2023-04-01,12.0,0,1.3033577112739259e-05,28.42071611253197
monterey,2023-05-01,12.0,0,1.3033562593509535e-05,28.346121057118502
louisville,2023-09-01,12.0,0,1.3033562593509535e-05,28.346121057118502
san_bernardino,2023-11-01,12.0,0,1.3033562593509535e-05,28.346121057118502
trenton,2023-05-01,12.0,0,1.3033562593509535e-05,28.346121057118502
sioux_falls,2023-05-01,12.0,0,1.3033562593509535e-05,28.346121057118502
huntsville,2023-10-01,12.0,0,1.3033548074295985e-05,28.27685421994885
brunswick,2023-05-01,12.0,0,1.3033548074295985e-05,28.27685421994885
albuquerque,2023-11-01,12.0,0,1.3033548074295985e-05,28.27685421994885
saginlaw,2023-09-01,12.0,0,1.3033548074295985e-05,28.27685421994885
oxford,2023-04-01,12.0,0,1.3033548074295985e-05,28.27685421994885
sheboygan,2023-10-01,12.0,0,1.3033548074295985e-05,28.27685421994885
stuart,2023-10-01,12.0,0,1.3033548074295985e-05,28.27685421994885
calexico,2023-10-01,12.0,0,1.3033548074295985e-05,28.27685421994885
douglas,2023-11-01,12.0,0,1.3033533555098632e-05,28.175618073316283
louisville,2023-11-01,12.0,0,1.3033533555098632e-05,28.175618073316283
vero_beach,2023-04-01,12.0,0,1.3033533555098632e-05,28.175618073316283
san_bernardino,2023-04-01,12.0,0,1.3033533555098632e-05,28.175618073316283
albany,2023-09-01,12.0,0,1.3033533555098632e-05,28.175618073316283
lexington_ky,2023-11-01,12.0,0,1.3033533555098632e-05,28.175618073316283
gary,2023-11-01,12.0,0,1.3033533555098632e-05,28.175618073316283
angleton,2023-10-01,12.0,0,1.3033533555098632e-05,28.175618073316283
islip,2023-10-01,12.0,0,1.3033533555098632e-05,28.175618073316283
birmingham,2023-11-01,12.0,0,1.3033533555098632e-05,28.175618073316283
binghamton,2023-10-01,12.0,0,1.3033533555098632e-05,28.175618073316283
key_west,2023-11-01,12.0,0,1.3033519035917431e-05,28.04774083546462
huntsville,2023-04-01,12.0,0,1.3033519035917431e-05,28.04774083546462
yuma,2023-10-01,12.0,0,1.3033519035917431e-05,28.04774083546462
fort_pierce,2023-09-01,12.0,0,1.3033519035917431e-05,28.04774083546462
presque_isle,2023-11-01,12.0,0,1.3033519035917431e-05,28.04774083546462
binghamton,2023-04-01,12.0,0,1.3033519035917431e-05,28.04774083546462
new_haven,2023-10-01,12.0,0,1.3033519035917431e-05,28.04774083546462
grand_forks,2023-05-01,12.0,0,1.3033519035917431e-05,28.04774083546462
vail:eagle,2023-05-01,12.0,0,1.3033519035917431e-05,28.04774083546462
grand_forks,2023-04-01,12.0,0,1.3033519035917431e-05,28.04774083546462
springfield,2023-04-01,12.0,0,1.3033519035917431e-05,28.04774083546462
north_bend,2023-05-01,12.0,0,1.3033519035917431e-05,28.04774083546462
friday_harbor,2023-05-01,12.0,0,1.3033519035917431e-05,28.04774083546462
santo_domingo,2023-04-01,12.0,0,1.3033504516752405e-05,27.946504688832054
napa,2023-09-01,12.0,0,1.3033504516752405e-05,27.946504688832054
oklahoma_city,2023-10-01,12.0,0,1.3033504516752405e-05,27.946504688832054
oxford,2023-09-01,12.0,0,1.3033504516752405e-05,27.946504688832054
weslaco,2023-10-01,12.0,0,1.3033504516752405e-05,27.946504688832054
newport_news,2023-09-01,12.0,0,1.3033504516752405e-05,27.946504688832054
oroville,2023-09-01,12.0,0,1.3033489997603551e-05,27.83994032395567
appleton,2023-04-01,12.0,0,1.3033489997603551e-05,27.83994032395567
daytona_beach,2023-04-01,12.0,0,1.3033489997603551e-05,27.83994032395567
norfolk,2023-09-01,12.0,0,1.3033489997603551e-05,27.83994032395567
trenton,2023-11-01,12.0,0,1.3033489997603551e-05,27.83994032395567
battle_creek,2023-11-01,12.0,0,1.3033489997603551e-05,27.83994032395567
chattanooga,2023-10-01,12.0,0,1.3033489997603551e-05,27.83994032395567
daytona_beach,2023-09-01,12.0,0,1.3033489997603551e-05,27.83994032395567
del_rio,2023-11-01,12.0,0,1.3033489997603551e-05,27.83994032395567
rockford,2023-10-01,12.0,0,1.3033489997603551e-05,27.83994032395567
columbia,2023-09-01,12.0,0,1.3033489997603551e-05,27.83994032395567
del_rio,2023-09-01,12.0,0,1.3033489997603551e-05,27.83994032395567
amarillo,2023-05-01,12.0,0,1.3033489997603551e-05,27.83994032395567
harrisburg,2023-05-01,12.0,0,1.3033489997603551e-05,27.83994032395567
calexico,2023-05-01,12.0,0,1.3033475478470897e-05,27.712063086104006
st._augustine_airport,2023-10-01,12.0,0,1.3033475478470897e-05,27.712063086104006
islip,2023-09-01,12.0,0,1.3033475478470897e-05,27.712063086104006
key_west,2023-10-01,12.0,0,1.3033475478470897e-05,27.712063086104006
hillsboro,2023-05-01,12.0,0,1.3033475478470897e-05,27.712063086104006
binghamton,2023-11-01,12.0,0,1.3033475478470897e-05,27.712063086104006
ithaca,2023-09-01,12.0,0,1.3033475478470897e-05,27.712063086104006
corpus_christi,2023-04-01,12.0,0,1.3033475478470897e-05,27.712063086104006
harrisburg,2023-11-01,12.0,0,1.3033475478470897e-05,27.712063086104006
eagle_pass,2023-09-01,12.0,0,1.3033475478470897e-05,27.712063086104006
gallup,2023-05-01,12.0,0,1.3033460959354392e-05,27.594842284739983
st._paul,2023-04-01,12.0,0,1.3033460959354392e-05,27.594842284739983
north_bend,2023-04-01,12.0,0,1.3033460959354392e-05,27.594842284739983
monterey,2023-11-01,12.0,0,1.3033460959354392e-05,27.594842284739983
oklahoma_city,2023-09-01,12.0,0,1.3033460959354392e-05,27.594842284739983
aspen,2023-10-01,12.0,0,1.3033460959354392e-05,27.594842284739983
myrtle_beach,2023-09-01,12.0,0,1.3033460959354392e-05,27.594842284739983
presque_isle,2023-04-01,12.0,0,1.3033460959354392e-05,27.594842284739983
dover-cheswold,2023-04-01,12.0,0,1.3033460959354392e-05,27.594842284739983
dover-cheswold,2023-11-01,12.0,0,1.3033460959354392e-05,27.594842284739983
duluth,2023-09-01,12.0,0,1.3033460959354392e-05,27.594842284739983
saginlaw,2023-05-01,12.0,0,1.3033460959354392e-05,27.594842284739983
angleton,2023-09-01,12.0,0,1.303344644025406e-05,27.44032395566923
dayton,2023-09-01,12.0,0,1.303344644025406e-05,27.44032395566923
panama_city,2023-11-01,12.0,0,1.303344644025406e-05,27.44032395566923
watertown,2023-10-01,12.0,0,1.303344644025406e-05,27.44032395566923
bristol,2023-09-01,12.0,0,1.303344644025406e-05,27.44032395566923
st._thomas,2023-11-01,12.0,0,1.303344644025406e-05,27.44032395566923
appleton,2023-11-01,12.0,0,1.303344644025406e-05,27.44032395566923
pensacola,2023-05-01,12.0,0,1.303344644025406e-05,27.44032395566923
st._augustine_airport,2023-04-01,12.0,0,1.303344644025406e-05,27.44032395566923
islip,2023-11-01,12.0,0,1.303344644025406e-05,27.44032395566923
atlantic_city,2023-04-01,12.0,0,1.303344644025406e-05,27.44032395566923
islip,2023-05-01,12.0,0,1.303344644025406e-05,27.44032395566923
barnstable,2023-10-01,12.0,0,1.303344644025406e-05,27.44032395566923
fort_wayne,2023-04-01,12.0,0,1.303344644025406e-05,27.44032395566923
leesburg,2023-04-01,12.0,0,1.303344644025406e-05,27.44032395566923
albuquerque,2023-10-01,12.0,0,1.303344644025406e-05,27.44032395566923
bristol,2023-11-01,12.0,0,1.303344644025406e-05,27.44032395566923
houma,2023-11-01,12.0,0,1.3033431921169905e-05,27.264492753623188
jackson,2023-11-01,12.0,0,1.3033431921169905e-05,27.264492753623188
baton_rouge,2023-10-01,12.0,0,1.3033431921169905e-05,27.264492753623188
vail:eagle,2023-11-01,12.0,0,1.3033431921169905e-05,27.264492753623188
coeur_d'alene,2023-05-01,12.0,0,1.3033431921169905e-05,27.264492753623188
little_rock,2023-04-01,12.0,0,1.3033431921169905e-05,27.264492753623188
colorado_springs,2023-10-01,12.0,0,1.3033431921169905e-05,27.264492753623188
memphis,2023-09-01,12.0,0,1.3033431921169905e-05,27.264492753623188
lakeland,2023-04-01,12.0,0,1.3033431921169905e-05,27.264492753623188
fairfield,2023-04-01,12.0,0,1.3033431921169905e-05,27.264492753623188
green_bay,2023-04-01,12.0,0,1.3033431921169905e-05,27.264492753623188
sault_ste_marie,2023-09-01,12.0,0,1.3033431921169905e-05,27.264492753623188
colorado_springs,2023-11-01,12.0,0,1.3033431921169905e-05,27.264492753623188
new_bedford,2023-09-01,12.0,0,1.3033431921169905e-05,27.264492753623188
peoria,2023-05-01,12.0,0,1.3033431921169905e-05,27.264492753623188
dallas-fort_worth,2023-09-01,12.0,0,1.3033431921169905e-05,27.264492753623188
port_angeles,2023-05-01,12.0,0,1.3033417402101945e-05,27.035379369138962
greensboro:high_poin,2023-04-01,12.0,0,1.3033417402101945e-05,27.035379369138962
marathon,2023-04-01,12.0,0,1.3033417402101945e-05,27.035379369138962
champaign,2023-04-01,12.0,0,1.3033417402101945e-05,27.035379369138962
moline,2023-11-01,12.0,0,1.3033417402101945e-05,27.035379369138962
racine,2023-11-01,12.0,0,1.3033417402101945e-05,27.035379369138962
oroville,2023-04-01,12.0,0,1.3033417402101945e-05,27.035379369138962
west_hampton_beach,2023-11-01,12.0,0,1.3033417402101945e-05,27.035379369138962
scotia,2023-11-01,12.0,0,1.3033417402101945e-05,27.035379369138962
calexico,2023-04-01,12.0,0,1.3033417402101945e-05,27.035379369138962
lakeland,2023-09-01,12.0,0,1.3033417402101945e-05,27.035379369138962
sault_ste._marie,2023-09-01,12.0,0,1.3033417402101945e-05,27.035379369138962
moline,2023-10-01,12.0,0,1.3033417402101945e-05,27.035379369138962
tulsa,2023-11-01,12.0,0,1.3033417402101945e-05,27.035379369138962
weslaco,2023-04-01,12.0,0,1.3033417402101945e-05,27.035379369138962
st._paul,2023-09-01,12.0,0,1.3033417402101945e-05,27.035379369138962
harlingen,2023-09-01,12.0,0,1.3033417402101945e-05,27.035379369138962
birmingham,2023-09-01,12.0,0,1.3033417402101945e-05,27.035379369138962
barnstable,2023-05-01,12.0,0,1.3033417402101945e-05,27.035379369138962
little_rock,2023-05-01,12.0,0,1.3033417402101945e-05,27.035379369138962
fairfield,2023-10-01,12.0,0,1.3033417402101945e-05,27.035379369138962
greensboro,2023-09-01,12.0,0,1.3033417402101945e-05,27.035379369138962
international_falls,2023-10-01,12.0,0,1.3033417402101945e-05,27.035379369138962
napa,2023-11-01,12.0,0,1.3033417402101945e-05,27.035379369138962
tulsa,2023-05-01,12.0,0,1.3033417402101945e-05,27.035379369138962
international_falls,2023-09-01,12.0,0,1.3033417402101945e-05,27.035379369138962
fairfield,2023-09-01,12.0,0,1.3033417402101945e-05,27.035379369138962
nantucket,2023-09-01,12.0,0,1.3033402883050137e-05,26.758312020460355
niagara_falls,2023-09-01,12.0,0,1.3033402883050137e-05,26.758312020460355
moline,2023-04-01,12.0,0,1.3033402883050137e-05,26.758312020460355
newport_news,2023-10-01,12.0,0,1.3033402883050137e-05,26.758312020460355
aspen,2023-09-01,12.0,0,1.3033402883050137e-05,26.758312020460355
mesa,2023-09-01,12.0,0,1.3033402883050137e-05,26.758312020460355
renton,2023-04-01,12.0,0,1.3033402883050137e-05,26.758312020460355
calexico,2023-09-01,12.0,0,1.3033402883050137e-05,26.758312020460355
hillsboro,2023-09-01,12.0,0,1.3033402883050137e-05,26.758312020460355
albany,2023-10-01,12.0,0,1.3033402883050137e-05,26.758312020460355
allentown,2023-11-01,12.0,0,1.3033402883050137e-05,26.758312020460355
akron,2023-04-01,12.0,0,1.3033402883050137e-05,26.758312020460355
corpus_christi,2023-05-01,12.0,0,1.3033402883050137e-05,26.758312020460355
peoria,2023-11-01,12.0,0,1.3033402883050137e-05,26.758312020460355
vero_beach,2023-11-01,12.0,0,1.3033402883050137e-05,26.758312020460355
tacoma,2023-11-01,12.0,0,1.3033402883050137e-05,26.758312020460355
valdez,2023-05-01,12.0,0,1.3033402883050137e-05,26.758312020460355
lincoln,2023-04-01,12.0,0,1.3033402883050137e-05,26.758312020460355
green_bay,2023-05-01,12.0,0,1.3033402883050137e-05,26.758312020460355
amarillo,2023-11-01,12.0,0,1.3033402883050137e-05,26.758312020460355
plattsburgh,2023-10-01,12.0,0,1.3033402883050137e-05,26.758312020460355
kenmore,2023-10-01,12.0,0,1.3033402883050137e-05,26.758312020460355
lexington,2023-09-01,12.0,0,1.3033402883050137e-05,26.758312020460355
fairfield,2023-11-01,12.0,0,1.3033402883050137e-05,26.758312020460355
harlingen,2023-05-01,12.0,0,1.3033402883050137e-05,26.758312020460355
international_falls,2023-11-01,12.0,0,1.3033388364014503e-05,26.45993179880648
huntsville,2023-09-01,12.0,0,1.3033388364014503e-05,26.45993179880648
little_rock,2023-09-01,12.0,0,1.3033388364014503e-05,26.45993179880648
san_angelo,2023-04-01,12.0,0,1.3033388364014503e-05,26.45993179880648
winston-salem,2023-04-01,12.0,0,1.3033388364014503e-05,26.45993179880648
atlantic_city,2023-05-01,12.0,0,1.3033388364014503e-05,26.45993179880648
lubbock,2023-09-01,12.0,0,1.3033388364014503e-05,26.45993179880648
port_huron,2023-10-01,12.0,0,1.3033388364014503e-05,26.45993179880648
st._augustine_airport,2023-05-01,12.0,0,1.3033388364014503e-05,26.45993179880648
grant_county_airport,2023-11-01,12.0,0,1.3033388364014503e-05,26.45993179880648
green_bay,2023-11-01,12.0,0,1.3033388364014503e-05,26.45993179880648
port_clinton,2023-10-01,12.0,0,1.3033388364014503e-05,26.45993179880648
saginlaw,2023-04-01,12.0,0,1.3033388364014503e-05,26.45993179880648
port_clinton,2023-05-01,12.0,0,1.3033388364014503e-05,26.45993179880648
bristol,2023-10-01,12.0,0,1.3033388364014503e-05,26.45993179880648
west_hampton_beach,2023-10-01,12.0,0,1.3033388364014503e-05,26.45993179880648
battle_creek,2023-04-01,12.0,0,1.3033388364014503e-05,26.45993179880648
knoxville,2023-05-01,12.0,0,1.3033388364014503e-05,26.45993179880648
amarillo,2023-09-01,12.0,0,1.3033388364014503e-05,26.45993179880648
missoula,2023-09-01,12.0,0,1.3033388364014503e-05,26.45993179880648
lafayette,2023-11-01,12.0,0,1.3033388364014503e-05,26.45993179880648
hunter_aaf,2023-04-01,12.0,0,1.3033388364014503e-05,26.45993179880648
niagara_falls,2023-10-01,12.0,0,1.3033388364014503e-05,26.45993179880648
portsmouth,2023-09-01,12.0,0,1.3033388364014503e-05,26.45993179880648
myrtle_beach,2023-11-01,12.0,0,1.3033388364014503e-05,26.45993179880648
jackman,2023-09-01,12.0,0,1.3033388364014503e-05,26.45993179880648
scranton,2023-09-01,12.0,0,1.3033388364014503e-05,26.45993179880648
sault_ste_marie,2023-04-01,12.0,0,1.3033388364014503e-05,26.45993179880648
belleville,2023-05-01,12.0,0,1.3033388364014503e-05,26.45993179880648
sault_ste_marie,2023-05-01,12.0,0,1.3033388364014503e-05,26.45993179880648
pensacola,2023-04-01,12.0,0,1.3033388364014503e-05,26.45993179880648
dayton,2023-05-01,12.0,0,1.3033373844995065e-05,26.20950554134697
myrtle_beach,2023-04-01,12.0,0,1.3033373844995065e-05,26.20950554134697
portsmouth,2023-11-01,12.0,0,1.3033373844995065e-05,26.20950554134697
dayton,2023-11-01,12.0,0,1.3033373844995065e-05,26.20950554134697
lansing,2023-11-01,12.0,0,1.3033373844995065e-05,26.20950554134697
cozumel,2023-05-01,12.0,0,1.3033373844995065e-05,26.20950554134697
newport_news,2023-04-01,12.0,0,1.3033373844995065e-05,26.20950554134697
presque_isle,2023-10-01,12.0,0,1.3033373844995065e-05,26.20950554134697
leesburg,2023-05-01,12.0,0,1.3033373844995065e-05,26.20950554134697
everett,2023-04-01,12.0,0,1.3033373844995065e-05,26.20950554134697
winston-salem,2023-11-01,12.0,0,1.3033373844995065e-05,26.20950554134697
angleton,2023-11-01,12.0,0,1.3033373844995065e-05,26.20950554134697
grand_forks,2023-10-01,12.0,0,1.3033373844995065e-05,26.20950554134697
yuma,2023-11-01,12.0,0,1.3033373844995065e-05,26.20950554134697
philipsburg,2023-05-01,12.0,0,1.3033373844995065e-05,26.20950554134697
scranton,2023-05-01,12.0,0,1.3033373844995065e-05,26.20950554134697
kenmore,2023-11-01,12.0,0,1.303335932599178e-05,25.964407502131287
broomfield,2023-11-01,12.0,0,1.303335932599178e-05,25.964407502131287
gulfport,2023-11-01,12.0,0,1.303335932599178e-05,25.964407502131287
augusta,2023-11-01,12.0,0,1.303335932599178e-05,25.964407502131287
plattsburgh,2023-05-01,12.0,0,1.303335932599178e-05,25.964407502131287
clinton,2023-04-01,12.0,0,1.303335932599178e-05,25.964407502131287
monterey,2023-09-01,12.0,0,1.303335932599178e-05,25.964407502131287
grant_county_airport,2023-05-01,12.0,0,1.303335932599178e-05,25.964407502131287
lakeland,2023-05-01,12.0,0,1.303335932599178e-05,25.964407502131287
saranac_lake,2023-09-01,12.0,0,1.303335932599178e-05,25.964407502131287
flint,2023-10-01,12.0,0,1.303335932599178e-05,25.964407502131287
lansing,2023-04-01,12.0,0,1.303335932599178e-05,25.964407502131287
west_hampton_beach,2023-04-01,12.0,0,1.303335932599178e-05,25.964407502131287
sanford,2023-05-01,12.0,0,1.303335932599178e-05,25.964407502131287
hillsboro,2023-10-01,12.0,0,1.303335932599178e-05,25.964407502131287
pittsfield,2023-10-01,12.0,0,1.303335932599178e-05,25.964407502131287
akron,2023-10-01,12.0,0,1.303335932599178e-05,25.964407502131287
st._croix_island,2023-10-01,12.0,0,1.303335932599178e-05,25.964407502131287
norfolk,2023-11-01,12.0,0,1.303335932599178e-05,25.964407502131287
tulsa,2023-10-01,12.0,0,1.303335932599178e-05,25.964407502131287
shreveport,2023-04-01,12.0,0,1.303335932599178e-05,25.964407502131287
winston-salem,2023-10-01,12.0,0,1.303335932599178e-05,25.964407502131287
moline,2023-05-01,12.0,0,1.303335932599178e-05,25.964407502131287
mobile,2023-05-01,12.0,0,1.303335932599178e-05,25.964407502131287
portsmouth,2023-10-01,12.0,0,1.303335932599178e-05,25.964407502131287
watertown,2023-09-01,12.0,0,1.303335932599178e-05,25.964407502131287
oxford,2023-05-01,12.0,0,1.303335932599178e-05,25.964407502131287
new_bedford,2023-05-01,12.0,0,1.303335932599178e-05,25.964407502131287
beverly,2023-11-01,12.0,0,1.303335932599178e-05,25.964407502131287
moline,2023-09-01,12.0,0,1.303335932599178e-05,25.964407502131287
racine,2023-05-01,12.0,0,1.3033344807004667e-05,25.63938618925831
leesburg,2023-11-01,12.0,0,1.3033344807004667e-05,25.63938618925831
lansing,2023-05-01,12.0,0,1.3033344807004667e-05,25.63938618925831
saint_george,2023-11-01,12.0,0,1.3033344807004667e-05,25.63938618925831
brunswick,2023-04-01,12.0,0,1.3033344807004667e-05,25.63938618925831
new_bedford,2023-10-01,12.0,0,1.3033344807004667e-05,25.63938618925831
renton,2023-10-01,12.0,0,1.3033344807004667e-05,25.63938618925831
lake_charles,2023-10-01,12.0,0,1.3033344807004667e-05,25.63938618925831
dover,2023-09-01,12.0,0,1.3033344807004667e-05,25.63938618925831
ocala,2023-05-01,12.0,0,1.3033344807004667e-05,25.63938618925831
houma,2023-10-01,12.0,0,1.3033344807004667e-05,25.63938618925831
knoxville,2023-09-01,12.0,0,1.3033344807004667e-05,25.63938618925831
lihue,2023-11-01,12.0,0,1.3033344807004667e-05,25.63938618925831
middletown,2023-11-01,12.0,0,1.3033344807004667e-05,25.63938618925831
new_haven,2023-09-01,12.0,0,1.3033344807004667e-05,25.63938618925831
portsmouth,2023-04-01,12.0,0,1.3033344807004667e-05,25.63938618925831
allentown,2023-09-01,12.0,0,1.3033344807004667e-05,25.63938618925831
houma,2023-09-01,12.0,0,1.3033344807004667e-05,25.63938618925831
champaign,2023-09-01,12.0,0,1.3033344807004667e-05,25.63938618925831
bristol:johnson:kingsport,2023-05-01,12.0,0,1.3033344807004667e-05,25.63938618925831
birmingham,2023-05-01,12.0,0,1.3033344807004667e-05,25.63938618925831
rockford,2023-05-01,12.0,0,1.3033344807004667e-05,25.63938618925831
worcester,2023-11-01,12.0,0,1.3033344807004667e-05,25.63938618925831
syracuse,2023-11-01,12.0,0,1.3033344807004667e-05,25.63938618925831
mountain_view,2023-10-01,12.0,0,1.3033344807004667e-05,25.63938618925831
gary,2023-05-01,12.0,0,1.3033344807004667e-05,25.63938618925831
yuma,2023-05-01,12.0,0,1.3033344807004667e-05,25.63938618925831
watertown,2023-11-01,12.0,0,1.3033344807004667e-05,25.63938618925831
peoria,2023-09-01,12.0,0,1.3033344807004667e-05,25.63938618925831
elko,2023-09-01,12.0,0,1.3033344807004667e-05,25.63938618925831
ceiba,2023-04-01,12.0,0,1.3033344807004667e-05,25.63938618925831
jamestown,2023-04-01,12.0,0,1.3033330288033728e-05,25.266410912190963
southern_pines,2023-09-01,12.0,0,1.3033330288033728e-05,25.266410912190963
kalamazoo,2023-09-01,12.0,0,1.3033330288033728e-05,25.266410912190963
napa,2023-04-01,12.0,0,1.3033330288033728e-05,25.266410912190963
lexington,2023-05-01,12.0,0,1.3033330288033728e-05,25.266410912190963
akron,2023-05-01,12.0,0,1.3033330288033728e-05,25.266410912190963
yuma,2023-04-01,12.0,0,1.3033330288033728e-05,25.266410912190963
halifax,2023-10-01,12.0,0,1.3033330288033728e-05,25.266410912190963
montreal,2023-10-01,12.0,0,1.3033330288033728e-05,25.266410912190963
cutbank,2023-09-01,12.0,0,1.3033330288033728e-05,25.266410912190963
moses_lake,2023-11-01,12.0,0,1.3033330288033728e-05,25.266410912190963
lake_charles,2023-04-01,12.0,0,1.3033330288033728e-05,25.266410912190963
myrtle_beach,2023-10-01,12.0,0,1.3033330288033728e-05,25.266410912190963
hilo,2023-05-01,12.0,0,1.3033330288033728e-05,25.266410912190963
atlantic_city,2023-10-01,12.0,0,1.3033330288033728e-05,25.266410912190963
lansing,2023-10-01,12.0,0,1.3033330288033728e-05,25.266410912190963
north_bend,2023-09-01,12.0,0,1.3033330288033728e-05,25.266410912190963
newport_news,2023-11-01,12.0,0,1.3033330288033728e-05,25.266410912190963
clemson,2023-09-01,12.0,0,1.3033330288033728e-05,25.266410912190963
calexico,2023-11-01,12.0,0,1.3033330288033728e-05,25.266410912190963
augusta,2023-10-01,12.0,0,1.3033330288033728e-05,25.266410912190963
chattanooga,2023-11-01,12.0,0,1.3033330288033728e-05,25.266410912190963
key_west,2023-05-01,12.0,0,1.3033330288033728e-05,25.266410912190963
lubbock,2023-10-01,12.0,0,1.3033330288033728e-05,25.266410912190963
westhampton,2023-05-01,12.0,0,1.3033330288033728e-05,25.266410912190963
clinton,2023-09-01,12.0,0,1.3033330288033728e-05,25.266410912190963
fort_wayne,2023-05-01,12.0,0,1.3033330288033728e-05,25.266410912190963
napa,2023-05-01,12.0,0,1.3033330288033728e-05,25.266410912190963
georgetown,2023-11-01,12.0,0,1.3033330288033728e-05,25.266410912190963
port_angeles,2023-10-01,12.0,0,1.3033330288033728e-05,25.266410912190963
windsor,2023-10-01,12.0,0,1.3033330288033728e-05,25.266410912190963
mountain_view,2023-09-01,12.0,0,1.3033330288033728e-05,25.266410912190963
fort_wayne,2023-10-01,12.0,0,1.3033330288033728e-05,25.266410912190963
temple,2023-10-01,12.0,0,1.3033330288033728e-05,25.266410912190963
venice,2023-11-01,12.0,0,1.3033330288033728e-05,25.266410912190963
little_rock,2023-10-01,12.0,0,1.3033330288033728e-05,25.266410912190963
marathon,2023-09-01,12.0,0,1.3033330288033728e-05,25.266410912190963
roosevelt,2023-10-01,12.0,0,1.3033330288033728e-05,25.266410912190963
chattanooga,2023-04-01,12.0,0,1.3033330288033728e-05,25.266410912190963
sault_ste_marie,2023-10-01,12.0,0,1.3033315769078988e-05,24.893435635123616
plattsburgh,2023-09-01,12.0,0,1.3033315769078988e-05,24.893435635123616
oxford,2023-10-01,12.0,0,1.3033315769078988e-05,24.893435635123616
broomfield,2023-05-01,12.0,0,1.3033315769078988e-05,24.893435635123616
tacoma,2023-09-01,12.0,0,1.3033315769078988e-05,24.893435635123616
brunswick,2023-10-01,12.0,0,1.3033315769078988e-05,24.893435635123616
harlingen,2023-11-01,12.0,0,1.3033315769078988e-05,24.893435635123616
fort_bragg,2023-04-01,12.0,0,1.3033315769078988e-05,24.893435635123616
santa_barbara,2023-04-01,12.0,0,1.3033315769078988e-05,24.893435635123616
charlottesville,2023-10-01,12.0,0,1.3033315769078988e-05,24.893435635123616
gary,2023-04-01,12.0,0,1.3033315769078988e-05,24.893435635123616
clinton,2023-05-01,12.0,0,1.3033315769078988e-05,24.893435635123616
guam,2023-05-01,12.0,0,1.3033315769078988e-05,24.893435635123616
birmingham,2023-04-01,12.0,0,1.3033315769078988e-05,24.893435635123616
baton_rouge,2023-09-01,12.0,0,1.3033315769078988e-05,24.893435635123616
windsor,2023-05-01,12.0,0,1.3033315769078988e-05,24.893435635123616
duluth,2023-10-01,12.0,0,1.3033315769078988e-05,24.893435635123616
islip,2023-04-01,12.0,0,1.3033315769078988e-05,24.893435635123616
akron,2023-11-01,12.0,0,1.3033315769078988e-05,24.893435635123616
sheboygan,2023-05-01,12.0,0,1.3033315769078988e-05,24.893435635123616
bakersfield,2023-05-01,12.0,0,1.3033315769078988e-05,24.893435635123616
kona,2023-05-01,12.0,0,1.3033315769078988e-05,24.893435635123616
manchester,2023-11-01,12.0,0,1.3033315769078988e-05,24.893435635123616
manchester,2023-04-01,12.0,0,1.3033315769078988e-05,24.893435635123616
manassas,2023-05-01,12.0,0,1.3033315769078988e-05,24.893435635123616
jackson,2023-05-01,12.0,0,1.3033315769078988e-05,24.893435635123616
friday_harbor,2023-04-01,12.0,0,1.3033315769078988e-05,24.893435635123616
jackson,2023-10-01,12.0,0,1.3033315769078988e-05,24.893435635123616
jackson,2023-09-01,12.0,0,1.3033315769078988e-05,24.893435635123616
groton,2023-09-01,12.0,0,1.3033315769078988e-05,24.893435635123616
port_angeles,2023-11-01,12.0,0,1.3033315769078988e-05,24.893435635123616
baton_rouge,2023-04-01,12.0,0,1.3033301250140397e-05,24.573742540494457
albuquerque,2023-09-01,12.0,0,1.3033301250140397e-05,24.573742540494457
little_rock,2023-11-01,12.0,0,1.3033301250140397e-05,24.573742540494457
coeur_d'alene,2023-11-01,12.0,0,1.3033301250140397e-05,24.573742540494457
new_bedford,2023-11-01,12.0,0,1.3033301250140397e-05,24.573742540494457
worcester,2023-10-01,12.0,0,1.3033301250140397e-05,24.573742540494457
grand_forks,2023-09-01,12.0,0,1.3033301250140397e-05,24.573742540494457
shreveport,2023-10-01,12.0,0,1.3033301250140397e-05,24.573742540494457
moab,2023-10-01,12.0,0,1.3033301250140397e-05,24.573742540494457
fulshear,2023-04-01,12.0,0,1.3033301250140397e-05,24.573742540494457
dover-cheswold,2023-05-01,12.0,0,1.3033301250140397e-05,24.573742540494457
everett,2023-05-01,12.0,0,1.3033301250140397e-05,24.573742540494457
moses_lake,2023-10-01,12.0,0,1.3033301250140397e-05,24.573742540494457
st._croix_island,2023-05-01,12.0,0,1.3033301250140397e-05,24.573742540494457
cunnamulla,2023-11-01,12.0,0,1.3033301250140397e-05,24.573742540494457
southern_pines,2023-05-01,12.0,0,1.3033301250140397e-05,24.573742540494457
lake_charles,2023-05-01,12.0,0,1.3033301250140397e-05,24.573742540494457
westhampton,2023-11-01,12.0,0,1.3033301250140397e-05,24.573742540494457
saginlaw,2023-11-01,12.0,0,1.3033301250140397e-05,24.573742540494457
st._augustine_airport,2023-09-01,12.0,0,1.3033301250140397e-05,24.573742540494457
springfield,2023-09-01,12.0,0,1.3033301250140397e-05,24.573742540494457
bristol,2023-04-01,12.0,0,1.3033301250140397e-05,24.573742540494457
presidio,2023-05-01,12.0,0,1.3033301250140397e-05,24.573742540494457
port_angeles,2023-04-01,12.0,0,1.3033301250140397e-05,24.573742540494457
port_huron,2023-09-01,12.0,0,1.3033301250140397e-05,24.573742540494457
lihue,2023-04-01,12.0,0,1.3033301250140397e-05,24.573742540494457
dalanzadgad,2023-09-01,12.0,0,1.3033301250140397e-05,24.573742540494457
sheboygan,2023-11-01,12.0,0,1.3033301250140397e-05,24.573742540494457
akron,2023-09-01,12.0,0,1.3033301250140397e-05,24.573742540494457
burlington:mount_vernon,2023-05-01,12.0,0,1.303328673121798e-05,24.184782608695652
pasco,2023-10-01,12.0,0,1.303328673121798e-05,24.184782608695652
eagle_pass,2023-04-01,12.0,0,1.303328673121798e-05,24.184782608695652
scranton,2023-11-01,12.0,0,1.303328673121798e-05,24.184782608695652
pensacola,2023-09-01,12.0,0,1.303328673121798e-05,24.184782608695652
appleton,2023-10-01,12.0,0,1.303328673121798e-05,24.184782608695652
long_beach,2023-10-01,12.0,0,1.303328673121798e-05,24.184782608695652
butte,2023-05-01,12.0,0,1.303328673121798e-05,24.184782608695652
dover-cheswold,2023-10-01,12.0,0,1.303328673121798e-05,24.184782608695652
allentown,2023-04-01,12.0,0,1.303328673121798e-05,24.184782608695652
oxford,2023-11-01,12.0,0,1.303328673121798e-05,24.184782608695652
clinton,2023-10-01,12.0,0,1.303328673121798e-05,24.184782608695652
gillette,2023-05-01,12.0,0,1.303328673121798e-05,24.184782608695652
marathon,2023-10-01,12.0,0,1.303328673121798e-05,24.184782608695652
stratford,2023-10-01,12.0,0,1.303328673121798e-05,24.184782608695652
victorville,2023-10-01,12.0,0,1.303328673121798e-05,24.184782608695652
tacoma,2023-04-01,12.0,0,1.303328673121798e-05,24.184782608695652
allentown,2023-05-01,12.0,0,1.303328673121798e-05,24.184782608695652
oklahoma_city,2023-04-01,12.0,0,1.303328673121798e-05,24.184782608695652
watertown,2023-04-01,12.0,0,1.303328673121798e-05,24.184782608695652
new_haven,2023-11-01,12.0,0,1.303328673121798e-05,24.184782608695652
international_falls,2023-05-01,12.0,0,1.303328673121798e-05,24.184782608695652
northway,2023-05-01,12.0,0,1.303328673121798e-05,24.184782608695652
ocala,2023-11-01,12.0,0,1.303328673121798e-05,24.184782608695652
groton,2023-11-01,12.0,0,1.303328673121798e-05,24.184782608695652
guam,2023-04-01,12.0,0,1.303328673121798e-05,24.184782608695652
st._croix_island,2023-11-01,12.0,0,1.303328673121798e-05,24.184782608695652
leesburg,2023-09-01,12.0,0,1.303328673121798e-05,24.184782608695652
ithaca,2023-10-01,12.0,0,1.303328673121798e-05,24.184782608695652
hilo,2023-04-01,12.0,0,1.303328673121798e-05,24.184782608695652
grant_county_airport,2023-04-01,12.0,0,1.303328673121798e-05,24.184782608695652
key_west,2023-09-01,12.0,0,1.303328673121798e-05,24.184782608695652
harlingen,2023-10-01,12.0,0,1.303328673121798e-05,24.184782608695652
new_haven,2023-04-01,12.0,0,1.303328673121798e-05,24.184782608695652
myrtle_beach,2023-05-01,12.0,0,1.303328673121798e-05,24.184782608695652
nome,2023-04-01,12.0,0,1.303328673121798e-05,24.184782608695652
weslaco,2023-11-01,12.0,0,1.303328673121798e-05,24.184782608695652
weslaco,2023-09-01,12.0,0,1.303328673121798e-05,24.184782608695652
cutbank,2023-05-01,12.0,0,1.303328673121798e-05,24.184782608695652
pittsfield,2023-09-01,12.0,0,1.303328673121798e-05,24.184782608695652
san_luis_obispo,2023-09-01,12.0,0,1.303328673121798e-05,24.184782608695652
everett,2023-11-01,12.0,0,1.303328673121798e-05,24.184782608695652
champaign,2023-05-01,12.0,0,1.303328673121798e-05,24.184782608695652
watertown,2023-05-01,12.0,0,1.303328673121798e-05,24.184782608695652
san_bernardino,2023-09-01,12.0,0,1.3033272212311737e-05,23.588022165387894
cocoa,2023-04-01,12.0,0,1.3033272212311737e-05,23.588022165387894
flint,2023-11-01,12.0,0,1.3033272212311737e-05,23.588022165387894
sioux_city,2023-05-01,12.0,0,1.3033272212311737e-05,23.588022165387894
nome,2023-10-01,12.0,0,1.3033272212311737e-05,23.588022165387894
middletown,2023-09-01,12.0,0,1.3033272212311737e-05,23.588022165387894
sanford,2023-04-01,12.0,0,1.3033272212311737e-05,23.588022165387894
massena,2023-05-01,12.0,0,1.3033272212311737e-05,23.588022165387894
new_bedford,2023-04-01,12.0,0,1.3033272212311737e-05,23.588022165387894
cedar_city,2023-05-01,12.0,0,1.3033272212311737e-05,23.588022165387894
lubbock,2023-04-01,12.0,0,1.3033272212311737e-05,23.588022165387894
palm_desert,2023-04-01,12.0,0,1.3033272212311737e-05,23.588022165387894
dunseith,2023-10-01,12.0,0,1.3033272212311737e-05,23.588022165387894
rutland,2023-11-01,12.0,0,1.3033272212311737e-05,23.588022165387894
galveston,2023-09-01,12.0,0,1.3033272212311737e-05,23.588022165387894
oroville,2023-05-01,12.0,0,1.3033272212311737e-05,23.588022165387894
newport,2023-04-01,12.0,0,1.3033272212311737e-05,23.588022165387894
galveston,2023-10-01,12.0,0,1.3033272212311737e-05,23.588022165387894
frenchville,2023-10-01,12.0,0,1.3033272212311737e-05,23.588022165387894
dover-cheswold,2023-09-01,12.0,0,1.3033272212311737e-05,23.588022165387894
olympia,2023-05-01,12.0,0,1.3033272212311737e-05,23.588022165387894
chatham-kent,2023-09-01,12.0,0,1.3033272212311737e-05,23.588022165387894
eureka,2023-11-01,12.0,0,1.3033272212311737e-05,23.588022165387894
rome,2023-10-01,12.0,0,1.3033272212311737e-05,23.588022165387894
alpena,2023-09-01,12.0,0,1.3033272212311737e-05,23.588022165387894
stillwater,2023-11-01,12.0,0,1.3033272212311737e-05,23.588022165387894
rockport,2023-11-01,12.0,0,1.3033272212311737e-05,23.588022165387894
cutbank,2023-04-01,12.0,0,1.3033272212311737e-05,23.588022165387894
sanford,2023-10-01,12.0,0,1.3033272212311737e-05,23.588022165387894
warroad,2023-09-01,12.0,0,1.3033272212311737e-05,23.588022165387894
westfield,2023-10-01,12.0,0,1.3033272212311737e-05,23.588022165387894
hilo,2023-10-01,12.0,0,1.3033272212311737e-05,23.588022165387894
hilton_head_island,2023-04-01,12.0,0,1.3033272212311737e-05,23.588022165387894
bakersfield,2023-10-01,12.0,0,1.3033272212311737e-05,23.588022165387894
lexington,2023-11-01,12.0,0,1.3033272212311737e-05,23.588022165387894
greeley,2023-10-01,12.0,0,1.3033272212311737e-05,23.588022165387894
plattsburgh,2023-04-01,12.0,0,1.3033272212311737e-05,23.588022165387894
pittsfield,2023-05-01,12.0,0,1.3033272212311737e-05,23.588022165387894
pinecreek,2023-11-01,12.0,0,1.3033272212311737e-05,23.588022165387894
pinecreek,2023-09-01,12.0,0,1.3033272212311737e-05,23.588022165387894
winnipeg,2023-11-01,12.0,0,1.3033272212311737e-05,23.588022165387894
vero_beach,2023-10-01,12.0,0,1.3033272212311737e-05,23.588022165387894
key_largo,2023-11-01,12.0,0,1.3033272212311737e-05,23.588022165387894
sanford,2023-09-01,12.0,0,1.3033272212311737e-05,23.588022165387894
hillsboro,2023-11-01,12.0,0,1.3033272212311737e-05,23.588022165387894
lorain-elyria,2023-09-01,12.0,0,1.3033272212311737e-05,23.588022165387894
hillsboro,2023-04-01,12.0,0,1.3033272212311737e-05,23.588022165387894
sault_ste._marie,2023-05-01,12.0,0,1.3033272212311737e-05,23.588022165387894
presque_isle,2023-05-01,12.0,0,1.3033272212311737e-05,23.588022165387894
stratford,2023-05-01,12.0,0,1.3033272212311737e-05,23.588022165387894
adak_island,2023-09-01,12.0,0,1.3033272212311737e-05,23.588022165387894
hailey,2023-09-01,12.0,0,1.3033272212311737e-05,23.588022165387894
presidio,2023-04-01,12.0,0,1.3033272212311737e-05,23.588022165387894
stratford,2023-11-01,12.0,0,1.3033272212311737e-05,23.588022165387894
porthill,2023-09-01,12.0,0,1.3033272212311737e-05,23.588022165387894
porthill,2023-05-01,12.0,0,1.3033272212311737e-05,23.588022165387894
culebra_island,2023-04-01,12.0,0,1.3033272212311737e-05,23.588022165387894
barnstable,2023-04-01,12.0,0,1.3033272212311737e-05,23.588022165387894
helena,2023-09-01,12.0,0,1.3033272212311737e-05,23.588022165387894
port_huron,2023-05-01,12.0,0,1.3033272212311737e-05,23.588022165387894
lebanon,2023-09-01,12.0,0,1.3033272212311737e-05,23.588022165387894
lebanon,2023-10-01,12.0,0,1.3033272212311737e-05,23.588022165387894
peterborough,2023-05-01,12.0,0,1.3033272212311737e-05,23.588022165387894
jackson,2023-04-01,12.0,0,1.3033272212311737e-05,23.588022165387894
ketchikan,2023-05-01,12.0,0,1.3033272212311737e-05,23.588022165387894
rockford,2023-04-01,12.0,0,1.3033272212311737e-05,23.588022165387894
santa_rosa,2023-09-01,12.0,0,1.3033272212311737e-05,23.588022165387894
ketchikan,2023-11-01,12.0,0,1.3033272212311737e-05,23.588022165387894
mountain_view,2023-05-01,12.0,0,1.3033257693421691e-05,22.884697357203752
oroville,2023-10-01,12.0,0,1.3033257693421691e-05,22.884697357203752
venice,2023-04-01,12.0,0,1.3033257693421691e-05,22.884697357203752
ceiba,2023-09-01,12.0,0,1.3033257693421691e-05,22.884697357203752
ketchikan,2023-04-01,12.0,0,1.3033257693421691e-05,22.884697357203752
pittsfield,2023-11-01,12.0,0,1.3033257693421691e-05,22.884697357203752
ceiba,2023-10-01,12.0,0,1.3033257693421691e-05,22.884697357203752
st._croix_island,2023-09-01,12.0,0,1.3033257693421691e-05,22.884697357203752
yakima,2023-10-01,12.0,0,1.3033257693421691e-05,22.884697357203752
springfield,2023-11-01,12.0,0,1.3033257693421691e-05,22.884697357203752
sagarai,2023-10-01,12.0,0,1.3033257693421691e-05,22.884697357203752
ceiba,2023-05-01,12.0,0,1.3033257693421691e-05,22.884697357203752
ketchikan,2023-09-01,12.0,0,1.3033257693421691e-05,22.884697357203752
hunter_aaf,2023-05-01,12.0,0,1.3033257693421691e-05,22.884697357203752
eagle_pass,2023-11-01,12.0,0,1.3033257693421691e-05,22.884697357203752
victorville,2023-05-01,12.0,0,1.3033257693421691e-05,22.884697357203752
corpus_christi,2023-09-01,12.0,0,1.3033257693421691e-05,22.884697357203752
battle_creek,2023-10-01,12.0,0,1.3033257693421691e-05,22.884697357203752
appleton,2023-05-01,12.0,0,1.3033257693421691e-05,22.884697357203752
fort_collins,2023-10-01,12.0,0,1.3033257693421691e-05,22.884697357203752
cutbank,2023-10-01,12.0,0,1.3033257693421691e-05,22.884697357203752
cutbank,2023-11-01,12.0,0,1.3033257693421691e-05,22.884697357203752
groton,2023-05-01,12.0,0,1.3033257693421691e-05,22.884697357203752
santa_ana,2023-10-01,12.0,0,1.3033257693421691e-05,22.884697357203752
guam,2023-09-01,12.0,0,1.3033257693421691e-05,22.884697357203752
lexington,2023-10-01,12.0,0,1.3033257693421691e-05,22.884697357203752
augusta,2023-05-01,12.0,0,1.3033257693421691e-05,22.884697357203752
porthill,2023-10-01,12.0,0,1.3033257693421691e-05,22.884697357203752
battle_creek,2023-05-01,12.0,0,1.3033257693421691e-05,22.884697357203752
tokeen,2023-10-01,12.0,0,1.3033257693421691e-05,22.884697357203752
santa_barbara,2023-10-01,12.0,0,1.3033257693421691e-05,22.884697357203752
westfield,2023-04-01,12.0,0,1.3033257693421691e-05,22.884697357203752
del_rio,2023-05-01,12.0,0,1.3033257693421691e-05,22.884697357203752
glynco,2023-10-01,12.0,0,1.3033257693421691e-05,22.884697357203752
manchester,2023-05-01,12.0,0,1.3033257693421691e-05,22.884697357203752
riverside,2023-11-01,12.0,0,1.3033257693421691e-05,22.884697357203752
cocoa,2023-09-01,12.0,0,1.3033257693421691e-05,22.884697357203752
kenosha,2023-09-01,12.0,0,1.3033257693421691e-05,22.884697357203752
vieques_island,2023-04-01,12.0,0,1.3033257693421691e-05,22.884697357203752
hoquiam,2023-09-01,12.0,0,1.3033257693421691e-05,22.884697357203752
pasco,2023-04-01,12.0,0,1.3033257693421691e-05,22.884697357203752
palm_beach_gardens,2023-11-01,12.0,0,1.3033257693421691e-05,22.884697357203752
marathon,2023-11-01,12.0,0,1.3033257693421691e-05,22.884697357203752
aiken,2023-11-01,12.0,0,1.3033257693421691e-05,22.884697357203752
queensbury,2023-05-01,12.0,0,1.3033257693421691e-05,22.884697357203752
port_angeles,2023-09-01,12.0,0,1.3033257693421691e-05,22.884697357203752
tulsa,2023-04-01,12.0,0,1.3033257693421691e-05,22.884697357203752
lebanon,2023-04-01,12.0,0,1.3033257693421691e-05,22.884697357203752
chattanooga,2023-05-01,12.0,0,1.3033257693421691e-05,22.884697357203752
houlton,2023-11-01,12.0,0,1.3033257693421691e-05,22.884697357203752
tulsa,2023-09-01,12.0,0,1.3033257693421691e-05,22.884697357203752
rosewell,2023-11-01,12.0,0,1.3033257693421691e-05,22.884697357203752
cocoa,2023-11-01,12.0,0,1.3033257693421691e-05,22.884697357203752
burbank,2023-05-01,12.0,0,1.3033257693421691e-05,22.884697357203752
galveston,2023-11-01,12.0,0,1.3033257693421691e-05,22.884697357203752
tacoma,2023-10-01,12.0,0,1.3033257693421691e-05,22.884697357203752
beaufort,2023-05-01,12.0,0,1.3033257693421691e-05,22.884697357203752
georgetown,2023-09-01,12.0,0,1.3033257693421691e-05,22.884697357203752
ithaca,2023-11-01,12.0,0,1.3033257693421691e-05,22.884697357203752
baudette,2023-10-01,12.0,0,1.3033257693421691e-05,22.884697357203752
marysville,2023-11-01,12.0,0,1.3033257693421691e-05,22.884697357203752
ogdensburg,2023-09-01,12.0,0,1.3033257693421691e-05,22.884697357203752
huntsville,2023-11-01,12.0,0,1.3033257693421691e-05,22.884697357203752
massena,2023-04-01,12.0,0,1.3033257693421691e-05,22.884697357203752
redlands,2023-10-01,12.0,0,1.3033243174547797e-05,22.122762148337596
fort_dix,2023-10-01,12.0,0,1.3033243174547797e-05,22.122762148337596
scranton,2023-04-01,12.0,0,1.3033243174547797e-05,22.122762148337596
massena,2023-09-01,12.0,0,1.3033243174547797e-05,22.122762148337596
helena,2023-04-01,12.0,0,1.3033243174547797e-05,22.122762148337596
waukegan,2023-04-01,12.0,0,1.3033243174547797e-05,22.122762148337596
ocala,2023-04-01,12.0,0,1.3033243174547797e-05,22.122762148337596
schenectady,2023-05-01,12.0,0,1.3033243174547797e-05,22.122762148337596
chicopee_falls,2023-05-01,12.0,0,1.3033243174547797e-05,22.122762148337596
groton,2023-04-01,12.0,0,1.3033243174547797e-05,22.122762148337596
mountain_view,2023-11-01,12.0,0,1.3033243174547797e-05,22.122762148337596
ogdensburg,2023-05-01,12.0,0,1.3033243174547797e-05,22.122762148337596
scranton,2023-10-01,12.0,0,1.3033243174547797e-05,22.122762148337596
toronto,2023-10-01,12.0,0,1.3033243174547797e-05,22.122762148337596
bar_harbor,2023-09-01,12.0,0,1.3033243174547797e-05,22.122762148337596
redmond,2023-04-01,12.0,0,1.3033243174547797e-05,22.122762148337596
dover,2023-11-01,12.0,0,1.3033243174547797e-05,22.122762148337596
lancaster,2023-11-01,12.0,0,1.3033243174547797e-05,22.122762148337596
cold_bay,2023-10-01,12.0,0,1.3033243174547797e-05,22.122762148337596
lakehurst,2023-05-01,12.0,0,1.3033243174547797e-05,22.122762148337596
lakehurst,2023-09-01,12.0,0,1.3033243174547797e-05,22.122762148337596
lakehurst,2023-10-01,12.0,0,1.3033243174547797e-05,22.122762148337596
jacksn_hole,2023-05-01,12.0,0,1.3033243174547797e-05,22.122762148337596
punta_gorda,2023-04-01,12.0,0,1.3033243174547797e-05,22.122762148337596
aiken,2023-10-01,12.0,0,1.3033243174547797e-05,22.122762148337596
kalamazoo,2023-04-01,12.0,0,1.3033243174547797e-05,22.122762148337596
warroad,2023-11-01,12.0,0,1.3033243174547797e-05,22.122762148337596
beaufort,2023-11-01,12.0,0,1.3033243174547797e-05,22.122762148337596
belmar,2023-04-01,12.0,0,1.3033243174547797e-05,22.122762148337596
lakeland,2023-11-01,12.0,0,1.3033243174547797e-05,22.122762148337596
pembina,2023-10-01,12.0,0,1.3033243174547797e-05,22.122762148337596
presidio,2023-10-01,12.0,0,1.3033243174547797e-05,22.122762148337596
baton_rouge,2023-05-01,12.0,0,1.3033243174547797e-05,22.122762148337596
lansing,2023-09-01,12.0,0,1.3033243174547797e-05,22.122762148337596
racine,2023-10-01,12.0,0,1.3033243174547797e-05,22.122762148337596
springfield,2023-10-01,12.0,0,1.3033243174547797e-05,22.122762148337596
stratford,2023-09-01,12.0,0,1.3033243174547797e-05,22.122762148337596
baudette,2023-04-01,12.0,0,1.3033243174547797e-05,22.122762148337596
flint,2023-05-01,12.0,0,1.3033243174547797e-05,22.122762148337596
beverly,2023-10-01,12.0,0,1.3033243174547797e-05,22.122762148337596
niagara_falls,2023-04-01,12.0,0,1.3033243174547797e-05,22.122762148337596
youngstown,2023-10-01,12.0,0,1.3033243174547797e-05,22.122762148337596
shreveport,2023-09-01,12.0,0,1.3033243174547797e-05,22.122762148337596
sherman-denison,2023-04-01,12.0,0,1.3033243174547797e-05,22.122762148337596
aspen,2023-05-01,12.0,0,1.3033243174547797e-05,22.122762148337596
port_townsed,2023-04-01,12.0,0,1.3033243174547797e-05,22.122762148337596
lawrence,2023-09-01,12.0,0,1.3033243174547797e-05,22.122762148337596
bowling_green,2023-09-01,12.0,0,1.3033243174547797e-05,22.122762148337596
georgetown,2023-04-01,12.0,0,1.3033243174547797e-05,22.122762148337596
casa_grande,2023-04-01,12.0,0,1.3033243174547797e-05,22.122762148337596
college_station,2023-10-01,12.0,0,1.3033243174547797e-05,22.122762148337596
broomfield,2023-09-01,12.0,0,1.3033243174547797e-05,22.122762148337596
westfield,2023-09-01,12.0,0,1.3033243174547797e-05,22.122762148337596
juneau,2023-11-01,12.0,0,1.3033243174547797e-05,22.122762148337596
page,2023-10-01,12.0,0,1.3033243174547797e-05,22.122762148337596
burlington:mount_vernon,2023-09-01,12.0,0,1.3033243174547797e-05,22.122762148337596
hilo,2023-11-01,12.0,0,1.3033243174547797e-05,22.122762148337596
galveston,2023-04-01,12.0,0,1.3033243174547797e-05,22.122762148337596
anacortes,2023-05-01,12.0,0,1.3033243174547797e-05,22.122762148337596
pinecreek,2023-04-01,12.0,0,1.3033243174547797e-05,22.122762148337596
rockford,2023-09-01,12.0,0,1.3033243174547797e-05,22.122762148337596
macon,2023-04-01,12.0,0,1.3033243174547797e-05,22.122762148337596
grand_marais,2023-11-01,12.0,0,1.3033243174547797e-05,22.122762148337596
sebring,2023-11-01,12.0,0,1.3033243174547797e-05,22.122762148337596
sheboygan,2023-04-01,12.0,0,1.3033243174547797e-05,22.122762148337596
olympia,2023-09-01,12.0,0,1.3033243174547797e-05,22.122762148337596
newport,2023-10-01,12.0,0,1.3033243174547797e-05,22.122762148337596
worcester,2023-05-01,12.0,0,1.3033243174547797e-05,22.122762148337596
westhampton,2023-09-01,12.0,0,1.3033243174547797e-05,22.122762148337596
decatur,2023-04-01,12.0,0,1.3033243174547797e-05,22.122762148337596
kenosha,2023-10-01,12.0,0,1.3033243174547797e-05,22.122762148337596
kenmore,2023-04-01,12.0,0,1.3033243174547797e-05,22.122762148337596
key_largo,2023-04-01,12.0,0,1.3033243174547797e-05,22.122762148337596
dunseith,2023-09-01,12.0,0,1.3033243174547797e-05,22.122762148337596
ankeny,2023-09-01,12.0,0,1.3033243174547797e-05,22.122762148337596
worcester,2023-04-01,12.0,0,1.3033243174547797e-05,22.122762148337596
valparaiso,2023-05-01,12.0,0,1.3033243174547797e-05,22.122762148337596
hunter_aaf,2023-10-01,12.0,0,1.3033243174547797e-05,22.122762148337596
macon,2023-09-01,12.0,0,1.3033243174547797e-05,22.122762148337596
beverly,2023-04-01,12.0,0,1.3033228655690075e-05,21.254262574595057
waterloo,2023-11-01,12.0,0,1.3033228655690075e-05,21.254262574595057
burlington:mount_vernon,2023-11-01,12.0,0,1.3033228655690075e-05,21.254262574595057
sanford,2023-11-01,12.0,0,1.3033228655690075e-05,21.254262574595057
douglas,2023-10-01,12.0,0,1.3033228655690075e-05,21.254262574595057
baudette,2023-05-01,12.0,0,1.3033228655690075e-05,21.254262574595057
hyannis,2023-05-01,12.0,0,1.3033228655690075e-05,21.254262574595057
oroville,2023-11-01,12.0,0,1.3033228655690075e-05,21.254262574595057
jackman,2023-04-01,12.0,0,1.3033228655690075e-05,21.254262574595057
hyannis,2023-10-01,12.0,0,1.3033228655690075e-05,21.254262574595057
douglas,2023-05-01,12.0,0,1.3033228655690075e-05,21.254262574595057
wrightstown,2023-05-01,12.0,0,1.3033228655690075e-05,21.254262574595057
presidio,2023-09-01,12.0,0,1.3033228655690075e-05,21.254262574595057
roanoke,2023-04-01,12.0,0,1.3033228655690075e-05,21.254262574595057
new_haven,2023-05-01,12.0,0,1.3033228655690075e-05,21.254262574595057
santa_fe,2023-04-01,12.0,0,1.3033228655690075e-05,21.254262574595057
cold_bay,2023-09-01,12.0,0,1.3033228655690075e-05,21.254262574595057
lorain-elyria,2023-04-01,12.0,0,1.3033228655690075e-05,21.254262574595057
cunnamulla,2023-10-01,12.0,0,1.3033228655690075e-05,21.254262574595057
burbank,2023-11-01,12.0,0,1.3033228655690075e-05,21.254262574595057
hamilton,2023-05-01,12.0,0,1.3033228655690075e-05,21.254262574595057
sault_ste._marie,2023-11-01,12.0,0,1.3033228655690075e-05,21.254262574595057
houlton,2023-09-01,12.0,0,1.3033228655690075e-05,21.254262574595057
georgetown,2023-10-01,12.0,0,1.3033228655690075e-05,21.254262574595057
stratford,2023-04-01,12.0,0,1.3033228655690075e-05,21.254262574595057
eagle_pass,2023-05-01,12.0,0,1.3033228655690075e-05,21.254262574595057
juneau,2023-10-01,12.0,0,1.3033228655690075e-05,21.254262574595057
lockport,2023-11-01,12.0,0,1.3033228655690075e-05,21.254262574595057
culebra_island,2023-11-01,12.0,0,1.3033228655690075e-05,21.254262574595057
kennesaw,2023-05-01,12.0,0,1.3033228655690075e-05,21.254262574595057
fayetteville,2023-11-01,12.0,0,1.3033228655690075e-05,21.254262574595057
kalamazoo,2023-10-01,12.0,0,1.3033228655690075e-05,21.254262574595057
grand_marais,2023-05-01,12.0,0,1.3033228655690075e-05,21.254262574595057
gulfport,2023-09-01,12.0,0,1.3033228655690075e-05,21.254262574595057
rosewell,2023-05-01,12.0,0,1.3033228655690075e-05,21.254262574595057
toms_river,2023-04-01,12.0,0,1.3033228655690075e-05,21.254262574595057
fort_dix,2023-09-01,12.0,0,1.3033228655690075e-05,21.254262574595057
somerset,2023-11-01,12.0,0,1.3033228655690075e-05,21.254262574595057
toronto,2023-05-01,12.0,0,1.3033228655690075e-05,21.254262574595057
east_hampton,2023-10-01,12.0,0,1.3033228655690075e-05,21.254262574595057
charlottesville,2023-04-01,12.0,0,1.3033228655690075e-05,21.254262574595057
lewisburg,2023-05-01,12.0,0,1.3033228655690075e-05,21.254262574595057
georgetown,2023-05-01,12.0,0,1.3033228655690075e-05,21.254262574595057
olympia,2023-11-01,12.0,0,1.3033228655690075e-05,21.254262574595057
olympia,2023-10-01,12.0,0,1.3033228655690075e-05,21.254262574595057
alpena,2023-10-01,12.0,0,1.3033228655690075e-05,21.254262574595057
helena,2023-10-01,12.0,0,1.3033228655690075e-05,21.254262574595057
renton,2023-09-01,12.0,0,1.3033228655690075e-05,21.254262574595057
pembina,2023-05-01,12.0,0,1.3033228655690075e-05,21.254262574595057
helena,2023-11-01,12.0,0,1.3033228655690075e-05,21.254262574595057
cut_bank,2023-09-01,12.0,0,1.3033228655690075e-05,21.254262574595057
olympia,2023-04-01,12.0,0,1.3033228655690075e-05,21.254262574595057
victorville,2023-11-01,12.0,0,1.3033228655690075e-05,21.254262574595057
lebanon,2023-11-01,12.0,0,1.3033228655690075e-05,21.254262574595057
cut_bank,2023-10-01,12.0,0,1.3033228655690075e-05,21.254262574595057
cheyenne,2023-10-01,12.0,0,1.3033228655690075e-05,21.254262574595057
port_huron,2023-04-01,12.0,0,1.3033228655690075e-05,21.254262574595057
wrightstown,2023-09-01,12.0,0,1.3033228655690075e-05,21.254262574595057
waukegan,2023-09-01,12.0,0,1.3033228655690075e-05,21.254262574595057
saranac_lake,2023-11-01,12.0,0,1.3033228655690075e-05,21.254262574595057
edinburg,2023-09-01,12.0,0,1.3033228655690075e-05,21.254262574595057
pensacola,2023-10-01,12.0,0,1.3033228655690075e-05,21.254262574595057
frenchville,2023-09-01,12.0,0,1.3033228655690075e-05,21.254262574595057
kingston,2023-04-01,12.0,0,1.3033228655690075e-05,21.254262574595057
northway,2023-09-01,12.0,0,1.3033228655690075e-05,21.254262574595057
sitka,2023-05-01,12.0,0,1.3033228655690075e-05,21.254262574595057
holland,2023-11-01,12.0,0,1.3033228655690075e-05,21.254262574595057
decatur,2023-10-01,12.0,0,1.3033228655690075e-05,21.254262574595057
richmond_heights,2023-05-01,12.0,0,1.3033228655690075e-05,21.254262574595057
porthill,2023-11-01,12.0,0,1.3033228655690075e-05,21.254262574595057
saginlaw,2023-10-01,12.0,0,1.3033228655690075e-05,21.254262574595057
latrobe,2023-09-01,12.0,0,1.3033228655690075e-05,21.254262574595057
decatur,2023-09-01,12.0,0,1.3033228655690075e-05,21.254262574595057
butte,2023-09-01,12.0,0,1.3033228655690075e-05,21.254262574595057
santa_ana,2023-05-01,12.0,0,1.3033228655690075e-05,21.254262574595057
westfield,2023-05-01,12.0,0,1.3033228655690075e-05,21.254262574595057
rome,2023-05-01,12.0,0,1.3033228655690075e-05,21.254262574595057
chub_cay,2023-04-01,12.0,0,1.3033228655690075e-05,21.254262574595057
panama_city,2023-10-01,12.0,0,1.3033228655690075e-05,21.254262574595057
east_hampton,2023-09-01,12.0,0,1.3033228655690075e-05,21.254262574595057
gary,2023-09-01,12.0,0,1.3033228655690075e-05,21.254262574595057
tokeen,2023-04-01,12.0,0,1.3033228655690075e-05,21.254262574595057
burlington:mount_vernon,2023-10-01,12.0,0,1.3033228655690075e-05,21.254262574595057
crane_lake,2023-09-01,12.0,0,1.3033228655690075e-05,21.254262574595057
warroad,2023-10-01,12.0,0,1.3033214136848528e-05,18.771312872975276
waco,2023-11-01,12.0,0,1.3033214136848528e-05,18.771312872975276
sitka,2023-09-01,12.0,0,1.3033214136848528e-05,18.771312872975276
warroad,2023-05-01,12.0,0,1.3033214136848528e-05,18.771312872975276
waco,2023-10-01,12.0,0,1.3033214136848528e-05,18.771312872975276
santa_monica,2023-10-01,12.0,0,1.3033214136848528e-05,18.771312872975276
sioux_city,2023-04-01,12.0,0,1.3033214136848528e-05,18.771312872975276
st._thomas,2023-10-01,12.0,0,1.3033214136848528e-05,18.771312872975276
valparaiso,2023-09-01,12.0,0,1.3033214136848528e-05,18.771312872975276
scotia,2023-04-01,12.0,0,1.3033214136848528e-05,18.771312872975276
scotia,2023-05-01,12.0,0,1.3033214136848528e-05,18.771312872975276
scotia,2023-09-01,12.0,0,1.3033214136848528e-05,18.771312872975276
scotia,2023-10-01,12.0,0,1.3033214136848528e-05,18.771312872975276
westfield,2023-11-01,12.0,0,1.3033214136848528e-05,18.771312872975276
valparaiso,2023-04-01,12.0,0,1.3033214136848528e-05,18.771312872975276
the_valley,2023-05-01,12.0,0,1.3033214136848528e-05,18.771312872975276
terrell,2023-11-01,12.0,0,1.3033214136848528e-05,18.771312872975276
winston-salem,2023-05-01,12.0,0,1.3033214136848528e-05,18.771312872975276
winston-salem,2023-09-01,12.0,0,1.3033214136848528e-05,18.771312872975276
vero_beach,2023-09-01,12.0,0,1.3033214136848528e-05,18.771312872975276
vero_beach,2023-05-01,12.0,0,1.3033214136848528e-05,18.771312872975276
terrell,2023-10-01,12.0,0,1.3033214136848528e-05,18.771312872975276
traverse_city,2023-10-01,12.0,0,1.3033214136848528e-05,18.771312872975276
scobay,2023-09-01,12.0,0,1.3033214136848528e-05,18.771312872975276
st._augustine,2023-04-01,12.0,0,1.3033214136848528e-05,18.771312872975276
springfield,2023-05-01,12.0,0,1.3033214136848528e-05,18.771312872975276
statesboro,2023-05-01,12.0,0,1.3033214136848528e-05,18.771312872975276
statesboro,2023-04-01,12.0,0,1.3033214136848528e-05,18.771312872975276
sault_ste._marie,2023-10-01,12.0,0,1.3033214136848528e-05,18.771312872975276
sault_ste._marie,2023-04-01,12.0,0,1.3033214136848528e-05,18.771312872975276
saratoga_springs,2023-09-01,12.0,0,1.3033214136848528e-05,18.771312872975276
williston,2023-05-01,12.0,0,1.3033214136848528e-05,18.771312872975276
toms_river,2023-10-01,12.0,0,1.3033214136848528e-05,18.771312872975276
westhampton,2023-10-01,12.0,0,1.3033214136848528e-05,18.771312872975276
whidbey_island,2023-04-01,12.0,0,1.3033214136848528e-05,18.771312872975276
topeka,2023-05-01,12.0,0,1.3033214136848528e-05,18.771312872975276
topeka,2023-10-01,12.0,0,1.3033214136848528e-05,18.771312872975276
tokeen,2023-05-01,12.0,0,1.3033214136848528e-05,18.771312872975276
topeka,2023-11-01,12.0,0,1.3033214136848528e-05,18.771312872975276
schenectady,2023-04-01,12.0,0,1.3033214136848528e-05,18.771312872975276
santa_rosa,2023-10-01,12.0,0,1.3033214136848528e-05,18.771312872975276
santa_rosa,2023-05-01,12.0,0,1.3033214136848528e-05,18.771312872975276
winston_salem,2023-10-01,12.0,0,1.3033214136848528e-05,18.771312872975276
vineyard_haven,2023-09-01,12.0,0,1.3033214136848528e-05,18.771312872975276
waukegan,2023-10-01,12.0,0,1.3033214136848528e-05,18.771312872975276
skagway,2023-05-01,12.0,0,1.3033214136848528e-05,18.771312872975276
youngstown,2023-05-01,12.0,0,1.3033214136848528e-05,18.771312872975276
santa_ana,2023-11-01,12.0,0,1.3033214136848528e-05,18.771312872975276
vineyard_haven,2023-05-01,12.0,0,1.3033214136848528e-05,18.771312872975276
santa_ana,2023-04-01,12.0,0,1.3033214136848528e-05,18.771312872975276
youngstown,2023-11-01,12.0,0,1.3033214136848528e-05,18.771312872975276
terre_haute,2023-11-01,12.0,0,1.3033214136848528e-05,18.771312872975276
vineyard_haven,2023-11-01,12.0,0,1.3033214136848528e-05,18.771312872975276
shreveport,2023-11-01,12.0,0,1.3033214136848528e-05,18.771312872975276
unknown,2023-04-01,12.0,0,1.3033214136848528e-05,18.771312872975276
upperville,2023-05-01,12.0,0,1.3033214136848528e-05,18.771312872975276
tallahassee,2023-10-01,12.0,0,1.3033214136848528e-05,18.771312872975276
tallahassee,2023-04-01,12.0,0,1.3033214136848528e-05,18.771312872975276
waukegan,2023-11-01,12.0,0,1.3033214136848528e-05,18.771312872975276
wrangell,2023-10-01,12.0,0,1.3033214136848528e-05,18.771312872975276
wrangell,2023-05-01,12.0,0,1.3033214136848528e-05,18.771312872975276
wausau,2023-11-01,12.0,0,1.3033214136848528e-05,18.771312872975276
santa_barbara,2023-05-01,12.0,0,1.3033214136848528e-05,18.771312872975276
santa_barbara,2023-09-01,12.0,0,1.3033214136848528e-05,18.771312872975276
santa_barbara,2023-11-01,12.0,0,1.3033214136848528e-05,18.771312872975276
sumter,2023-10-01,12.0,0,1.3033214136848528e-05,18.771312872975276
sumter,2023-09-01,12.0,0,1.3033214136848528e-05,18.771312872975276
smithfield,2023-04-01,12.0,0,1.3033214136848528e-05,18.771312872975276
sulaco,2023-11-01,12.0,0,1.3033214136848528e-05,18.771312872975276
valdosta,2023-04-01,12.0,0,1.3033214136848528e-05,18.771312872975276
worcester,2023-09-01,12.0,0,1.3033214136848528e-05,18.771312872975276
santa_fe,2023-05-01,12.0,0,1.3033214136848528e-05,18.771312872975276
santa_fe,2023-10-01,12.0,0,1.3033214136848528e-05,18.771312872975276
temple,2023-05-01,12.0,0,1.3033214136848528e-05,18.771312872975276
terre_haute,2023-09-01,12.0,0,1.3033214136848528e-05,18.771312872975276
westhampton,2023-04-01,12.0,0,1.3033214136848528e-05,18.771312872975276
aberdeen,2023-05-01,12.0,0,1.3033214136848528e-05,18.771312872975276
lihue,2023-05-01,12.0,0,1.3033214136848528e-05,18.771312872975276
gonzales,2023-04-01,12.0,0,1.3033214136848528e-05,18.771312872975276
gulf_shores,2023-04-01,12.0,0,1.3033214136848528e-05,18.771312872975276
groton,2023-10-01,12.0,0,1.3033214136848528e-05,18.771312872975276
greensboro:high_poin,2023-09-01,12.0,0,1.3033214136848528e-05,18.771312872975276
greensboro:high_poin,2023-05-01,12.0,0,1.3033214136848528e-05,18.771312872975276
pembina,2023-09-01,12.0,0,1.3033214136848528e-05,18.771312872975276
grand_rapids_min,2023-10-01,12.0,0,1.3033214136848528e-05,18.771312872975276
grand_marais,2023-09-01,12.0,0,1.3033214136848528e-05,18.771312872975276
grand_junction,2023-09-01,12.0,0,1.3033214136848528e-05,18.771312872975276
gonzales,2023-05-01,12.0,0,1.3033214136848528e-05,18.771312872975276
gaylord,2023-09-01,12.0,0,1.3033214136848528e-05,18.771312872975276
gulf_shores,2023-09-01,12.0,0,1.3033214136848528e-05,18.771312872975276
galveston,2023-05-01,12.0,0,1.3033214136848528e-05,18.771312872975276
gainesville,2023-11-01,12.0,0,1.3033214136848528e-05,18.771312872975276
gainesville,2023-05-01,12.0,0,1.3033214136848528e-05,18.771312872975276
pine_mountain,2023-11-01,12.0,0,1.3033214136848528e-05,18.771312872975276
pinecreek,2023-05-01,12.0,0,1.3033214136848528e-05,18.771312872975276
gainesville,2023-04-01,12.0,0,1.3033214136848528e-05,18.771312872975276
fulshear,2023-05-01,12.0,0,1.3033214136848528e-05,18.771312872975276
pinecreek,2023-10-01,12.0,0,1.3033214136848528e-05,18.771312872975276
fort_dix,2023-05-01,12.0,0,1.3033214136848528e-05,18.771312872975276
gulf_shores,2023-05-01,12.0,0,1.3033214136848528e-05,18.771312872975276
gulf_shores,2023-10-01,12.0,0,1.3033214136848528e-05,18.771312872975276
flint,2023-09-01,12.0,0,1.3033214136848528e-05,18.771312872975276
harrison,2023-11-01,18.593955321944808,1,1.3033214136848528e-05,18.771312872975276
homestead,2023-05-01,12.0,0,1.3033214136848528e-05,18.771312872975276
holland,2023-04-01,12.0,0,1.3033214136848528e-05,18.771312872975276
hilton_head_island,2023-05-01,12.0,0,1.3033214136848528e-05,18.771312872975276
highgate,2023-09-01,12.0,0,1.3033214136848528e-05,18.771312872975276
henderson,2023-11-01,12.0,0,1.3033214136848528e-05,18.771312872975276
hayward,2023-09-01,12.0,0,1.3033214136848528e-05,18.771312872975276
hayward,2023-04-01,12.0,0,1.3033214136848528e-05,18.771312872975276
harrison,2023-11-01,12.0,0,1.3033214136848528e-05,18.771312872975276
palm_beach_gardens,2023-05-01,12.0,0,1.3033214136848528e-05,18.771312872975276
hampton,2023-04-01,12.0,0,1.3033214136848528e-05,18.771312872975276
paris,2023-09-01,12.0,0,1.3033214136848528e-05,18.771312872975276
hailey,2023-11-01,12.0,0,1.3033214136848528e-05,18.771312872975276
hailey,2023-10-01,12.0,0,1.3033214136848528e-05,18.771312872975276
hailey,2023-04-01,12.0,0,1.3033214136848528e-05,18.771312872975276
panama_city,2023-04-01,12.0,0,1.3033214136848528e-05,18.771312872975276
panama_city,2023-05-01,12.0,0,1.3033214136848528e-05,18.771312872975276
hagerstown,2023-05-01,12.0,0,1.3033214136848528e-05,18.771312872975276
gulfport,2023-04-01,12.0,0,1.3033214136848528e-05,18.771312872975276
gulf_shores,2023-11-01,12.0,0,1.3033214136848528e-05,18.771312872975276
panama_city,2023-09-01,12.0,0,1.3033214136848528e-05,18.771312872975276
fort_dix,2023-04-01,12.0,0,1.3033214136848528e-05,18.771312872975276
fernandina_beach,2023-04-01,12.0,0,1.3033214136848528e-05,18.771312872975276
hopkinsville,2023-11-01,12.0,0,1.3033214136848528e-05,18.771312872975276
destin,2023-04-01,12.0,0,1.3033214136848528e-05,18.771312872975276
port_huron,2023-11-01,12.0,0,1.3033214136848528e-05,18.771312872975276
eastport,2023-09-01,12.0,0,1.3033214136848528e-05,18.771312872975276
port_townsed,2023-05-01,12.0,0,1.3033214136848528e-05,18.771312872975276
eagle_pass,2023-10-01,12.0,0,1.3033214136848528e-05,18.771312872975276
dunseith,2023-11-01,12.0,0,1.3033214136848528e-05,18.771312872975276
port_townsed,2023-09-01,12.0,0,1.3033214136848528e-05,18.771312872975276
port_townsed,2023-10-01,12.0,0,1.3033214136848528e-05,18.771312872975276
dublin,2023-11-01,12.0,0,1.3033214136848528e-05,18.771312872975276
dodge_city,2023-04-01,12.0,0,1.3033214136848528e-05,18.771312872975276
decatur,2023-05-01,12.0,0,1.3033214136848528e-05,18.771312872975276
eden_prairie,2023-04-01,12.0,0,1.3033214136848528e-05,18.771312872975276
danbury,2023-10-01,12.0,0,1.3033214136848528e-05,18.771312872975276
culebra_island,2023-05-01,12.0,0,1.3033214136848528e-05,18.771312872975276
crane_lake,2023-10-01,12.0,0,1.3033214136848528e-05,18.771312872975276
presidio,2023-11-01,12.0,0,1.3033214136848528e-05,18.771312872975276
crane_lake,2023-05-01,12.0,0,1.3033214136848528e-05,18.771312872975276
princeton,2023-10-01,12.0,0,1.3033214136848528e-05,18.771312872975276
concord,2023-05-01,12.0,0,1.3033214136848528e-05,18.771312872975276
concord,2023-04-01,12.0,0,1.3033214136848528e-05,18.771312872975276
providenciales,2023-04-01,12.0,0,1.3033214136848528e-05,18.771312872975276
eastport,2023-10-01,12.0,0,1.3033214136848528e-05,18.771312872975276
eden_prairie,2023-10-01,12.0,0,1.3033214136848528e-05,18.771312872975276
fayetteville,2023-10-01,12.0,0,1.3033214136848528e-05,18.771312872975276
ponce,2023-10-01,12.0,0,1.3033214136848528e-05,18.771312872975276
fayetteville,2023-09-01,12.0,0,1.3033214136848528e-05,18.771312872975276
fayetteville,2023-04-01,12.0,0,1.3033214136848528e-05,18.771312872975276
pompano_beach,2023-09-01,12.0,0,1.3033214136848528e-05,18.771312872975276
ponce,2023-04-01,12.0,0,1.3033214136848528e-05,18.771312872975276
ponce,2023-05-01,12.0,0,1.3033214136848528e-05,18.771312872975276
fairhope,2023-09-01,12.0,0,1.3033214136848528e-05,18.771312872975276
fairhope,2023-05-01,12.0,0,1.3033214136848528e-05,18.771312872975276
fairhope,2023-04-01,12.0,0,1.3033214136848528e-05,18.771312872975276
ponce,2023-09-01,12.0,0,1.3033214136848528e-05,18.771312872975276
ponce,2023-11-01,12.0,0,1.3033214136848528e-05,18.771312872975276
eden_prairie,2023-11-01,12.0,0,1.3033214136848528e-05,18.771312872975276
everett,2023-10-01,12.0,0,1.3033214136848528e-05,18.771312872975276
eugene,2023-09-01,12.0,0,1.3033214136848528e-05,18.771312872975276
ely,2023-09-01,12.0,0,1.3033214136848528e-05,18.771312872975276
elmira,2023-11-01,12.0,0,1.3033214136848528e-05,18.771312872975276
elmira,2023-09-01,12.0,0,1.3033214136848528e-05,18.771312872975276
elmira,2023-05-01,12.0,0,1.3033214136848528e-05,18.771312872975276
elko,2023-05-01,12.0,0,1.3033214136848528e-05,18.771312872975276
edinburg,2023-10-01,12.0,0,1.3033214136848528e-05,18.771312872975276
edinburg,2023-05-01,12.0,0,1.3033214136848528e-05,18.771312872975276
hopkinsville,2023-04-01,12.0,0,1.3033214136848528e-05,18.771312872975276
houlton,2023-05-01,12.0,0,1.3033214136848528e-05,18.771312872975276
coeur_d'alene,2023-04-01,12.0,0,1.3033214136848528e-05,18.771312872975276
louisiana,2023-10-01,12.0,0,1.3033214136848528e-05,18.771312872975276
marhsall,2023-05-01,12.0,0,1.3033214136848528e-05,18.771312872975276
madison,2023-11-01,12.0,0,1.3033214136848528e-05,18.771312872975276
madison,2023-10-01,12.0,0,1.3033214136848528e-05,18.771312872975276
madison,2023-04-01,12.0,0,1.3033214136848528e-05,18.771312872975276
ludington,2023-09-01,12.0,0,1.3033214136848528e-05,18.771312872975276
lubbock,2023-11-01,12.0,0,1.3033214136848528e-05,18.771312872975276
lubbock,2023-05-01,12.0,0,1.3033214136848528e-05,18.771312872975276
nassau,2023-04-01,12.0,0,1.3033214136848528e-05,18.771312872975276
louisiana,2023-11-01,12.0,0,1.3033214136848528e-05,18.771312872975276
louisiana,2023-09-01,12.0,0,1.3033214136848528e-05,18.771312872975276
marysville,2023-09-01,12.0,0,1.3033214136848528e-05,18.771312872975276
longview,2023-11-01,12.0,0,1.3033214136848528e-05,18.771312872975276
longview,2023-05-01,12.0,0,1.3033214136848528e-05,18.771312872975276
long_beach,2023-09-01,12.0,0,1.3033214136848528e-05,18.771312872975276
livingston,2023-05-01,12.0,0,1.3033214136848528e-05,18.771312872975276
lihue,2023-09-01,12.0,0,1.3033214136848528e-05,18.771312872975276
lawrenceville,2023-05-01,12.0,0,1.3033214136848528e-05,18.771312872975276
lawrence,2023-11-01,12.0,0,1.3033214136848528e-05,18.771312872975276
lawrence,2023-10-01,12.0,0,1.3033214136848528e-05,18.771312872975276
newport,2023-09-01,12.0,0,1.3033214136848528e-05,18.771312872975276
marion,2023-11-01,12.0,0,1.3033214136848528e-05,18.771312872975276
nantucket,2023-05-01,12.0,0,1.3033214136848528e-05,18.771312872975276
lawrence,2023-05-01,12.0,0,1.3033214136848528e-05,18.771312872975276
mobile,2023-04-01,12.0,0,1.3033214136848528e-05,18.771312872975276
monroe,2023-10-01,12.0,0,1.3033214136848528e-05,18.771312872975276
monroe,2023-09-01,12.0,0,1.3033214136848528e-05,18.771312872975276
monroe,2023-05-01,12.0,0,1.3033214136848528e-05,18.771312872975276
morganton,2023-05-01,12.0,0,1.3033214136848528e-05,18.771312872975276
morgantown,2023-05-01,12.0,0,1.3033214136848528e-05,18.771312872975276
monroe,2023-04-01,12.0,0,1.3033214136848528e-05,18.771312872975276
modesto,2023-05-01,12.0,0,1.3033214136848528e-05,18.771312872975276
moses_lake,2023-04-01,12.0,0,1.3033214136848528e-05,18.771312872975276
mobile,2023-09-01,12.0,0,1.3033214136848528e-05,18.771312872975276
mount_vernon,2023-10-01,12.0,0,1.3033214136848528e-05,18.771312872975276
nantucket,2023-04-01,12.0,0,1.3033214136848528e-05,18.771312872975276
mountain_home,2023-04-01,12.0,0,1.3033214136848528e-05,18.771312872975276
mountain_view,2023-04-01,12.0,0,1.3033214136848528e-05,18.771312872975276
milledgeville,2023-05-01,12.0,0,1.3033214136848528e-05,18.771312872975276
middletown,2023-05-01,12.0,0,1.3033214136848528e-05,18.771312872975276
middletown,2023-04-01,12.0,0,1.3033214136848528e-05,18.771312872975276
muskegon,2023-11-01,12.0,0,1.3033214136848528e-05,18.771312872975276
meridian,2023-05-01,12.0,0,1.3033214136848528e-05,18.771312872975276
medford,2023-10-01,12.0,0,1.3033214136848528e-05,18.771312872975276
mayport,2023-05-01,12.0,0,1.3033214136848528e-05,18.771312872975276
newport_news,2023-05-01,12.0,0,1.3033214136848528e-05,18.771312872975276
lawrence,2023-04-01,12.0,0,1.3033214136848528e-05,18.771312872975276
houlton,2023-10-01,12.0,0,1.3033214136848528e-05,18.771312872975276
jefferson_city,2023-10-01,12.0,0,1.3033214136848528e-05,18.771312872975276
kennesaw,2023-09-01,12.0,0,1.3033214136848528e-05,18.771312872975276
kennesaw,2023-04-01,12.0,0,1.3033214136848528e-05,18.771312872975276
northway,2023-10-01,12.0,0,1.3033214136848528e-05,18.771312872975276
northway,2023-11-01,12.0,0,1.3033214136848528e-05,18.771312872975276
norwood,2023-05-01,12.0,0,1.3033214136848528e-05,18.771312872975276
kalamazoo,2023-11-01,12.0,0,1.3033214136848528e-05,18.771312872975276
kalamazoo,2023-05-01,12.0,0,1.3033214136848528e-05,18.771312872975276
juneau,2023-05-01,12.0,0,1.3033214136848528e-05,18.771312872975276
ogdensburg,2023-04-01,12.0,0,1.3033214136848528e-05,18.771312872975276
ogdensburg,2023-10-01,12.0,0,1.3033214136848528e-05,18.771312872975276
kenosha,2023-04-01,12.0,0,1.3033214136848528e-05,18.771312872975276
ogdensburg,2023-11-01,12.0,0,1.3033214136848528e-05,18.771312872975276
jackman,2023-10-01,12.0,0,1.3033214136848528e-05,18.771312872975276
jackman,2023-05-01,12.0,0,1.3033214136848528e-05,18.771312872975276
ithaca,2023-05-01,12.0,0,1.3033214136848528e-05,18.771312872975276
ithaca,2023-04-01,12.0,0,1.3033214136848528e-05,18.771312872975276
hyannis,2023-11-01,12.0,0,1.3033214136848528e-05,18.771312872975276
hyannis,2023-04-01,12.0,0,1.3033214136848528e-05,18.771312872975276
huntington,2023-04-01,12.0,0,1.3033214136848528e-05,18.771312872975276
hunter_aaf,2023-11-01,12.0,0,1.3033214136848528e-05,18.771312872975276
kennesaw,2023-11-01,12.0,0,1.3033214136848528e-05,18.771312872975276
kenosha,2023-05-01,12.0,0,1.3033214136848528e-05,18.771312872975276
latrobe,2023-04-01,12.0,0,1.3033214136848528e-05,18.771312872975276
la_porte,2023-10-01,12.0,0,1.3033214136848528e-05,18.771312872975276
lakehurst,2023-04-01,12.0,0,1.3033214136848528e-05,18.771312872975276
lake_charles,2023-11-01,12.0,0,1.3033214136848528e-05,18.771312872975276
lake_charles,2023-09-01,12.0,0,1.3033214136848528e-05,18.771312872975276
lafayette,2023-10-01,12.0,0,1.3033214136848528e-05,18.771312872975276
lafayette,2023-09-01,12.0,0,1.3033214136848528e-05,18.771312872975276
lafayette,2023-05-01,12.0,0,1.3033214136848528e-05,18.771312872975276
lafayette,2023-04-01,12.0,0,1.3033214136848528e-05,18.771312872975276
la_verne,2023-09-01,12.0,0,1.3033214136848528e-05,18.771312872975276
la_verne,2023-04-01,12.0,0,1.3033214136848528e-05,18.771312872975276
kissimmee,2023-11-01,12.0,0,1.3033214136848528e-05,18.771312872975276
kenosha,2023-11-01,12.0,0,1.3033214136848528e-05,18.771312872975276
kissimmee,2023-10-01,12.0,0,1.3033214136848528e-05,18.771312872975276
kissimmee,2023-09-01,12.0,0,1.3033214136848528e-05,18.771312872975276
killeen,2023-11-01,12.0,0,1.3033214136848528e-05,18.771312872975276
killeen,2023-09-01,12.0,0,1.3033214136848528e-05,18.771312872975276
north_kingstown,2023-04-01,12.0,0,1.3033214136848528e-05,18.771312872975276
north_kingstown,2023-05-01,12.0,0,1.3033214136848528e-05,18.771312872975276
killeen,2023-04-01,12.0,0,1.3033214136848528e-05,18.771312872975276
ketchikan,2023-10-01,12.0,0,1.3033214136848528e-05,18.771312872975276
northway,2023-04-01,12.0,0,1.3033214136848528e-05,18.771312872975276
college_station,2023-09-01,12.0,0,1.3033214136848528e-05,18.771312872975276
fairhope,2023-11-01,12.0,0,1.3033214136848528e-05,18.771312872975276
monroe,2023-11-01,12.0,0,1.3033214136848528e-05,18.771312872975276
samana,2023-05-01,12.0,0,1.3033214136848528e-05,18.771312872975276
ballston_spa,2023-11-01,12.0,0,1.3033214136848528e-05,18.771312872975276
butte,2023-04-01,12.0,0,1.3033214136848528e-05,18.771312872975276
bamburi,2023-05-01,12.0,0,1.3033214136848528e-05,18.771312872975276
bamburi,2023-11-01,12.0,0,1.3033214136848528e-05,18.771312872975276
bush_field,2023-04-01,12.0,0,1.3033214136848528e-05,18.771312872975276
renton,2023-11-01,12.0,0,1.3033214136848528e-05,18.771312872975276
burlington:mount_vernon,2023-04-01,12.0,0,1.3033214136848528e-05,18.771312872975276
rhinelander,2023-11-01,12.0,0,1.3033214136848528e-05,18.771312872975276
barnstable,2023-11-01,12.0,0,1.3033214136848528e-05,18.771312872975276
richmond_heights,2023-04-01,12.0,0,1.3033214136848528e-05,18.771312872975276
brunswick,2023-11-01,12.0,0,1.3033214136848528e-05,18.771312872975276
sagarai,2023-11-01,12.0,0,1.3033214136848528e-05,18.771312872975276
richmond_heights,2023-09-01,12.0,0,1.3033214136848528e-05,18.771312872975276
richmond_heights,2023-11-01,12.0,0,1.3033214136848528e-05,18.771312872975276
broomfield,2023-04-01,12.0,0,1.3033214136848528e-05,18.771312872975276
ballston_spa,2023-10-01,12.0,0,1.3033214136848528e-05,18.771312872975276
renton,2023-05-01,12.0,0,1.3033214136848528e-05,18.771312872975276
ballston_spa,2023-09-01,12.0,0,1.3033214136848528e-05,18.771312872975276
redmond,2023-10-01,12.0,0,1.3033214136848528e-05,18.771312872975276
cedar_rapids,2023-10-01,12.0,0,1.3033214136848528e-05,18.771312872975276
bakersfield,2023-04-01,12.0,0,1.3033214136848528e-05,18.771312872975276
canouan_island,2023-04-01,12.0,0,1.3033214136848528e-05,18.771312872975276
bakersfield,2023-09-01,12.0,0,1.3033214136848528e-05,18.771312872975276
camden,2023-09-01,12.0,0,1.3033214136848528e-05,18.771312872975276
salina,2023-10-01,12.0,0,1.3033214136848528e-05,18.771312872975276
calliano,2023-11-01,12.0,0,1.3033214136848528e-05,18.771312872975276
butte,2023-10-01,12.0,0,1.3033214136848528e-05,18.771312872975276
calliano,2023-09-01,12.0,0,1.3033214136848528e-05,18.771312872975276
calliano,2023-05-01,12.0,0,1.3033214136848528e-05,18.771312872975276
calliano,2023-04-01,12.0,0,1.3033214136848528e-05,18.771312872975276
bakersfield,2023-11-01,12.0,0,1.3033214136848528e-05,18.771312872975276
calhoun,2023-11-01,12.0,0,1.3033214136848528e-05,18.771312872975276
ballston_spa,2023-04-01,12.0,0,1.3033214136848528e-05,18.771312872975276
sagarai,2023-09-01,12.0,0,1.3033214136848528e-05,18.771312872975276
baton_rouge,2023-11-01,12.0,0,1.3033214136848528e-05,18.771312872975276
bristol,2023-05-01,12.0,0,1.3033214136848528e-05,18.771312872975276
belmar:farmingdale,2023-09-01,12.0,0,1.3033214136848528e-05,18.771312872975276
beaumont,2023-09-01,12.0,0,1.3033214136848528e-05,18.771312872975276
big_spring,2023-05-01,12.0,0,1.3033214136848528e-05,18.771312872975276
beaumont,2023-10-01,12.0,0,1.3033214136848528e-05,18.771312872975276
beaumont,2023-11-01,12.0,0,1.3033214136848528e-05,18.771312872975276
beverly,2023-09-01,12.0,0,1.3033214136848528e-05,18.771312872975276
beverly,2023-05-01,12.0,0,1.3033214136848528e-05,18.771312872975276
rockland,2023-09-01,12.0,0,1.3033214136848528e-05,18.771312872975276
beaumont,2023-05-01,12.0,0,1.3033214136848528e-05,18.771312872975276
belleville,2023-09-01,12.0,0,1.3033214136848528e-05,18.771312872975276
belmar,2023-11-01,12.0,0,1.3033214136848528e-05,18.771312872975276
rome,2023-04-01,12.0,0,1.3033214136848528e-05,18.771312872975276
belmar,2023-10-01,12.0,0,1.3033214136848528e-05,18.771312872975276
belmar,2023-05-01,12.0,0,1.3033214136848528e-05,18.771312872975276
belleville,2023-10-01,12.0,0,1.3033214136848528e-05,18.771312872975276
billings,2023-04-01,12.0,0,1.3033214136848528e-05,18.771312872975276
billings,2023-05-01,12.0,0,1.3033214136848528e-05,18.771312872975276
battle_creek,2023-09-01,12.0,0,1.3033214136848528e-05,18.771312872975276
baudette,2023-11-01,12.0,0,1.3033214136848528e-05,18.771312872975276
sagarai,2023-05-01,12.0,0,1.3033214136848528e-05,18.771312872975276
sagarai,2023-04-01,12.0,0,1.3033214136848528e-05,18.771312872975276
rifle,2023-10-01,12.0,0,1.3033214136848528e-05,18.771312872975276
baudette,2023-09-01,12.0,0,1.3033214136848528e-05,18.771312872975276
rifle,2023-11-01,12.0,0,1.3033214136848528e-05,18.771312872975276
bridgeport_ct,2023-11-01,12.0,0,1.3033214136848528e-05,18.771312872975276
brainerd,2023-10-01,12.0,0,1.3033214136848528e-05,18.771312872975276
beaumont,2023-04-01,12.0,0,1.3033214136848528e-05,18.771312872975276
beaufort,2023-04-01,12.0,0,1.3033214136848528e-05,18.771312872975276
boone,2023-10-01,12.0,0,1.3033214136848528e-05,18.771312872975276
beaufort,2023-09-01,12.0,0,1.3033214136848528e-05,18.771312872975276
rosewell,2023-10-01,12.0,0,1.3033214136848528e-05,18.771312872975276
beaufort,2023-10-01,12.0,0,1.3033214136848528e-05,18.771312872975276
provo,2023-10-01,12.0,0,1.3033214136848528e-05,18.771312872975276
cedar_rapids,2023-11-01,12.0,0,1.3033214136848528e-05,18.771312872975276
calliano,2023-10-01,12.0,0,1.3033214136848528e-05,18.771312872975276
asheville,2023-10-01,12.0,0,1.3033214136848528e-05,18.771312872975276
racine,2023-09-01,12.0,0,1.3033214136848528e-05,18.771312872975276
san_angelo,2023-11-01,12.0,0,1.3033214136848528e-05,18.771312872975276
ceiba,2023-11-01,12.0,0,1.3033214136848528e-05,18.771312872975276
anacortes,2023-09-01,12.0,0,1.3033214136848528e-05,18.771312872975276
charlotte_amalie,2023-05-01,12.0,0,1.3033214136848528e-05,18.771312872975276
asheville,2023-09-01,12.0,0,1.3033214136848528e-05,18.771312872975276
chino,2023-05-01,12.0,0,1.3033214136848528e-05,18.771312872975276
racine,2023-04-01,12.0,0,1.3033214136848528e-05,18.771312872975276
quonset_point,2023-11-01,12.0,0,1.3033214136848528e-05,18.771312872975276
clarksburg,2023-04-01,12.0,0,1.3033214136848528e-05,18.771312872975276
quonset,2023-04-01,12.0,0,1.3033214136848528e-05,18.771312872975276
quonset_point,2023-10-01,12.0,0,1.3033214136848528e-05,18.771312872975276
alexandria,2023-04-01,12.0,0,1.3033214136848528e-05,18.771312872975276
queensbury,2023-09-01,12.0,0,1.3033214136848528e-05,18.771312872975276
charlotte_amalie,2023-09-01,12.0,0,1.3033214136848528e-05,18.771312872975276
charlottesville,2023-11-01,12.0,0,1.3033214136848528e-05,18.771312872975276
asheville,2023-05-01,12.0,0,1.3033214136848528e-05,18.771312872975276
chicopee_falls,2023-10-01,12.0,0,1.3033214136848528e-05,18.771312872975276
chattanooga,2023-09-01,12.0,0,1.3033214136848528e-05,18.771312872975276
alexandria,2023-11-01,12.0,0,1.3033214136848528e-05,18.771312872975276
asheville,2023-04-01,12.0,0,1.3033214136848528e-05,18.771312872975276
anacortes,2023-04-01,12.0,0,1.3033214136848528e-05,18.771312872975276
chino,2023-11-01,12.0,0,1.3033214136848528e-05,18.771312872975276
chicopee_falls,2023-04-01,12.0,0,1.3033214136848528e-05,18.771312872975276
aiken,2023-04-01,12.0,0,1.3033214136848528e-05,18.771312872975276
quonset,2023-11-01,12.0,0,1.3033214136848528e-05,18.771312872975276
punta_gorda,2023-10-01,12.0,0,1.3033214136848528e-05,18.771312872975276
samana,2023-09-01,12.0,0,1.3033214136848528e-05,18.771312872975276
adak_island,2023-10-01,12.0,0,1.3033214136848528e-05,18.771312872975276
champaign,2023-10-01,12.0,0,1.3033214136848528e-05,18.771312872975276
abilene,2023-05-01,12.0,0,1.3033214136848528e-05,18.771312872975276
clinton,2023-11-01,12.0,0,1.3033214136848528e-05,18.771312872975276
chino,2023-10-01,12.0,0,1.3033214136848528e-05,18.771312872975276
cocoa,2023-10-01,12.0,0,1.3033214136848528e-05,18.771312872975276
athens,2023-04-01,12.0,0,1.3033214136848528e-05,18.771312872975276
aspen,2023-11-01,12.0,0,1.3033214136848528e-05,18.771312872975276
queensbury,2023-10-01,12.0,0,1.3033214136848528e-05,18.771312872975276
san_angelo,2023-10-01,12.0,0,1.3033214136848528e-05,18.771312872975276
champaign,2023-11-01,12.0,0,1.3033214136848528e-05,18.771312872975276
phoenix,2023-03-01,12.0,0,1.2910970971633501e-05,16.7306052855925
newark,2023-08-01,12.0,0,1.279544025890892e-05,16.71994884910486
chicago,2023-08-01,12.0,0,1.266377438207071e-05,16.70929241261722
agana,2023-03-01,12.0,0,1.2647910754150765e-05,16.698635976129584
denver,2023-03-01,12.0,0,1.2553414271292211e-05,16.687979539641944
tampa,2023-03-01,12.0,0,1.2207894678785186e-05,16.677323103154304
detroit,2023-03-01,12.0,0,1.2175937102882422e-05,16.666666666666664
charlotte,2023-03-01,12.0,0,1.2115133541837358e-05,16.656010230179028
newark,2023-07-01,12.0,0,1.207832098425003e-05,16.64535379369139
palm_springs,2023-03-01,12.0,0,1.1973116234810677e-05,16.634697357203752
philadelphia,2023-03-01,12.0,0,1.195204757675114e-05,16.624040920716112
minneapolis,2023-03-01,12.0,0,1.1799645359356436e-05,16.613384484228476
kahului,2023-03-01,12.0,0,1.1729386874780578e-05,16.602728047740836
chicago,2023-07-01,12.0,0,1.1723680919332942e-05,16.592071611253196
houston,2023-08-01,12.0,0,1.167782564520911e-05,16.58141517476556
san_diego,2023-03-01,12.0,0,1.1641480629225888e-05,16.57075873827792
fort_myers,2023-03-01,12.0,0,1.1603480354423785e-05,16.56010230179028
salt_lake_city,2023-03-01,12.0,0,1.1520803486892371e-05,16.54944586530264
san_juan,2023-03-01,12.0,0,1.1503951911415941e-05,16.538789428815004
austin,2023-03-01,12.0,0,1.1488494293052358e-05,16.528132992327365
san_antonio,2023-03-01,12.0,0,1.144617254712128e-05,16.51747655583973
saipan,2023-03-01,12.0,0,1.1413119054966529e-05,16.50682011935209
san_jose,2023-03-01,12.0,0,1.1374090180008544e-05,16.496163682864452
portland,2023-03-01,12.0,0,1.1351875016365826e-05,16.485507246376812
laguna_beach,2023-03-01,12.0,0,1.1325854446909355e-05,16.474850809889176
kona,2023-03-01,12.0,0,1.1325236237806306e-05,16.464194373401533
oakland,2023-03-01,12.0,0,1.1312160825462173e-05,16.453537936913897
new_orleans,2023-03-01,12.0,0,1.1302801708848757e-05,16.442881500426257
nashville,2023-03-01,12.0,0,1.1298962052438882e-05,16.432225063938617
baltimore,2023-03-01,12.0,0,1.1287601797533371e-05,16.42156862745098
west_palm_beach,2023-03-01,12.0,0,1.1283855294808554e-05,16.41091219096334
raleigh,2023-03-01,12.0,0,1.1283264516978261e-05,16.400255754475705
fresno,2023-03-01,12.0,0,1.128218359932347e-05,16.389599317988065
sacramento,2023-03-01,12.0,0,1.1277396128162274e-05,16.37894288150043
ontario,2023-03-01,12.0,0,1.1261201658660112e-05,16.36828644501279
sarasota,2023-03-01,12.0,0,1.1256297696544211e-05,16.35763000852515
kauai_island,2023-03-01,12.0,0,1.1214968750942883e-05,16.34697357203751
st._petersburg,2023-03-01,12.0,0,1.1212407910422085e-05,16.336317135549873
st._louis,2023-03-01,12.0,0,1.1202033125485182e-05,16.325660699062233
pittsburgh,2023-03-01,12.0,0,1.1195770458272817e-05,16.315004262574597
tuscon,2023-03-01,12.0,0,1.119221651821162e-05,16.304347826086957
reno,2023-03-01,12.0,0,1.11863705601862e-05,16.293691389599317
cincinnati,2023-03-01,12.0,0,1.1185747503868911e-05,16.28303495311168
houston,2023-07-01,12.0,0,1.1184666011902865e-05,16.27237851662404
newburgh,2023-03-01,12.0,0,1.1179755474511792e-05,16.261722080136405
cleveland,2023-03-01,12.0,0,1.117655522784386e-05,16.25106564364876
melbourne,2023-03-01,12.0,0,1.1172932708115294e-05,16.240409207161125
indianapolis,2023-03-01,12.0,0,1.117258421144423e-05,16.229752770673485
teterboro,2023-03-01,12.0,0,1.1171613456605166e-05,16.21909633418585
columbus,2023-03-01,12.0,0,1.1168627047642267e-05,16.20843989769821
mcallen,2023-03-01,12.0,0,1.116438523115823e-05,16.197783461210573
laredo,2023-03-01,12.0,0,1.1162930199086664e-05,16.187127024722933
vail,2023-03-01,12.0,0,1.1162743670228211e-05,16.176470588235293
brownsville,2023-03-01,12.0,0,1.1161786204486278e-05,16.165814151747657
hartford,2023-03-01,12.0,0,1.1161686732235675e-05,16.155157715260017
buffalo,2023-03-01,12.0,0,1.1161450489193338e-05,16.144501278772378
naples,2023-03-01,12.0,0,1.1157845294868093e-05,16.133844842284738
bullhead_city,2023-03-01,12.0,0,1.1157832865178403e-05,16.1231884057971
scottsdale,2023-03-01,12.0,0,1.1156614822756305e-05,16.11253196930946
boca_raton,2023-03-01,12.0,0,1.1155583319396077e-05,16.101875532821825
white_plains,2023-03-01,12.0,0,1.1155297497991417e-05,16.091219096334186
bedford,2023-03-01,12.0,0,1.1155272644302303e-05,16.08056265984655
vail:eagle,2023-03-01,12.0,0,1.1155260217478512e-05,16.06990622335891
st._thomas_island,2023-03-01,12.0,0,1.1155222937090215e-05,16.05924978687127
windsor_locks,2023-03-01,12.0,0,1.1154912272032832e-05,16.04859335038363
kendall-tamiami,2023-03-01,12.0,0,1.115482528736718e-05,16.037936913895994
wilmington,2023-03-01,12.0,0,1.1154601615627232e-05,16.027280477408354
kansas_city,2023-03-01,12.0,0,1.1154129434460144e-05,16.016624040920714
jacksonville,2023-03-01,12.0,0,1.1154104583373444e-05,16.005967604433078
van_nuys,2023-03-01,12.0,0,1.1154030030445587e-05,15.99531116794544
el_paso,2023-03-01,12.0,0,1.115396790338634e-05,15.9846547314578
bangor,2023-03-01,12.0,0,1.115385607555173e-05,15.973998294970162
anchorage,2023-03-01,12.0,0,1.1153657273280757e-05,15.963341858482524
conroe,2023-03-01,12.0,0,1.1153470899369818e-05,15.952685421994886
greenville,2023-03-01,12.0,0,1.115337150122403e-05,15.942028985507244
midland,2023-03-01,12.0,0,1.1153197556600417e-05,15.931372549019606
harlingen,2023-03-01,12.0,0,1.1153160283105424e-05,15.91538789428815
wichita,2023-03-01,12.0,0,1.1153160283105424e-05,15.91538789428815
casper,2023-03-01,12.0,0,1.1152924220529922e-05,15.899403239556692
savannah,2023-03-01,12.0,0,1.1152911796322263e-05,15.888746803069054
boise,2023-03-01,12.0,0,1.1152899372128425e-05,15.878090366581416
sugar_land,2023-03-01,12.0,0,1.1152874523782268e-05,15.867433930093778
fort_pierce,2023-03-01,12.0,0,1.1152700586909365e-05,15.856777493606138
dallas-fort_worth,2023-03-01,12.0,0,1.1152675739006117e-05,15.840792838874682
carlsbad,2023-03-01,12.0,0,1.1152675739006117e-05,15.840792838874682
st._croix_island,2023-03-01,12.0,0,1.1152601195628493e-05,15.82480818414322
memphis,2023-03-01,12.0,0,1.1152551500320219e-05,15.814151747655583
omaha,2023-03-01,12.0,0,1.115241483936426e-05,15.803495311167945
houma,2023-03-01,12.0,0,1.1152389992097648e-05,15.792838874680307
bozeman,2023-03-01,12.0,0,1.1152365144886378e-05,15.776854219948849
burlington,2023-03-01,12.0,0,1.1152365144886378e-05,15.776854219948849
daytona_beach,2023-03-01,12.0,0,1.115235272130152e-05,15.750213128729754
rochester,2023-03-01,12.0,0,1.115235272130152e-05,15.750213128729754
long_beach,2023-03-01,12.0,0,1.115235272130152e-05,15.750213128729754
richmond,2023-03-01,12.0,0,1.1152327874173286e-05,15.728900255754475
broomdield-co,2023-03-01,12.0,0,1.1152303027100431e-05,15.718243819266837
milwaukee,2023-03-01,12.0,0,1.1152290603584754e-05,15.707587382779199
spokane,2023-03-01,12.0,0,1.1152253333120777e-05,15.696930946291559
columbia,2023-03-01,12.0,0,1.1152203639362555e-05,15.686274509803921
kalispell,2023-03-01,12.0,0,1.1152178792566472e-05,15.675618073316283
toledo,2023-03-01,12.0,0,1.11521290991404e-05,15.664961636828645
charleston,2023-03-01,12.0,0,1.1152116675818495e-05,15.643648763853369
west_chicago,2023-03-01,12.0,0,1.1152116675818495e-05,15.643648763853369
nogales,2023-03-01,12.0,0,1.1152116675818495e-05,15.643648763853369
pontiac,2023-03-01,12.0,0,1.115210425251041e-05,15.62233589087809
grand_rapids,2023-03-01,12.0,0,1.1152079405935758e-05,15.611679454390451
farmingdale,2023-03-01,12.0,0,1.1152054559416483e-05,15.601023017902813
louisville,2023-03-01,12.0,0,1.1152029712952565e-05,15.590366581415175
fargo,2023-03-01,12.0,0,1.1151992443360454e-05,15.579710144927535
rogers,2023-03-01,12.0,0,1.1151955173892916e-05,15.563725490196079
great_falls,2023-03-01,12.0,0,1.1151955173892916e-05,15.563725490196079
greensboro,2023-03-01,12.0,0,1.1151942750764741e-05,15.547740835464621
stuart,2023-03-01,12.0,0,1.115191790454993e-05,15.537084398976983
mesa,2023-03-01,12.0,0,1.1151893058390457e-05,15.526427962489345
dayton,2023-03-01,12.0,0,1.1151868212286358e-05,15.515771526001704
bellingham,2023-03-01,12.0,0,1.1151843366237617e-05,15.499786871270246
erie,2023-03-01,12.0,0,1.1151843366237617e-05,15.499786871270246
addison,2023-03-01,12.0,0,1.1151830943233995e-05,15.48380221653879
leesburg,2023-03-01,12.0,0,1.1151806097268268e-05,15.473145780051151
aspen,2023-03-01,12.0,0,1.1151793674306183e-05,15.446504688832055
norfolk,2023-03-01,12.0,0,1.1151793674306183e-05,15.446504688832055
aguadilla,2023-03-01,12.0,0,1.1151793674306183e-05,15.446504688832055
fairbanks,2023-03-01,12.0,0,1.1151793674306183e-05,15.446504688832055
raleigh-durham,2023-03-01,12.0,0,1.1151756405502902e-05,15.41453537936914
camp_springs,2023-03-01,12.0,0,1.1151756405502902e-05,15.41453537936914
fort_worth,2023-03-01,12.0,0,1.1151743982596174e-05,15.39855072463768
oklahoma_city,2023-03-01,12.0,0,1.1151719136824192e-05,15.382566069906222
duluth,2023-03-01,12.0,0,1.1151719136824192e-05,15.382566069906222
fort_wayne,2023-03-01,12.0,0,1.115170671395896e-05,15.355924978687128
sioux_falls,2023-03-01,12.0,0,1.115170671395896e-05,15.355924978687128
corpus_christi,2023-03-01,12.0,0,1.115170671395896e-05,15.355924978687128
south_bend,2023-03-01,12.0,0,1.1151694291107588e-05,15.329283887468032
racine,2023-03-01,12.0,0,1.1151694291107588e-05,15.329283887468032
weslaco,2023-03-01,12.0,0,1.1151681868270033e-05,15.313299232736574
manassas,2023-03-01,12.0,0,1.1151657022636442e-05,15.302642796248932
minot,2023-03-01,12.0,0,1.1151644599840422e-05,15.286658141517476
hillsboro,2023-03-01,12.0,0,1.1151644599840422e-05,15.286658141517476
rockford,2023-03-01,12.0,0,1.1151632177058224e-05,15.270673486786018
syracuse,2023-03-01,12.0,0,1.1151619754289864e-05,15.25468883205456
gary,2023-03-01,12.0,0,1.1151619754289864e-05,15.25468883205456
san_bernardino,2023-03-01,12.0,0,1.1151607331535363e-05,15.238704177323104
trenton,2023-03-01,12.0,0,1.115159490879468e-05,15.212063086104008
key_west,2023-03-01,12.0,0,1.115159490879468e-05,15.212063086104008
st._paul,2023-03-01,12.0,0,1.115159490879468e-05,15.212063086104008
lakeland,2023-03-01,12.0,0,1.115159490879468e-05,15.212063086104008
des_moines,2023-03-01,12.0,0,1.1151582486067837e-05,15.18542199488491
appleton,2023-03-01,12.0,0,1.1151570063354832e-05,15.17476555839727
little_rock,2023-03-01,12.0,0,1.1151557640655685e-05,15.153452685421994
myrtle_beach,2023-03-01,12.0,0,1.1151557640655685e-05,15.153452685421994
calexico,2023-03-01,12.0,0,1.1151557640655685e-05,15.153452685421994
port_clinton,2023-03-01,12.0,0,1.1151545217970357e-05,15.110826939471442
santa_teresa,2023-03-01,12.0,0,1.1151545217970357e-05,15.110826939471442
albuquerque,2023-03-01,12.0,0,1.1151545217970357e-05,15.110826939471442
huntsville,2023-03-01,12.0,0,1.1151545217970357e-05,15.110826939471442
douglas,2023-03-01,12.0,0,1.1151545217970357e-05,15.110826939471442
del_rio,2023-03-01,12.0,0,1.115153279529887e-05,15.057544757033249
st._augustine_airport,2023-03-01,12.0,0,1.115153279529887e-05,15.057544757033249
knoxville,2023-03-01,12.0,0,1.115153279529887e-05,15.057544757033249
morristown,2023-03-01,12.0,0,1.115153279529887e-05,15.057544757033249
birmingham,2023-03-01,12.0,0,1.115153279529887e-05,15.057544757033249
amarillo,2023-03-01,12.0,0,1.1151507949997426e-05,14.998934356351237
chattanooga,2023-03-01,12.0,0,1.1151507949997426e-05,14.998934356351237
yuma,2023-03-01,12.0,0,1.1151507949997426e-05,14.998934356351237
providence,2023-03-01,12.0,0,1.1151507949997426e-05,14.998934356351237
port_angeles,2023-03-01,12.0,0,1.1151507949997426e-05,14.998934356351237
colorado_springs,2023-03-01,12.0,0,1.1151507949997426e-05,14.998934356351237
portsmouth,2023-03-01,12.0,0,1.1151495527367454e-05,14.945652173913043
new_bedford,2023-03-01,12.0,0,1.1151495527367454e-05,14.945652173913043
peoria,2023-03-01,12.0,0,1.1151495527367454e-05,14.945652173913043
green_bay,2023-03-01,12.0,0,1.1151495527367454e-05,14.945652173913043
bristol,2023-03-01,12.0,0,1.115148310475132e-05,14.908354646206309
chicago-wheeling,2023-03-01,12.0,0,1.115148310475132e-05,14.908354646206309
harrisburg,2023-03-01,12.0,0,1.115148310475132e-05,14.908354646206309
frenchville,2023-03-01,12.0,0,1.1151470682149024e-05,14.881713554987211
sheboygan,2023-03-01,12.0,0,1.1151470682149024e-05,14.881713554987211
brunswick,2023-03-01,12.0,0,1.1151458259560587e-05,14.839087809036657
oxford,2023-03-01,12.0,0,1.1151458259560587e-05,14.839087809036657
st._thomas,2023-03-01,12.0,0,1.1151458259560587e-05,14.839087809036657
islip,2023-03-01,12.0,0,1.1151458259560587e-05,14.839087809036657
jackson,2023-03-01,12.0,0,1.1151458259560587e-05,14.839087809036657
massena,2023-03-01,12.0,0,1.1151458259560587e-05,14.839087809036657
grant_county_airport,2023-03-01,12.0,0,1.1151445836985969e-05,14.796462063086105
venice,2023-03-01,12.0,0,1.1151445836985969e-05,14.796462063086105
lexington_ky,2023-03-01,12.0,0,1.115143341442519e-05,14.769820971867006
hunter_aaf,2023-03-01,12.0,0,1.115143341442519e-05,14.769820971867006
tulsa,2023-03-01,12.0,0,1.115143341442519e-05,14.769820971867006
scranton,2023-03-01,12.0,0,1.1151420991878267e-05,14.732523444160272
marathon,2023-03-01,12.0,0,1.1151420991878267e-05,14.732523444160272
grand_forks,2023-03-01,12.0,0,1.1151420991878267e-05,14.732523444160272
niagara_falls,2023-03-01,12.0,0,1.1151420991878267e-05,14.732523444160272
moses_lake,2023-03-01,12.0,0,1.1151408569345166e-05,14.68989769820972
winston-salem,2023-03-01,12.0,0,1.1151408569345166e-05,14.68989769820972
binghamton,2023-03-01,12.0,0,1.1151408569345166e-05,14.68989769820972
helena,2023-03-01,12.0,0,1.1151408569345166e-05,14.68989769820972
newport_news,2023-03-01,12.0,0,1.1151396146825901e-05,14.641943734015344
mobile,2023-03-01,12.0,0,1.1151396146825901e-05,14.641943734015344
santa_maria,2023-03-01,12.0,0,1.1151396146825901e-05,14.641943734015344
worcester,2023-03-01,12.0,0,1.1151396146825901e-05,14.641943734015344
cocoa,2023-03-01,12.0,0,1.1151396146825901e-05,14.641943734015344
tacoma,2023-03-01,12.0,0,1.1151383724320475e-05,14.593989769820972
presque_isle,2023-03-01,12.0,0,1.1151383724320475e-05,14.593989769820972
monterey,2023-03-01,12.0,0,1.1151383724320475e-05,14.593989769820972
albany,2023-03-01,12.0,0,1.1151383724320475e-05,14.593989769820972
everett,2023-03-01,12.0,0,1.1151371301828909e-05,14.540707587382778
page,2023-03-01,12.0,0,1.1151371301828909e-05,14.540707587382778
plattsburgh,2023-03-01,12.0,0,1.1151371301828909e-05,14.540707587382778
ceiba,2023-03-01,12.0,0,1.1151371301828909e-05,14.540707587382778
akron,2023-03-01,12.0,0,1.1151371301828909e-05,14.540707587382778
lansing,2023-03-01,12.0,0,1.1151371301828909e-05,14.540707587382778
moline,2023-03-01,12.0,0,1.1151358879351159e-05,14.482097186700768
lubbock,2023-03-01,12.0,0,1.1151358879351159e-05,14.482097186700768
arcata_ca,2023-03-01,12.0,0,1.1151358879351159e-05,14.482097186700768
waukegan,2023-03-01,12.0,0,1.1151358879351159e-05,14.482097186700768
macon,2023-03-01,12.0,0,1.1151358879351159e-05,14.482097186700768
baton_rouge,2023-03-01,12.0,0,1.115134645688725e-05,14.439471440750212
la_isabela,2023-03-01,12.0,0,1.115134645688725e-05,14.439471440750212
watertown,2023-03-01,12.0,0,1.115134645688725e-05,14.439471440750212
cozumel,2023-03-01,12.0,0,1.1151334034437177e-05,14.364876385336744
broomfield,2023-03-01,12.0,0,1.1151334034437177e-05,14.364876385336744
victorville,2023-03-01,12.0,0,1.1151334034437177e-05,14.364876385336744
west_hampton_beach,2023-03-01,12.0,0,1.1151334034437177e-05,14.364876385336744
vero_beach,2023-03-01,12.0,0,1.1151334034437177e-05,14.364876385336744
international_falls,2023-03-01,12.0,0,1.1151334034437177e-05,14.364876385336744
cayo_coco,2023-03-01,12.0,0,1.1151334034437177e-05,14.364876385336744
college_station,2023-03-01,12.0,0,1.1151334034437177e-05,14.364876385336744
sanford,2023-03-01,12.0,0,1.1151334034437177e-05,14.364876385336744
sitka,2023-03-01,12.0,0,1.1151334034437177e-05,14.364876385336744
new_haven,2023-03-01,12.0,0,1.1151334034437177e-05,14.364876385336744
pittsfield,2023-03-01,12.0,0,1.1151321612000964e-05,14.2423273657289
santa_barbara,2023-03-01,12.0,0,1.1151321612000964e-05,14.2423273657289
friday_harbor,2023-03-01,12.0,0,1.1151321612000964e-05,14.2423273657289
springfield,2023-03-01,12.0,0,1.1151321612000964e-05,14.2423273657289
roosevelt,2023-03-01,12.0,0,1.1151321612000964e-05,14.2423273657289
charlottesville,2023-03-01,12.0,0,1.1151321612000964e-05,14.2423273657289
sault_ste_marie,2023-03-01,12.0,0,1.1151321612000964e-05,14.2423273657289
saginlaw,2023-03-01,12.0,0,1.1151321612000964e-05,14.2423273657289
fairfield,2023-03-01,12.0,0,1.1151321612000964e-05,14.2423273657289
huntington,2023-03-01,12.0,0,1.1151321612000964e-05,14.2423273657289
allentown,2023-03-01,12.0,0,1.1151321612000964e-05,14.2423273657289
belleville,2023-03-01,12.0,0,1.1151321612000964e-05,14.2423273657289
hilo,2023-03-01,12.0,0,1.115130918957857e-05,14.071824381926684
eagle_pass,2023-03-01,12.0,0,1.115130918957857e-05,14.071824381926684
casa_grande,2023-03-01,12.0,0,1.115130918957857e-05,14.071824381926684
idaho_falls,2023-03-01,12.0,0,1.115130918957857e-05,14.071824381926684
juneau,2023-03-01,12.0,0,1.115130918957857e-05,14.071824381926684
oshkosh,2023-03-01,12.0,0,1.115130918957857e-05,14.071824381926684
port_huron,2023-03-01,12.0,0,1.115130918957857e-05,14.071824381926684
kalamazoo,2023-03-01,12.0,0,1.115130918957857e-05,14.071824381926684
port_townsed,2023-03-01,12.0,0,1.115130918957857e-05,14.071824381926684
madison,2023-03-01,12.0,0,1.115130918957857e-05,14.071824381926684
dover-cheswold,2023-03-01,12.0,0,1.115130918957857e-05,14.071824381926684
youngstown,2023-03-01,12.0,0,1.115130918957857e-05,14.071824381926684
westfield,2023-03-01,12.0,0,1.115130918957857e-05,14.071824381926684
sagarai,2023-03-01,12.0,0,1.115130918957857e-05,14.071824381926684
toronto,2023-03-01,12.0,0,1.115130918957857e-05,14.071824381926684
burlington:mount_vernon,2023-03-01,12.0,0,1.115130918957857e-05,14.071824381926684
galveston,2023-03-01,12.0,0,1.115130918957857e-05,14.071824381926684
napa,2023-03-01,12.0,0,1.115130918957857e-05,14.071824381926684
santa_ana,2023-03-01,12.0,0,1.115130918957857e-05,14.071824381926684
prescott,2023-03-01,12.0,0,1.115130918957857e-05,14.071824381926684
cunnamulla,2023-03-01,12.0,0,1.1151296767170014e-05,13.869352088661552
sault_ste._marie,2023-03-01,12.0,0,1.1151296767170014e-05,13.869352088661552
bakersfield,2023-03-01,12.0,0,1.1151296767170014e-05,13.869352088661552
vieques_island,2023-03-01,12.0,0,1.1151296767170014e-05,13.869352088661552
manchester,2023-03-01,12.0,0,1.1151296767170014e-05,13.869352088661552
clinton,2023-03-01,12.0,0,1.1151296767170014e-05,13.869352088661552
ocala,2023-03-01,12.0,0,1.1151296767170014e-05,13.869352088661552
lafayette,2023-03-01,12.0,0,1.1151296767170014e-05,13.869352088661552
rapid_city,2023-03-01,12.0,0,1.1151296767170014e-05,13.869352088661552
fort_dix,2023-03-01,12.0,0,1.1151296767170014e-05,13.869352088661552
greensboro:high_poin,2023-03-01,12.0,0,1.1151296767170014e-05,13.869352088661552
gustavia,2023-03-01,12.0,0,1.1151296767170014e-05,13.869352088661552
pensacola,2023-03-01,12.0,0,1.1151296767170014e-05,13.869352088661552
hilton_head_island,2023-03-01,12.0,0,1.1151296767170014e-05,13.869352088661552
pembina,2023-03-01,12.0,0,1.1151296767170014e-05,13.869352088661552
beaumont,2023-03-01,12.0,0,1.1151296767170014e-05,13.869352088661552
henderson,2023-03-01,12.0,0,1.1151296767170014e-05,13.869352088661552
gulfport,2023-03-01,12.0,0,1.1151296767170014e-05,13.869352088661552
flint,2023-03-01,12.0,0,1.1151284344775295e-05,13.277919863597612
ankeny,2023-03-01,12.0,0,1.1151284344775295e-05,13.277919863597612
grand_junction,2023-03-01,12.0,0,1.1151284344775295e-05,13.277919863597612
waco,2023-03-01,12.0,0,1.1151284344775295e-05,13.277919863597612
barnstable,2023-03-01,12.0,0,1.1151284344775295e-05,13.277919863597612
georgetown,2023-03-01,12.0,0,1.1151284344775295e-05,13.277919863597612
stratford,2023-03-01,12.0,0,1.1151284344775295e-05,13.277919863597612
lakehurst,2023-03-01,12.0,0,1.1151284344775295e-05,13.277919863597612
danbury,2023-03-01,12.0,0,1.1151284344775295e-05,13.277919863597612
genting,2023-03-01,12.0,0,1.1151284344775295e-05,13.277919863597612
lawrence,2023-03-01,12.0,0,1.1151284344775295e-05,13.277919863597612
lake_charles,2023-03-01,12.0,0,1.1151284344775295e-05,13.277919863597612
presidio,2023-03-01,12.0,0,1.1151284344775295e-05,13.277919863597612
bismarck,2023-03-01,12.0,0,1.1151284344775295e-05,13.277919863597612
westhampton,2023-03-01,12.0,0,1.1151284344775295e-05,13.277919863597612
anacortes,2023-03-01,12.0,0,1.1151284344775295e-05,13.277919863597612
warroad,2023-03-01,12.0,0,1.1151284344775295e-05,13.277919863597612
lebanon,2023-03-01,12.0,0,1.1151284344775295e-05,13.277919863597612
bristol:johnson:kingsport,2023-03-01,12.0,0,1.1151284344775295e-05,13.277919863597612
yakima,2023-03-01,12.0,0,1.1151284344775295e-05,13.277919863597612
queensbury,2023-03-01,12.0,0,1.1151284344775295e-05,13.277919863597612
groton,2023-03-01,12.0,0,1.1151284344775295e-05,13.277919863597612
guam,2023-03-01,12.0,0,1.1151284344775295e-05,13.277919863597612
coatesville,2023-03-01,12.0,0,1.1151284344775295e-05,13.277919863597612
punta_gorda,2023-03-01,12.0,0,1.1151284344775295e-05,13.277919863597612
rifle,2023-03-01,12.0,0,1.1151284344775295e-05,13.277919863597612
provo,2023-03-01,12.0,0,1.1151284344775295e-05,13.277919863597612
gulf_shores,2023-03-01,12.0,0,1.1151284344775295e-05,13.277919863597612
bridgeport_ct,2023-03-01,12.0,0,1.1151284344775295e-05,13.277919863597612
beaufort,2023-03-01,12.0,0,1.1151284344775295e-05,13.277919863597612
roanoke,2023-03-01,12.0,0,1.1151284344775295e-05,13.277919863597612
decatur,2023-03-01,12.0,0,1.1151284344775295e-05,13.277919863597612
lexington,2023-03-01,12.0,0,1.1151284344775295e-05,13.277919863597612
hagerstown,2023-03-01,12.0,0,1.1151284344775295e-05,13.277919863597612
arlington,2023-03-01,12.0,0,1.1151284344775295e-05,13.277919863597612
la_verne,2023-03-01,12.0,0,1.1151284344775295e-05,13.277919863597612
olathe,2023-03-01,12.0,0,1.1151284344775295e-05,13.277919863597612
tokeen,2023-03-01,12.0,0,1.1151284344775295e-05,13.277919863597612
elmira,2023-03-01,12.0,0,1.1151284344775295e-05,13.277919863597612
belmar:farmingdale,2023-03-01,12.0,0,1.1151284344775295e-05,13.277919863597612
jacksn_hole,2023-03-01,12.0,0,1.1151284344775295e-05,13.277919863597612
tallahassee,2023-03-01,12.0,0,1.1151284344775295e-05,13.277919863597612
belmar,2023-03-01,12.0,0,1.1151284344775295e-05,13.277919863597612
evansville,2023-03-01,12.0,0,1.1151284344775295e-05,13.277919863597612
unalaska,2023-03-01,12.0,0,1.1151284344775295e-05,13.277919863597612
augusta,2023-03-01,12.0,0,1.1151284344775295e-05,13.277919863597612
the_valley,2023-03-01,12.0,0,1.1151284344775295e-05,13.277919863597612
olympia,2023-03-01,12.0,0,1.1151284344775295e-05,13.277919863597612
oroville,2023-03-01,12.0,0,1.1151284344775295e-05,13.277919863597612
rome,2023-03-01,12.0,0,1.1151284344775295e-05,13.277919863597612
fairhope,2023-03-01,12.0,0,1.1151284344775295e-05,13.277919863597612
holland,2023-03-01,12.0,0,1.1151284344775295e-05,13.277919863597612
hopkinsville,2023-03-01,12.0,0,1.1151284344775295e-05,13.277919863597612
valparaiso,2023-03-01,12.0,0,1.1151284344775295e-05,13.277919863597612
beverly,2023-03-01,12.0,0,1.1151284344775295e-05,13.277919863597612
fayetteville,2023-03-01,12.0,0,1.1151284344775295e-05,13.277919863597612
porthill,2023-03-01,12.0,0,1.1151284344775295e-05,13.277919863597612
north_kingstown,2023-03-01,12.0,0,1.1151284344775295e-05,13.277919863597612
whidbey_island,2023-03-01,12.0,0,1.1151284344775295e-05,13.277919863597612
key_largo,2023-03-01,12.0,0,1.1151284344775295e-05,13.277919863597612
dover,2023-03-01,12.0,0,1.1151284344775295e-05,13.277919863597612
hailey,2023-03-01,12.0,0,1.1151284344775295e-05,13.277919863597612
kenosha,2023-03-01,12.0,0,1.1151284344775295e-05,13.277919863597612
athens,2023-03-01,12.0,0,1.1151284344775295e-05,13.277919863597612
santa_rosa,2023-03-01,12.0,0,1.1151284344775295e-05,13.277919863597612
hayden,2023-03-01,12.0,0,1.1151284344775295e-05,13.277919863597612
kenmore,2023-03-01,12.0,0,1.1151284344775295e-05,13.277919863597612
shreveport,2023-03-01,12.0,0,1.1151284344775295e-05,13.277919863597612
panama_city,2023-03-01,12.0,0,1.1151284344775295e-05,13.277919863597612
pine_mountain,2023-03-01,12.0,0,1.1151284344775295e-05,13.277919863597612
rosewell,2023-03-01,12.0,0,1.1151284344775295e-05,13.277919863597612
fulshear,2023-03-01,12.0,0,1.1151284344775295e-05,13.277919863597612
schenectady,2023-03-01,12.0,0,1.1151284344775295e-05,13.277919863597612
revelstoke,2023-03-01,12.0,0,1.1151284344775295e-05,13.277919863597612
baudette,2023-03-01,12.0,0,1.1151284344775295e-05,13.277919863597612
calliano,2023-03-01,12.0,0,1.1151284344775295e-05,13.277919863597612
marco_island,2023-03-01,12.0,0,1.1151284344775295e-05,13.277919863597612
renton,2023-03-01,12.0,0,1.1151284344775295e-05,13.277919863597612
redlands,2023-03-01,12.0,0,1.1151284344775295e-05,13.277919863597612
richmond_heights,2023-03-01,12.0,0,1.1151284344775295e-05,13.277919863597612
waukesha,2023-03-01,12.0,0,1.1151284344775295e-05,13.277919863597612
merritt_island,2023-03-01,12.0,0,1.1151284344775295e-05,13.277919863597612
butte,2023-03-01,12.0,0,1.1151284344775295e-05,13.277919863597612
manistee,2023-03-01,12.0,0,1.1151284344775295e-05,13.277919863597612
mountain_view,2023-03-01,12.0,0,1.1151284344775295e-05,13.277919863597612
mayport,2023-03-01,12.0,0,1.1151284344775295e-05,13.277919863597612
burbank,2023-03-01,12.0,0,1.1151284344775295e-05,13.277919863597612
saranac_lake,2023-03-01,12.0,0,1.1151284344775295e-05,13.277919863597612
middletown,2023-03-01,12.0,0,1.1151284344775295e-05,13.277919863597612
champaign,2023-03-01,12.0,0,1.1151284344775295e-05,13.277919863597612
monroe,2023-03-01,12.0,0,1.1151284344775295e-05,13.277919863597612
aiken,2023-03-01,12.0,0,1.1151284344775295e-05,13.277919863597612
chicopee_falls,2023-03-01,12.0,0,1.1151284344775295e-05,13.277919863597612
orlando,2023-08-01,12.0,0,1.0796770378278552e-05,12.777067348678603
san_francisco,2023-06-01,12.0,0,1.0760156519786307e-05,12.766410912190965
atlanta,2023-08-01,12.0,0,1.074047277927004e-05,12.755754475703323
dallas,2023-08-01,12.0,0,1.0611082014063777e-05,12.745098039215685
washington,2023-08-01,12.0,0,1.0605456895539663e-05,12.734441602728047
orlando,2023-07-01,12.0,0,1.0561021984601632e-05,12.72378516624041
dallas,2023-07-01,12.0,0,1.014231952505157e-05,12.713128729752771
washington,2023-07-01,12.0,0,1.0121472808313534e-05,12.702472293265131
atlanta,2023-07-01,12.0,0,9.882255438542967e-06,12.691815856777493
newark,2023-06-01,12.0,0,9.721719703727772e-06,12.681159420289855
fort_lauderdale,2023-08-01,12.0,0,9.704022074512396e-06,12.670502983802217
boston,2023-08-01,12.0,0,9.593944361104477e-06,12.65984654731458
chicago,2023-06-01,12.0,0,9.519630840887225e-06,12.649190110826938
fort_lauderdale,2023-07-01,12.0,0,9.43682389515607e-06,12.6385336743393
boston,2023-07-01,12.0,0,9.235357387291867e-06,12.627877237851662
seattle,2023-08-01,12.0,0,9.076250003734988e-06,12.617220801364024
houston,2023-06-01,12.0,0,8.89122926306537e-06,12.606564364876386
seattle,2023-07-01,12.0,0,8.861913794318834e-06,12.595907928388748
honolulu,2023-08-01,12.0,0,8.80454618404304e-06,12.58525149190111
las_vegas,2023-08-01,12.0,0,8.624750572426623e-06,12.57459505541347
las_vegas,2023-07-01,12.0,0,8.472499930844065e-06,12.563938618925832
honolulu,2023-07-01,12.0,0,8.38204861876383e-06,12.553282182438194
washington,2023-06-01,12.0,0,8.184631527479725e-06,12.542625745950552
dallas,2023-06-01,12.0,0,8.108726301995398e-06,12.531969309462914
orlando,2023-06-01,12.0,0,7.974054787984301e-06,12.521312872975276
atlanta,2023-06-01,12.0,0,7.971026262015966e-06,12.510656436487638
denver,2023-08-01,12.0,0,7.750564530117601e-06,12.5
boston,2023-06-01,12.0,0,7.742915438292599e-06,12.489343563512362
agana,2023-08-01,12.0,0,7.728062441409017e-06,12.478687127024724
denver,2023-07-01,12.0,0,7.5629161608368e-06,12.468030690537084
fort_lauderdale,2023-06-01,12.0,0,7.547166380619939e-06,12.457374254049446
detroit,2023-08-01,12.0,0,7.5172060509322186e-06,12.446717817561808
philadelphia,2023-08-01,12.0,0,7.4642515929871225e-06,12.436061381074168
charlotte,2023-08-01,12.0,0,7.441246030430753e-06,12.42540494458653
detroit,2023-07-01,12.0,0,7.4069819574250564e-06,12.41474850809889
minneapolis,2023-08-01,12.0,0,7.371471318633548e-06,12.404092071611252
agana,2023-07-01,12.0,0,7.368991794931047e-06,12.393435635123614
seattle,2023-06-01,12.0,0,7.299859127953486e-06,12.382779198635976
las_vegas,2023-06-01,12.0,0,7.278916927837129e-06,12.372122762148338
philadelphia,2023-07-01,12.0,0,7.274801841315068e-06,12.361466325660698
minneapolis,2023-07-01,12.0,0,7.274469583427484e-06,12.35080988917306
charlotte,2023-07-01,12.0,0,7.247784653954547e-06,12.340153452685422
phoenix,2023-08-01,12.0,0,7.095375329612357e-06,12.329497016197784
tampa,2023-08-01,12.0,0,7.05861380675723e-06,12.318840579710146
honolulu,2023-06-01,12.0,0,7.05456257885699e-06,12.308184143222507
phoenix,2023-07-01,12.0,0,7.03152214577044e-06,12.297527706734869
tampa,2023-07-01,12.0,0,7.013224547684473e-06,12.286871270247229
san_diego,2023-08-01,12.0,0,7.006532308296861e-06,12.27621483375959
saipan,2023-08-01,12.0,0,6.99980746626704e-06,12.265558397271953
saipan,2023-07-01,12.0,0,6.991757079405737e-06,12.254901960784313
san_diego,2023-07-01,12.0,0,6.9758628021782555e-06,12.244245524296675
melbourne,2023-08-01,12.0,0,6.947138240223276e-06,12.233589087809037
salt_lake_city,2023-08-01,12.0,0,6.922687362049234e-06,12.222932651321399
melbourne,2023-07-01,12.0,0,6.917676516194797e-06,12.21227621483376
san_antonio,2023-07-01,12.0,0,6.9084737304702975e-06,12.20161977834612
salt_lake_city,2023-07-01,12.0,0,6.897308241954759e-06,12.190963341858483
san_antonio,2023-08-01,12.0,0,6.8868895916964476e-06,12.180306905370845
portland,2023-08-01,12.0,0,6.876976957040391e-06,12.169650468883205
portland,2023-07-01,12.0,0,6.862658407237104e-06,12.158994032395567
austin,2023-08-01,12.0,0,6.854017454684319e-06,12.148337595907927
san_jose,2023-08-01,12.0,0,6.841034507001188e-06,12.13768115942029
austin,2023-07-01,12.0,0,6.840394387673534e-06,12.127024722932651
san_juan,2023-08-01,12.0,0,6.836752943899721e-06,12.116368286445013
san_jose,2023-07-01,12.0,0,6.822100146420703e-06,12.105711849957375
baltimore,2023-08-01,12.0,0,6.815415659139093e-06,12.095055413469735
nashville,2023-07-01,12.0,0,6.812060694904931e-06,12.084398976982097
nashville,2023-08-01,12.0,0,6.811969632934231e-06,12.07374254049446
san_juan,2023-07-01,12.0,0,6.808123376656394e-06,12.063086104006821
baltimore,2023-07-01,12.0,0,6.797014068737434e-06,12.052429667519181
oakland,2023-07-01,12.0,0,6.779024636686315e-06,12.041773231031543
oakland,2023-08-01,12.0,0,6.77858664953696e-06,12.031116794543903
kahului,2023-07-01,12.0,0,6.775876289693307e-06,12.020460358056265
ontario,2023-08-01,12.0,0,6.764849745437683e-06,12.009803921568627
ontario,2023-07-01,12.0,0,6.762167477043408e-06,11.99914748508099
anchorage,2023-08-01,12.0,0,6.761271113280699e-06,11.98849104859335
anchorage,2023-07-01,12.0,0,6.754601080626694e-06,11.977834612105712
raleigh,2023-08-01,12.0,0,6.75393142985197e-06,11.967178175618074
sacramento,2023-08-01,12.0,0,6.745923341604937e-06,11.956521739130435
raleigh,2023-07-01,12.0,0,6.743962245091659e-06,11.945865302642797
sacramento,2023-07-01,12.0,0,6.742181973178654e-06,11.935208866155158
fresno,2023-07-01,12.0,0,6.737992302485647e-06,11.92455242966752
laguna_beach,2023-08-01,12.0,0,6.736281143357683e-06,11.913895993179882
fresno,2023-08-01,12.0,0,6.734142805535547e-06,11.903239556692242
laguna_beach,2023-07-01,12.0,0,6.7284064123671284e-06,11.892583120204604
fort_myers,2023-07-01,12.0,0,6.725363984888455e-06,11.881926683716964
fort_myers,2023-08-01,12.0,0,6.724996888414065e-06,11.871270247229326
new_orleans,2023-07-01,12.0,0,6.721184765089972e-06,11.860613810741688
kahului,2023-08-01,12.0,0,6.7175618820416125e-06,11.84995737425405
new_orleans,2023-08-01,12.0,0,6.706376221612315e-06,11.839300937766412
cincinnati,2023-08-01,12.0,0,6.6968427707046585e-06,11.828644501278772
palm_springs,2023-08-01,12.0,0,6.692211590452244e-06,11.817988064791134
palm_springs,2023-07-01,12.0,0,6.6912946836078225e-06,11.807331628303496
pittsburgh,2023-08-01,12.0,0,6.6886490309201505e-06,11.796675191815858
st._louis,2023-08-01,12.0,0,6.686861013325996e-06,11.786018755328218
cincinnati,2023-07-01,12.0,0,6.686227871719901e-06,11.77536231884058
st._louis,2023-07-01,12.0,0,6.68355444074292e-06,11.76470588235294
cleveland,2023-08-01,12.0,0,6.679006852858333e-06,11.754049445865302
pittsburgh,2023-07-01,12.0,0,6.6787836467479365e-06,11.743393009377664
kona,2023-08-01,12.0,0,6.677704922365796e-06,11.732736572890026
cleveland,2023-07-01,12.0,0,6.6723287791073326e-06,11.722080136402386
newburgh,2023-08-01,12.0,0,6.671540939419413e-06,11.711423699914748
newburgh,2023-07-01,12.0,0,6.670396507882881e-06,11.70076726342711
reno,2023-08-01,12.0,0,6.66870994402149e-06,11.690110826939472
hartford,2023-08-01,12.0,0,6.667157493559314e-06,11.679454390451834
indianapolis,2023-07-01,12.0,0,6.666451953735971e-06,11.668797953964194
reno,2023-07-01,12.0,0,6.665768765280706e-06,11.658141517476556
indianapolis,2023-08-01,12.0,0,6.665427197308868e-06,11.647485080988918
brownsville,2023-07-01,12.0,0,6.663133205216016e-06,11.636828644501279
hartford,2023-07-01,12.0,0,6.662732394443471e-06,11.62617220801364
columbus,2023-08-01,12.0,0,6.661055188726382e-06,11.615515771526
columbus,2023-07-01,12.0,0,6.660031261881442e-06,11.604859335038363
kansas_city,2023-08-01,12.0,0,6.659741919778634e-06,11.594202898550725
kona,2023-07-01,12.0,0,6.65864401795348e-06,11.583546462063087
kansas_city,2023-07-01,12.0,0,6.65817672277505e-06,11.572890025575447
brownsville,2023-08-01,12.0,0,6.658117386051405e-06,11.562233589087809
teterboro,2023-08-01,12.0,0,6.6564784181224945e-06,11.55157715260017
teterboro,2023-07-01,12.0,0,6.6558852260258325e-06,11.540920716112533
west_palm_beach,2023-08-01,12.0,0,6.654928815113303e-06,11.530264279624895
fairbanks,2023-08-01,12.0,0,6.654817613461691e-06,11.519607843137255
mcallen,2023-07-01,12.0,0,6.6532758087413595e-06,11.508951406649617
fairbanks,2023-07-01,12.0,0,6.652282719894992e-06,11.498294970161977
atlantic_city,2023-07-01,12.0,0,6.650860044973827e-06,11.487638533674339
st._thomas_island,2023-08-01,12.0,0,6.650534058158928e-06,11.476982097186701
st._thomas_island,2023-07-01,12.0,0,6.650497015213704e-06,11.466325660699061
west_palm_beach,2023-07-01,12.0,0,6.650408112986983e-06,11.455669224211423
providence,2023-07-01,12.0,0,6.650311803582479e-06,11.445012787723785
mcallen,2023-08-01,12.0,0,6.649941395793912e-06,11.434356351236147
laredo,2023-08-01,12.0,0,6.649504341138787e-06,11.423699914748509
providence,2023-08-01,12.0,0,6.649356193537432e-06,11.41304347826087
bedford,2023-08-01,12.0,0,6.6492450850024765e-06,11.402387041773231
laredo,2023-07-01,12.0,0,6.64840812704513e-06,11.391730605285593
kenmore,2023-07-01,12.0,0,6.648134101760075e-06,11.381074168797953
white_plains,2023-08-01,12.0,0,6.648074854534828e-06,11.370417732310315
atlantic_city,2023-08-01,12.0,0,6.648015607837584e-06,11.359761295822675
west_hampton_beach,2023-07-01,12.0,0,6.647971173161156e-06,11.349104859335037
bedford,2023-07-01,12.0,0,6.647911927387906e-06,11.327791986359761
bangor,2023-07-01,12.0,0,6.647911927387906e-06,11.327791986359761
buffalo,2023-08-01,12.0,0,6.647911927387906e-06,11.327791986359761
bangor,2023-08-01,12.0,0,6.64779343742537e-06,11.306479113384484
tuscon,2023-07-01,12.0,0,6.647741598730866e-06,11.295822676896845
vail,2023-08-01,12.0,0,6.647719382271254e-06,11.285166240409207
white_plains,2023-07-01,12.0,0,6.647623111804206e-06,11.27450980392157
west_hampton_beach,2023-08-01,12.0,0,6.647600895740572e-06,11.263853367433931
vail,2023-07-01,12.0,0,6.647556463836038e-06,11.253196930946292
el_paso,2023-07-01,12.0,0,6.647415764764223e-06,11.237212276214834
kendall-tamiami,2023-07-01,12.0,0,6.647415764764223e-06,11.237212276214834
kendall-tamiami,2023-08-01,12.0,0,6.647363929014754e-06,11.221227621483376
tuscon,2023-08-01,12.0,0,6.64734911887487e-06,11.210571184995738
north_kingstown,2023-07-01,12.0,0,6.6471639949103284e-06,11.199914748508098
kalispell,2023-07-01,12.0,0,6.647104756330536e-06,11.18925831202046
buffalo,2023-07-01,12.0,0,6.647008494764334e-06,11.178601875532822
kalispell,2023-08-01,12.0,0,6.646919639171306e-06,11.162617220801364
camp_springs,2023-08-01,12.0,0,6.646919639171306e-06,11.162617220801364
conroe,2023-08-01,12.0,0,6.64688261635812e-06,11.146632566069906
jacksonville,2023-08-01,12.0,0,6.646867807290577e-06,11.135976129582268
appleton,2023-07-01,12.0,0,6.646845593751136e-06,11.12531969309463
scottsdale,2023-07-01,12.0,0,6.646823380285933e-06,11.11466325660699
kenmore,2023-08-01,12.0,0,6.646801166894966e-06,11.098678601875534
el_paso,2023-08-01,12.0,0,6.646801166894966e-06,11.098678601875534
nome,2023-07-01,12.0,0,6.646793762447804e-06,11.082693947144074
van_nuys,2023-07-01,12.0,0,6.64678635800889e-06,11.072037510656436
vail:eagle,2023-08-01,12.0,0,6.646771549155818e-06,11.061381074168798
conroe,2023-07-01,12.0,0,6.646756740335729e-06,11.05072463768116
north_kingstown,2023-08-01,12.0,0,6.646741931548645e-06,11.04006820119352
harlingen,2023-07-01,12.0,0,6.646616058190487e-06,11.029411764705882
windsor_locks,2023-08-01,12.0,0,6.64657163286851e-06,11.018755328218244
vail:eagle,2023-07-01,12.0,0,6.6465049954422844e-06,11.002770673486786
pontiac,2023-08-01,12.0,0,6.6465049954422844e-06,11.002770673486786
midland,2023-07-01,12.0,0,6.646497591325064e-06,10.986786018755328
burlington,2023-07-01,12.0,0,6.646475379022858e-06,10.976129582267689
boise,2023-07-01,12.0,0,6.646453166794896e-06,10.96547314578005
rochester,2023-07-01,12.0,0,6.646423550606415e-06,10.954816709292412
nome,2023-08-01,12.0,0,6.646408742561669e-06,10.944160272804774
jacksonville,2023-07-01,12.0,0,6.646393934549903e-06,10.928175618073316
midland,2023-08-01,12.0,0,6.646393934549903e-06,10.928175618073316
scottsdale,2023-08-01,12.0,0,6.6463569146648495e-06,10.912190963341859
friday_harbor,2023-08-01,12.0,0,6.646327298905262e-06,10.90153452685422
sugar_land,2023-07-01,12.0,0,6.646260663928688e-06,10.885549872122763
friday_harbor,2023-07-01,12.0,0,6.646260663928688e-06,10.885549872122763
burlington,2023-08-01,12.0,0,6.646231048597988e-06,10.864236999147485
bellingham,2023-08-01,12.0,0,6.646231048597988e-06,10.864236999147485
carlsbad,2023-08-01,12.0,0,6.6462236447859295e-06,10.848252344416027
van_nuys,2023-08-01,12.0,0,6.646216240982131e-06,10.837595907928389
yakutat,2023-07-01,12.0,0,6.646208837186568e-06,10.82161125319693
barnstable,2023-07-01,12.0,0,6.646208837186568e-06,10.82161125319693
albany,2023-08-01,12.0,0,6.646179222086805e-06,10.805626598465473
bellingham,2023-07-01,12.0,0,6.646171818332481e-06,10.794970161977835
greenville,2023-08-01,12.0,0,6.646157010848586e-06,10.784313725490197
carlsbad,2023-07-01,12.0,0,6.646134799684597e-06,10.773657289002557
sugar_land,2023-08-01,12.0,0,6.646119992283168e-06,10.757672634271099
spokane,2023-07-01,12.0,0,6.646119992283168e-06,10.757672634271099
pontiac,2023-07-01,12.0,0,6.646112588594824e-06,10.741687979539643
spokane,2023-08-01,12.0,0,6.646090377579292e-06,10.731031543052003
barnstable,2023-08-01,12.0,0,6.646082973923939e-06,10.720375106564365
casper,2023-08-01,12.0,0,6.646053359385027e-06,10.709718670076725
harlingen,2023-08-01,12.0,0,6.646038552165044e-06,10.699062233589087
casper,2023-07-01,12.0,0,6.6460163413969386e-06,10.68840579710145
syracuse,2023-07-01,12.0,0,6.646008937824061e-06,10.677749360613811
sarasota,2023-07-01,12.0,0,6.64599413070306e-06,10.667092924126171
toledo,2023-07-01,12.0,0,6.645986727154925e-06,10.651108269394713
green_bay,2023-07-01,12.0,0,6.645986727154925e-06,10.651108269394713
rochester,2023-08-01,12.0,0,6.645971920083397e-06,10.635123614663257
fargo,2023-07-01,12.0,0,6.645964516560016e-06,10.62446717817562
saginlaw,2023-07-01,12.0,0,6.645957113044871e-06,10.61381074168798
norfolk,2023-07-01,12.0,0,6.645949709537973e-06,10.603154305200341
greenville,2023-07-01,12.0,0,6.645942306039334e-06,10.592497868712702
westhampton,2023-08-01,12.0,0,6.645934902548931e-06,10.581841432225064
minot,2023-07-01,12.0,0,6.645927499066775e-06,10.555200341005968
toledo,2023-08-01,12.0,0,6.645927499066775e-06,10.555200341005968
duluth,2023-07-01,12.0,0,6.645927499066775e-06,10.555200341005968
windsor_locks,2023-07-01,12.0,0,6.645927499066775e-06,10.555200341005968
albany,2023-07-01,12.0,0,6.645920095592867e-06,10.528559249786872
naples,2023-07-01,12.0,0,6.645905288669804e-06,10.517902813299234
bozeman,2023-07-01,12.0,0,6.645897885220638e-06,10.496589940323956
charleston,2023-08-01,12.0,0,6.645897885220638e-06,10.496589940323956
st._thomas,2023-08-01,12.0,0,6.645897885220638e-06,10.496589940323956
fargo,2023-08-01,12.0,0,6.645883078347059e-06,10.47527706734868
richmond,2023-08-01,12.0,0,6.645868271506457e-06,10.46462063086104
boca_raton,2023-07-01,12.0,0,6.645860868098528e-06,10.448635976129582
broomdield-co,2023-08-01,12.0,0,6.645860868098528e-06,10.448635976129582
grant_county_airport,2023-07-01,12.0,0,6.645846061307422e-06,10.432651321398124
norfolk,2023-08-01,12.0,0,6.645838657924234e-06,10.421994884910486
tulsa,2023-08-01,12.0,0,6.645831254549305e-06,10.39535379369139
rogers,2023-08-01,12.0,0,6.645831254549305e-06,10.39535379369139
boca_raton,2023-08-01,12.0,0,6.645831254549305e-06,10.39535379369139
wichita,2023-07-01,12.0,0,6.645831254549305e-06,10.39535379369139
north_platte,2023-08-01,12.0,0,6.645823851182612e-06,10.368712702472294
memphis,2023-07-01,12.0,0,6.6458164478241665e-06,10.347399829497016
naples,2023-08-01,12.0,0,6.6458164478241665e-06,10.347399829497016
greensboro,2023-07-01,12.0,0,6.6458164478241665e-06,10.347399829497016
boise,2023-08-01,12.0,0,6.645809044473968e-06,10.32075873827792
aguadilla,2023-08-01,12.0,0,6.645809044473968e-06,10.32075873827792
aguadilla,2023-07-01,12.0,0,6.645801641132027e-06,10.304774083546462
savannah,2023-08-01,12.0,0,6.645786834472867e-06,10.288789428815004
grand_rapids,2023-08-01,12.0,0,6.645786834472867e-06,10.288789428815004
addison,2023-07-01,12.0,0,6.645779431155656e-06,10.25149190110827
raleigh-durham,2023-08-01,12.0,0,6.645779431155656e-06,10.25149190110827
bozeman,2023-08-01,12.0,0,6.645779431155656e-06,10.25149190110827
fort_pierce,2023-07-01,12.0,0,6.645779431155656e-06,10.25149190110827
milwaukee,2023-08-01,12.0,0,6.645779431155656e-06,10.25149190110827
sarasota,2023-08-01,12.0,0,6.645772027846705e-06,10.208866155157716
juneau,2023-07-01,12.0,0,6.645772027846705e-06,10.208866155157716
minot,2023-08-01,12.0,0,6.645772027846705e-06,10.208866155157716
west_chicago,2023-08-01,12.0,0,6.64576462454599e-06,10.17156862745098
erie,2023-08-01,12.0,0,6.64576462454599e-06,10.17156862745098
great_falls,2023-07-01,12.0,0,6.64576462454599e-06,10.17156862745098
fort_worth,2023-08-01,12.0,0,6.64576462454599e-06,10.17156862745098
west_chicago,2023-07-01,12.0,0,6.6457498179693e-06,10.144927536231885
milwaukee,2023-07-01,12.0,0,6.645735011425611e-06,10.123614663256607
st._croix_island,2023-07-01,12.0,0,6.645735011425611e-06,10.123614663256607
sault_ste_marie,2023-07-01,12.0,0,6.645735011425611e-06,10.123614663256607
savannah,2023-07-01,12.0,0,6.645727608166131e-06,10.096973572037511
colorado_springs,2023-08-01,12.0,0,6.645727608166131e-06,10.096973572037511
charleston,2023-07-01,12.0,0,6.6457202049149105e-06,10.075660699062233
erie,2023-07-01,12.0,0,6.6457202049149105e-06,10.075660699062233
wichita,2023-08-01,12.0,0,6.645712801671925e-06,10.054347826086957
rogers,2023-07-01,12.0,0,6.645712801671925e-06,10.054347826086957
portsmouth,2023-08-01,12.0,0,6.645705398437187e-06,10.03303495311168
fort_worth,2023-07-01,12.0,0,6.645705398437187e-06,10.03303495311168
fort_wayne,2023-07-01,12.0,0,6.645697995210695e-06,10.001065643648763
knoxville,2023-08-01,12.0,0,6.645697995210695e-06,10.001065643648763
coeur_d'alene,2023-07-01,12.0,0,6.645697995210695e-06,10.001065643648763
port_huron,2023-07-01,12.0,0,6.645697995210695e-06,10.001065643648763
juneau,2023-08-01,12.0,0,6.6456905919924634e-06,9.974424552429667
tulsa,2023-07-01,12.0,0,6.645683188782466e-06,9.95843989769821
houma,2023-08-01,12.0,0,6.645683188782466e-06,9.95843989769821
dallas-fort_worth,2023-08-01,12.0,0,6.645675785580716e-06,9.942455242966751
santa_teresa,2023-08-01,12.0,0,6.645660979201969e-06,9.915814151747655
omaha,2023-08-01,12.0,0,6.645660979201969e-06,9.915814151747655
dayton,2023-08-01,12.0,0,6.645660979201969e-06,9.915814151747655
lexington_ky,2023-08-01,12.0,0,6.645660979201969e-06,9.915814151747655
memphis,2023-08-01,12.0,0,6.64565357602496e-06,9.883844842284741
stuart,2023-08-01,12.0,0,6.64565357602496e-06,9.883844842284741
richmond,2023-07-01,12.0,0,6.645646172856198e-06,9.867860187553282
wilmington,2023-08-01,12.0,0,6.645638769695683e-06,9.857203751065644
grand_forks,2023-07-01,12.0,0,6.6456313665434276e-06,9.846547314578006
great_falls,2023-08-01,12.0,0,6.645623963399407e-06,9.81457800511509
des_moines,2023-07-01,12.0,0,6.645623963399407e-06,9.81457800511509
harrisburg,2023-08-01,12.0,0,6.645623963399407e-06,9.81457800511509
louisville,2023-07-01,12.0,0,6.645623963399407e-06,9.81457800511509
santa_teresa,2023-07-01,12.0,0,6.645623963399407e-06,9.81457800511509
fairfield,2023-07-01,12.0,0,6.645616560263633e-06,9.782608695652174
portsmouth,2023-07-01,12.0,0,6.645609157136119e-06,9.766624040920716
broomdield-co,2023-07-01,12.0,0,6.645609157136119e-06,9.766624040920716
everett,2023-07-01,12.0,0,6.645601754016839e-06,9.7346547314578
scranton,2023-08-01,12.0,0,6.645601754016839e-06,9.7346547314578
niagara_falls,2023-07-01,12.0,0,6.645601754016839e-06,9.7346547314578
columbia,2023-08-01,12.0,0,6.645601754016839e-06,9.7346547314578
coeur_d'alene,2023-08-01,12.0,0,6.645594350905806e-06,9.692028985507246
nantucket,2023-08-01,12.0,0,6.645594350905806e-06,9.692028985507246
port_clinton,2023-08-01,12.0,0,6.645594350905806e-06,9.692028985507246
sioux_falls,2023-08-01,12.0,0,6.645594350905806e-06,9.692028985507246
syracuse,2023-08-01,12.0,0,6.64558694780302e-06,9.66538789428815
chicago-wheeling,2023-08-01,12.0,0,6.645579544708493e-06,9.633418584825234
westhampton,2023-07-01,12.0,0,6.645579544708493e-06,9.633418584825234
moline,2023-07-01,12.0,0,6.645579544708493e-06,9.633418584825234
wilmington,2023-07-01,12.0,0,6.645579544708493e-06,9.633418584825234
st._thomas,2023-07-01,12.0,0,6.645579544708493e-06,9.633418584825234
sault_ste._marie,2023-07-01,12.0,0,6.645572141622201e-06,9.580136402387042
colorado_springs,2023-07-01,12.0,0,6.645572141622201e-06,9.580136402387042
omaha,2023-07-01,12.0,0,6.645572141622201e-06,9.580136402387042
international_falls,2023-08-01,12.0,0,6.645572141622201e-06,9.580136402387042
chicago-wheeling,2023-07-01,12.0,0,6.645572141622201e-06,9.580136402387042
springfield,2023-07-01,12.0,0,6.645564738544156e-06,9.510869565217392
manchester,2023-07-01,12.0,0,6.645564738544156e-06,9.510869565217392
lexington_ky,2023-07-01,12.0,0,6.645564738544156e-06,9.510869565217392
fort_pierce,2023-08-01,12.0,0,6.645564738544156e-06,9.510869565217392
farmingdale,2023-08-01,12.0,0,6.645564738544156e-06,9.510869565217392
oroville,2023-08-01,12.0,0,6.645564738544156e-06,9.510869565217392
port_huron,2023-08-01,12.0,0,6.645564738544156e-06,9.510869565217392
hillsboro,2023-08-01,12.0,0,6.645564738544156e-06,9.510869565217392
duluth,2023-08-01,12.0,0,6.645557335474358e-06,9.452259164535379
monterey,2023-08-01,12.0,0,6.645557335474358e-06,9.452259164535379
south_bend,2023-08-01,12.0,0,6.645557335474358e-06,9.452259164535379
key_west,2023-08-01,12.0,0,6.645549932412819e-06,9.414961636828645
oklahoma_city,2023-07-01,12.0,0,6.645549932412819e-06,9.414961636828645
akron,2023-07-01,12.0,0,6.645549932412819e-06,9.414961636828645
stuart,2023-07-01,12.0,0,6.645549932412819e-06,9.414961636828645
south_bend,2023-07-01,12.0,0,6.645542529359514e-06,9.367007672634271
dallas-fort_worth,2023-07-01,12.0,0,6.645542529359514e-06,9.367007672634271
winston-salem,2023-07-01,12.0,0,6.645542529359514e-06,9.367007672634271
sault_ste_marie,2023-08-01,12.0,0,6.645542529359514e-06,9.367007672634271
binghamton,2023-08-01,12.0,0,6.645542529359514e-06,9.367007672634271
yakutat,2023-08-01,12.0,0,6.6455351263144575e-06,9.329710144927535
birmingham,2023-07-01,12.0,0,6.6455351263144575e-06,9.329710144927535
addison,2023-08-01,12.0,0,6.645527723277646e-06,9.297740835464621
sioux_falls,2023-07-01,12.0,0,6.645527723277646e-06,9.297740835464621
little_rock,2023-07-01,12.0,0,6.645527723277646e-06,9.297740835464621
aspen,2023-08-01,12.0,0,6.645527723277646e-06,9.297740835464621
mesa,2023-08-01,12.0,0,6.645520320249095e-06,9.260443307757885
niagara_falls,2023-08-01,12.0,0,6.645520320249095e-06,9.260443307757885
peoria,2023-08-01,12.0,0,6.645520320249095e-06,9.260443307757885
appleton,2023-08-01,12.0,0,6.645512917228778e-06,9.207161125319693
monterey,2023-07-01,12.0,0,6.645512917228778e-06,9.207161125319693
hyannis,2023-08-01,12.0,0,6.645512917228778e-06,9.207161125319693
manassas,2023-07-01,12.0,0,6.645512917228778e-06,9.207161125319693
sault_ste._marie,2023-08-01,12.0,0,6.645512917228778e-06,9.207161125319693
leesburg,2023-07-01,12.0,0,6.645512917228778e-06,9.207161125319693
des_moines,2023-08-01,12.0,0,6.645512917228778e-06,9.207161125319693
renton,2023-07-01,12.0,0,6.645505514216709e-06,9.137894288150044
columbia,2023-07-01,12.0,0,6.645505514216709e-06,9.137894288150044
chattanooga,2023-08-01,12.0,0,6.645505514216709e-06,9.137894288150044
st._paul,2023-08-01,12.0,0,6.645505514216709e-06,9.137894288150044
hillsboro,2023-07-01,12.0,0,6.645505514216709e-06,9.137894288150044
nantucket,2023-07-01,12.0,0,6.645505514216709e-06,9.137894288150044
daytona_beach,2023-07-01,12.0,0,6.645498111212897e-06,9.068627450980392
plattsburgh,2023-08-01,12.0,0,6.645498111212897e-06,9.068627450980392
mankato,2023-08-01,12.0,0,6.645498111212897e-06,9.068627450980392
jackson,2023-08-01,12.0,0,6.645498111212897e-06,9.068627450980392
amarillo,2023-08-01,12.0,0,6.645498111212897e-06,9.068627450980392
santa_rosa,2023-07-01,12.0,0,6.645498111212897e-06,9.068627450980392
racine,2023-08-01,12.0,0,6.645498111212897e-06,9.068627450980392
grand_forks,2023-08-01,12.0,0,6.6454907082173215e-06,8.988704177323104
st._petersburg,2023-08-01,12.0,0,6.6454907082173215e-06,8.988704177323104
albuquerque,2023-08-01,12.0,0,6.6454907082173215e-06,8.988704177323104
louisville,2023-08-01,12.0,0,6.6454907082173215e-06,8.988704177323104
dover-cheswold,2023-07-01,12.0,0,6.6454907082173215e-06,8.988704177323104
huntsville,2023-08-01,12.0,0,6.6454907082173215e-06,8.988704177323104
trenton,2023-07-01,12.0,0,6.6454907082173215e-06,8.988704177323104
nogales,2023-08-01,12.0,0,6.6454907082173215e-06,8.988704177323104
raleigh-durham,2023-07-01,12.0,0,6.645483305229992e-06,8.92476555839727
manchester,2023-08-01,12.0,0,6.645483305229992e-06,8.92476555839727
dover-cheswold,2023-08-01,12.0,0,6.645483305229992e-06,8.92476555839727
weslaco,2023-07-01,12.0,0,6.645483305229992e-06,8.92476555839727
binghamton,2023-07-01,12.0,0,6.64547590225091e-06,8.876811594202898
everett,2023-08-01,12.0,0,6.64547590225091e-06,8.876811594202898
mobile,2023-07-01,12.0,0,6.64547590225091e-06,8.876811594202898
birmingham,2023-08-01,12.0,0,6.64547590225091e-06,8.876811594202898
key_west,2023-07-01,12.0,0,6.64547590225091e-06,8.876811594202898
nogales,2023-07-01,12.0,0,6.645468499280086e-06,8.812872975277067
kalamazoo,2023-07-01,12.0,0,6.645468499280086e-06,8.812872975277067
cutbank,2023-07-01,12.0,0,6.645468499280086e-06,8.812872975277067
international_falls,2023-07-01,12.0,0,6.645468499280086e-06,8.812872975277067
new_bedford,2023-08-01,12.0,0,6.645468499280086e-06,8.812872975277067
oroville,2023-07-01,12.0,0,6.645468499280086e-06,8.812872975277067
green_bay,2023-08-01,12.0,0,6.645468499280086e-06,8.812872975277067
camp_springs,2023-07-01,12.0,0,6.645461096317497e-06,8.743606138107417
grant_county_airport,2023-08-01,12.0,0,6.645461096317497e-06,8.743606138107417
san_bernardino,2023-08-01,12.0,0,6.645461096317497e-06,8.743606138107417
daytona_beach,2023-08-01,12.0,0,6.645461096317497e-06,8.743606138107417
racine,2023-07-01,12.0,0,6.645461096317497e-06,8.743606138107417
weslaco,2023-08-01,12.0,0,6.645461096317497e-06,8.743606138107417
st._petersburg,2023-07-01,12.0,0,6.645453693363155e-06,8.653026427962489
saratoga,2023-07-01,12.0,0,6.645453693363155e-06,8.653026427962489
greensboro,2023-08-01,12.0,0,6.645453693363155e-06,8.653026427962489
sitka,2023-07-01,12.0,0,6.645453693363155e-06,8.653026427962489
galveston,2023-07-01,12.0,0,6.645453693363155e-06,8.653026427962489
trenton,2023-08-01,12.0,0,6.645453693363155e-06,8.653026427962489
morristown,2023-08-01,12.0,0,6.645453693363155e-06,8.653026427962489
st._croix_island,2023-08-01,12.0,0,6.645453693363155e-06,8.653026427962489
st._augustine_airport,2023-07-01,12.0,0,6.645453693363155e-06,8.653026427962489
sheboygan,2023-08-01,12.0,0,6.645453693363155e-06,8.653026427962489
del_rio,2023-07-01,12.0,0,6.645453693363155e-06,8.653026427962489
bristol,2023-08-01,12.0,0,6.64544629041706e-06,8.535805626598465
farmingdale,2023-07-01,12.0,0,6.64544629041706e-06,8.535805626598465
beaumont,2023-07-01,12.0,0,6.64544629041706e-06,8.535805626598465
pasco,2023-08-01,12.0,0,6.64544629041706e-06,8.535805626598465
saginlaw,2023-08-01,12.0,0,6.64544629041706e-06,8.535805626598465
allentown,2023-08-01,12.0,0,6.64544629041706e-06,8.535805626598465
allentown,2023-07-01,12.0,0,6.64544629041706e-06,8.535805626598465
lewiston,2023-07-01,12.0,0,6.64544629041706e-06,8.535805626598465
morristown,2023-07-01,12.0,0,6.64544629041706e-06,8.535805626598465
mobile,2023-08-01,12.0,0,6.64544629041706e-06,8.535805626598465
ketchikan,2023-08-01,12.0,0,6.64544629041706e-06,8.535805626598465
moline,2023-08-01,12.0,0,6.645438887479223e-06,8.450554134697358
san_cristobal_de_las_casas,2023-08-01,12.0,0,6.645438887479223e-06,8.450554134697358
gary,2023-08-01,12.0,0,6.645438887479223e-06,8.450554134697358
mesa,2023-07-01,12.0,0,6.645438887479223e-06,8.450554134697358
arcata_ca,2023-08-01,12.0,0,6.645438887479223e-06,8.450554134697358
butte,2023-08-01,12.0,0,6.645431484549621e-06,8.381287297527706
anacortes,2023-08-01,12.0,0,6.645431484549621e-06,8.381287297527706
groton,2023-07-01,12.0,0,6.645431484549621e-06,8.381287297527706
sheboygan,2023-07-01,12.0,0,6.645431484549621e-06,8.381287297527706
islip,2023-07-01,12.0,0,6.645431484549621e-06,8.381287297527706
ketchikan,2023-07-01,12.0,0,6.645431484549621e-06,8.381287297527706
myrtle_beach,2023-08-01,12.0,0,6.645431484549621e-06,8.381287297527706
moses_lake,2023-08-01,12.0,0,6.645431484549621e-06,8.381287297527706
elko,2023-08-01,12.0,0,6.645424081628267e-06,8.264066496163682
helena,2023-08-01,12.0,0,6.645424081628267e-06,8.264066496163682
bristol,2023-07-01,12.0,0,6.645424081628267e-06,8.264066496163682
pinecreek,2023-07-01,12.0,0,6.645424081628267e-06,8.264066496163682
st._paul,2023-07-01,12.0,0,6.645424081628267e-06,8.264066496163682
clinton,2023-08-01,12.0,0,6.645424081628267e-06,8.264066496163682
huntsville,2023-07-01,12.0,0,6.645424081628267e-06,8.264066496163682
islip,2023-08-01,12.0,0,6.645424081628267e-06,8.264066496163682
quonset_point,2023-08-01,12.0,0,6.645424081628267e-06,8.264066496163682
dayton,2023-07-01,12.0,0,6.645424081628267e-06,8.264066496163682
presque_isle,2023-07-01,12.0,0,6.645424081628267e-06,8.264066496163682
hunter_aaf,2023-07-01,12.0,0,6.645424081628267e-06,8.264066496163682
hyannis,2023-07-01,12.0,0,6.645424081628267e-06,8.264066496163682
bakersfield,2023-07-01,12.0,0,6.645424081628267e-06,8.264066496163682
aspen,2023-07-01,12.0,0,6.645416678715159e-06,8.077578857630009
kenosha,2023-08-01,12.0,0,6.645416678715159e-06,8.077578857630009
ithaca,2023-08-01,12.0,0,6.645416678715159e-06,8.077578857630009
sitka,2023-08-01,12.0,0,6.645416678715159e-06,8.077578857630009
harrisburg,2023-07-01,12.0,0,6.645416678715159e-06,8.077578857630009
sanford,2023-07-01,12.0,0,6.645416678715159e-06,8.077578857630009
marathon,2023-08-01,12.0,0,6.645416678715159e-06,8.077578857630009
hailey,2023-07-01,12.0,0,6.645416678715159e-06,8.077578857630009
battle_creek,2023-07-01,12.0,0,6.645416678715159e-06,8.077578857630009
gillette,2023-07-01,12.0,0,6.645416678715159e-06,8.077578857630009
el_centro,2023-08-01,12.0,0,6.645416678715159e-06,8.077578857630009
vineyard_haven,2023-08-01,12.0,0,6.645416678715159e-06,8.077578857630009
renton,2023-08-01,12.0,0,6.645416678715159e-06,8.077578857630009
macon,2023-07-01,12.0,0,6.645416678715159e-06,8.077578857630009
groton,2023-08-01,12.0,0,6.645416678715159e-06,8.077578857630009
port_clinton,2023-07-01,12.0,0,6.645416678715159e-06,8.077578857630009
branson,2023-07-01,12.0,0,6.645416678715159e-06,8.077578857630009
guadalajara,2023-07-01,12.0,0,6.645416678715159e-06,8.077578857630009
scranton,2023-07-01,12.0,0,6.645416678715159e-06,8.077578857630009
leesburg,2023-08-01,12.0,0,6.645416678715159e-06,8.077578857630009
dunseith,2023-07-01,12.0,0,6.645416678715159e-06,8.077578857630009
ceiba,2023-07-01,12.0,0,6.645409275810309e-06,7.92306052855925
oklahoma_city,2023-08-01,12.0,0,6.645409275810309e-06,7.92306052855925
frenchville,2023-07-01,12.0,0,6.645409275810309e-06,7.92306052855925
plattsburgh,2023-07-01,12.0,0,6.645409275810309e-06,7.92306052855925
butte,2023-07-01,12.0,0,6.645409275810309e-06,7.92306052855925
knoxville,2023-07-01,12.0,0,6.645409275810309e-06,7.92306052855925
pascagoula,2023-08-01,12.0,0,6.645409275810309e-06,7.92306052855925
san_bernardino,2023-07-01,12.0,0,6.645409275810309e-06,7.92306052855925
cocoa,2023-07-01,12.0,0,6.645401872913694e-06,7.789855072463768
port_townsed,2023-07-01,12.0,0,6.645401872913694e-06,7.789855072463768
santa_barbara,2023-07-01,12.0,0,6.645401872913694e-06,7.789855072463768
del_rio,2023-08-01,12.0,0,6.645401872913694e-06,7.789855072463768
king_salmon,2023-08-01,12.0,0,6.645401872913694e-06,7.789855072463768
santa_ana,2023-08-01,12.0,0,6.645401872913694e-06,7.789855072463768
vero_beach,2023-08-01,12.0,0,6.645401872913694e-06,7.789855072463768
rock_springs,2023-08-01,12.0,0,6.645401872913694e-06,7.789855072463768
queensbury,2023-08-01,12.0,0,6.645401872913694e-06,7.789855072463768
port_angeles,2023-08-01,12.0,0,6.645401872913694e-06,7.789855072463768
porthill,2023-08-01,12.0,0,6.645401872913694e-06,7.789855072463768
presque_isle,2023-08-01,12.0,0,6.645401872913694e-06,7.789855072463768
watertown,2023-07-01,12.0,0,6.645401872913694e-06,7.789855072463768
fairfield,2023-08-01,12.0,0,6.645401872913694e-06,7.789855072463768
cutbank,2023-08-01,12.0,0,6.645401872913694e-06,7.789855072463768
pueblo,2023-07-01,12.0,0,6.645401872913694e-06,7.789855072463768
newport_news,2023-07-01,12.0,0,6.645401872913694e-06,7.789855072463768
worcester,2023-07-01,12.0,0,6.645394470025327e-06,7.614023870417733
napa,2023-08-01,12.0,0,6.645394470025327e-06,7.614023870417733
san_cristobal_de_las_casas,2023-07-01,12.0,0,6.645394470025327e-06,7.614023870417733
lakeland,2023-07-01,12.0,0,6.645394470025327e-06,7.614023870417733
lansing,2023-08-01,12.0,0,6.645394470025327e-06,7.614023870417733
scobay,2023-07-01,12.0,0,6.645394470025327e-06,7.614023870417733
houma,2023-07-01,12.0,0,6.645394470025327e-06,7.614023870417733
jackman,2023-08-01,12.0,0,6.645394470025327e-06,7.614023870417733
pensacola,2023-08-01,12.0,0,6.645394470025327e-06,7.614023870417733
brunswick,2023-07-01,12.0,0,6.645394470025327e-06,7.614023870417733
rifle,2023-08-01,12.0,0,6.645394470025327e-06,7.614023870417733
st._augustine_airport,2023-08-01,12.0,0,6.645394470025327e-06,7.614023870417733
cocoa,2023-08-01,12.0,0,6.645394470025327e-06,7.614023870417733
watertown,2023-08-01,12.0,0,6.645394470025327e-06,7.614023870417733
porthill,2023-07-01,12.0,0,6.645394470025327e-06,7.614023870417733
fort_wayne,2023-08-01,12.0,0,6.645394470025327e-06,7.614023870417733
winston-salem,2023-08-01,12.0,0,6.645387067145217e-06,7.379582267689684
albuquerque,2023-07-01,12.0,0,6.645387067145217e-06,7.379582267689684
saratoga,2023-08-01,12.0,0,6.645387067145217e-06,7.379582267689684
cut_bank,2023-07-01,12.0,0,6.645387067145217e-06,7.379582267689684
eastport,2023-08-01,12.0,0,6.645387067145217e-06,7.379582267689684
rockford,2023-07-01,12.0,0,6.645387067145217e-06,7.379582267689684
ogdensburg,2023-08-01,12.0,0,6.645387067145217e-06,7.379582267689684
lakeland,2023-08-01,12.0,0,6.645387067145217e-06,7.379582267689684
lubbock,2023-07-01,12.0,0,6.645387067145217e-06,7.379582267689684
edinburg,2023-08-01,12.0,0,6.645387067145217e-06,7.379582267689684
london,2023-07-01,12.0,0,6.645387067145217e-06,7.379582267689684
ithaca,2023-07-01,12.0,0,6.645387067145217e-06,7.379582267689684
ogden,2023-07-01,12.0,0,6.645387067145217e-06,7.379582267689684
chicopee_falls,2023-07-01,12.0,0,6.645387067145217e-06,7.379582267689684
marathon,2023-07-01,12.0,0,6.645387067145217e-06,7.379582267689684
latrobe,2023-07-01,12.0,0,6.645387067145217e-06,7.379582267689684
grand_rapids,2023-07-01,12.0,0,6.645387067145217e-06,7.379582267689684
mt._pocono,2023-08-01,12.0,0,6.645387067145217e-06,7.379582267689684
sanford,2023-08-01,12.0,0,6.645387067145217e-06,7.379582267689684
gustavus,2023-08-01,12.0,0,6.645387067145217e-06,7.379582267689684
toronto,2023-08-01,12.0,0,6.645387067145217e-06,7.379582267689684
galveston,2023-08-01,12.0,0,6.645387067145217e-06,7.379582267689684
battle_creek,2023-08-01,12.0,0,6.645387067145217e-06,7.379582267689684
pensacola,2023-07-01,12.0,0,6.645387067145217e-06,7.379582267689684
calexico,2023-07-01,12.0,0,6.645387067145217e-06,7.379582267689684
pembina,2023-07-01,12.0,0,6.645387067145217e-06,7.379582267689684
marysville,2023-07-01,12.0,0,6.645387067145217e-06,7.379582267689684
caribou,2023-07-01,12.0,0,6.645387067145217e-06,7.379582267689684
calexico,2023-08-01,12.0,0,6.6453796642733425e-06,7.113171355498721
clinton,2023-07-01,12.0,0,6.6453796642733425e-06,7.113171355498721
arcata_ca,2023-07-01,12.0,0,6.6453796642733425e-06,7.113171355498721
peoria,2023-07-01,12.0,0,6.6453796642733425e-06,7.113171355498721
quonset_point,2023-07-01,12.0,0,6.6453796642733425e-06,7.113171355498721
calliano,2023-08-01,12.0,0,6.6453796642733425e-06,7.113171355498721
pinecreek,2023-08-01,12.0,0,6.6453796642733425e-06,7.113171355498721
missoula,2023-07-01,12.0,0,6.6453796642733425e-06,7.113171355498721
georgetown,2023-07-01,12.0,0,6.6453796642733425e-06,7.113171355498721
oxford,2023-07-01,12.0,0,6.6453796642733425e-06,7.113171355498721
ludington,2023-08-01,12.0,0,6.6453796642733425e-06,7.113171355498721
schenectady,2023-07-01,12.0,0,6.6453796642733425e-06,7.113171355498721
kennesaw,2023-07-01,12.0,0,6.6453796642733425e-06,7.113171355498721
hancock,2023-07-01,12.0,0,6.6453796642733425e-06,7.113171355498721
queensbury,2023-07-01,12.0,0,6.6453796642733425e-06,7.113171355498721
new_bedford,2023-07-01,12.0,0,6.6453796642733425e-06,7.113171355498721
yuma,2023-08-01,12.0,0,6.6453796642733425e-06,7.113171355498721
wisconsin_rapids,2023-08-01,12.0,0,6.6453796642733425e-06,7.113171355498721
haines,2023-07-01,12.0,0,6.6453796642733425e-06,7.113171355498721
stratford,2023-08-01,12.0,0,6.6453796642733425e-06,7.113171355498721
richmond_heights,2023-08-01,12.0,0,6.6453796642733425e-06,7.113171355498721
broomfield,2023-08-01,12.0,0,6.6453796642733425e-06,7.113171355498721
broomfield,2023-07-01,12.0,0,6.645372261409715e-06,6.825447570332481
beverly,2023-07-01,12.0,0,6.645372261409715e-06,6.825447570332481
baudette,2023-08-01,12.0,0,6.645372261409715e-06,6.825447570332481
warroad,2023-08-01,12.0,0,6.645372261409715e-06,6.825447570332481
port_angeles,2023-07-01,12.0,0,6.645372261409715e-06,6.825447570332481
douglas,2023-08-01,12.0,0,6.645372261409715e-06,6.825447570332481
twin_falls,2023-07-01,12.0,0,6.645372261409715e-06,6.825447570332481
mountain_view,2023-07-01,12.0,0,6.645372261409715e-06,6.825447570332481
burlington:mount_vernon,2023-08-01,12.0,0,6.645372261409715e-06,6.825447570332481
kenosha,2023-07-01,12.0,0,6.645372261409715e-06,6.825447570332481
pittsfield,2023-07-01,12.0,0,6.645372261409715e-06,6.825447570332481
shreveport,2023-07-01,12.0,0,6.645372261409715e-06,6.825447570332481
fayetteville,2023-08-01,12.0,0,6.645372261409715e-06,6.825447570332481
port_townsed,2023-08-01,12.0,0,6.645372261409715e-06,6.825447570332481
schenectady,2023-08-01,12.0,0,6.645372261409715e-06,6.825447570332481
tokeen,2023-08-01,12.0,0,6.645372261409715e-06,6.825447570332481
vero_beach,2023-07-01,12.0,0,6.645372261409715e-06,6.825447570332481
southern_pines,2023-07-01,12.0,0,6.645372261409715e-06,6.825447570332481
southern_pines,2023-08-01,12.0,0,6.645372261409715e-06,6.825447570332481
manistee,2023-07-01,12.0,0,6.645372261409715e-06,6.825447570332481
bakersfield,2023-08-01,12.0,0,6.645372261409715e-06,6.825447570332481
holy_cross,2023-08-01,12.0,0,6.645372261409715e-06,6.825447570332481
new_haven,2023-07-01,12.0,0,6.645372261409715e-06,6.825447570332481
holland,2023-07-01,12.0,0,6.645372261409715e-06,6.825447570332481
rome,2023-08-01,12.0,0,6.645372261409715e-06,6.825447570332481
belleville,2023-08-01,12.0,0,6.645372261409715e-06,6.825447570332481
lexington,2023-07-01,12.0,0,6.645372261409715e-06,6.825447570332481
gary,2023-07-01,12.0,0,6.645372261409715e-06,6.825447570332481
worcester,2023-08-01,12.0,0,6.645372261409715e-06,6.825447570332481
chattanooga,2023-07-01,12.0,0,6.645372261409715e-06,6.825447570332481
saranac_lake,2023-07-01,12.0,0,6.645372261409715e-06,6.825447570332481
saranac_lake,2023-08-01,12.0,0,6.645372261409715e-06,6.825447570332481
eagle_pass,2023-07-01,12.0,0,6.645364858554334e-06,6.361892583120205
presidio,2023-08-01,12.0,0,6.645364858554334e-06,6.361892583120205
new_haven,2023-08-01,12.0,0,6.645364858554334e-06,6.361892583120205
corpus_christi,2023-07-01,12.0,0,6.645364858554334e-06,6.361892583120205
alpena,2023-08-01,12.0,0,6.645364858554334e-06,6.361892583120205
pembina,2023-08-01,12.0,0,6.645364858554334e-06,6.361892583120205
flint,2023-08-01,12.0,0,6.645364858554334e-06,6.361892583120205
mountain_view,2023-08-01,12.0,0,6.645364858554334e-06,6.361892583120205
walterboro,2023-07-01,12.0,0,6.645364858554334e-06,6.361892583120205
newport_news,2023-08-01,12.0,0,6.645364858554334e-06,6.361892583120205
dover,2023-07-01,12.0,0,6.645364858554334e-06,6.361892583120205
warroad,2023-07-01,12.0,0,6.645364858554334e-06,6.361892583120205
rosewell,2023-07-01,12.0,0,6.645364858554334e-06,6.361892583120205
northway,2023-07-01,12.0,0,6.645364858554334e-06,6.361892583120205
burlington:mount_vernon,2023-07-01,12.0,0,6.645364858554334e-06,6.361892583120205
lansing,2023-07-01,12.0,0,6.645364858554334e-06,6.361892583120205
newton,2023-07-01,12.0,0,6.645364858554334e-06,6.361892583120205
wrangell,2023-07-01,12.0,0,6.645364858554334e-06,6.361892583120205
guam,2023-07-01,12.0,0,6.645364858554334e-06,6.361892583120205
little_rock,2023-08-01,12.0,0,6.645364858554334e-06,6.361892583120205
asheville,2023-07-01,12.0,0,6.645364858554334e-06,6.361892583120205
north_bend,2023-07-01,12.0,0,6.645364858554334e-06,6.361892583120205
lakehurst,2023-08-01,12.0,0,6.645364858554334e-06,6.361892583120205
stratford,2023-07-01,12.0,0,6.645364858554334e-06,6.361892583120205
lafayette,2023-08-01,12.0,0,6.645364858554334e-06,6.361892583120205
flint,2023-07-01,12.0,0,6.645364858554334e-06,6.361892583120205
traverse_city,2023-08-01,12.0,0,6.645364858554334e-06,6.361892583120205
hodson,2023-07-01,12.0,0,6.645364858554334e-06,6.361892583120205
martha's_vineyard,2023-07-01,12.0,0,6.645364858554334e-06,6.361892583120205
rosario,2023-08-01,12.0,0,6.645364858554334e-06,6.361892583120205
olympia,2023-07-01,12.0,0,6.645364858554334e-06,6.361892583120205
helena,2023-07-01,12.0,0,6.645364858554334e-06,6.361892583120205
hoquiam,2023-08-01,12.0,0,6.645364858554334e-06,6.361892583120205
ceiba,2023-08-01,12.0,0,6.645364858554334e-06,6.361892583120205
hayward,2023-07-01,12.0,0,6.645364858554334e-06,6.361892583120205
ballston_spa,2023-08-01,12.0,0,6.645364858554334e-06,6.361892583120205
jackson,2023-07-01,12.0,0,6.645364858554334e-06,6.361892583120205
medford,2023-08-01,12.0,0,6.645364858554334e-06,6.361892583120205
ogdensburg,2023-07-01,12.0,0,6.645364858554334e-06,6.361892583120205
salisbury,2023-07-01,12.0,0,6.645364858554334e-06,6.361892583120205
belleville,2023-07-01,12.0,0,6.645364858554334e-06,6.361892583120205
fayetteville,2023-07-01,12.0,0,6.645364858554334e-06,6.361892583120205
belmar,2023-07-01,12.0,0,6.645364858554334e-06,6.361892583120205
brunswick,2023-08-01,12.0,0,6.645364858554334e-06,6.361892583120205
manassas,2023-08-01,12.0,0,6.645364858554334e-06,6.361892583120205
pittsfield,2023-08-01,12.0,0,6.645364858554334e-06,6.361892583120205
champaign,2023-08-01,12.0,0,6.645364858554334e-06,6.361892583120205
fairhope,2023-07-01,12.0,0,6.645364858554334e-06,6.361892583120205
houlton,2023-08-01,12.0,0,6.645364858554334e-06,6.361892583120205
tacoma,2023-07-01,12.0,0,6.645364858554334e-06,6.361892583120205
waukegan,2023-08-01,12.0,0,6.645364858554334e-06,6.361892583120205
houlton,2023-07-01,12.0,0,6.645364858554334e-06,6.361892583120205
westfield,2023-07-01,12.0,0,6.645364858554334e-06,6.361892583120205
hampton,2023-07-01,12.0,0,6.645364858554334e-06,6.361892583120205
olympia,2023-08-01,12.0,0,6.645364858554334e-06,6.361892583120205
concord,2023-08-01,12.0,0,6.645357455707211e-06,5.093776641091219
sirnak,2023-08-01,12.0,0,6.645357455707211e-06,5.093776641091219
waukegan,2023-07-01,12.0,0,6.645357455707211e-06,5.093776641091219
newport,2023-07-01,12.0,0,6.645357455707211e-06,5.093776641091219
marysville,2023-08-01,12.0,0,6.645357455707211e-06,5.093776641091219
massena,2023-07-01,12.0,0,6.645357455707211e-06,5.093776641091219
latrobe,2023-08-01,12.0,0,6.645357455707211e-06,5.093776641091219
monroe,2023-08-01,12.0,0,6.645357455707211e-06,5.093776641091219
anacortes,2023-07-01,12.0,0,6.645357455707211e-06,5.093776641091219
lawrence,2023-07-01,12.0,0,6.645357455707211e-06,5.093776641091219
waukesha,2023-07-01,12.0,0,6.645357455707211e-06,5.093776641091219
montrose,2023-07-01,12.0,0,6.645357455707211e-06,5.093776641091219
cornelia,2023-07-01,12.0,0,6.645357455707211e-06,5.093776641091219
waukesha,2023-08-01,12.0,0,6.645357455707211e-06,5.093776641091219
monticello,2023-08-01,12.0,0,6.645357455707211e-06,5.093776641091219
burbank,2023-08-01,12.0,0,6.645357455707211e-06,5.093776641091219
youngstown,2023-07-01,12.0,0,6.645357455707211e-06,5.093776641091219
charlottesville,2023-08-01,12.0,0,6.645357455707211e-06,5.093776641091219
martha's_vineyard,2023-08-01,12.0,0,6.645357455707211e-06,5.093776641091219
charlotte_amalie,2023-08-01,12.0,0,6.645357455707211e-06,5.093776641091219
charlotte_amalie,2023-07-01,12.0,0,6.645357455707211e-06,5.093776641091219
corpus_christi,2023-08-01,12.0,0,6.645357455707211e-06,5.093776641091219
marietta,2023-07-01,12.0,0,6.645357455707211e-06,5.093776641091219
wake_island,2023-07-01,12.0,0,6.645357455707211e-06,5.093776641091219
monroe,2023-07-01,12.0,0,6.645357455707211e-06,5.093776641091219
westfield,2023-08-01,12.0,0,6.645357455707211e-06,5.093776641091219
saratoga_springs,2023-07-01,12.0,0,6.645357455707211e-06,5.093776641091219
lubbock,2023-08-01,12.0,0,6.645357455707211e-06,5.093776641091219
minden,2023-07-01,12.0,0,6.645357455707211e-06,5.093776641091219
bristol:johnson:kingsport,2023-07-01,12.0,0,6.645357455707211e-06,5.093776641091219
middletown,2023-08-01,12.0,0,6.645357455707211e-06,5.093776641091219
long_beach,2023-08-01,12.0,0,6.645357455707211e-06,5.093776641091219
reading,2023-07-01,12.0,0,6.645357455707211e-06,5.093776641091219
chino,2023-07-01,12.0,0,6.645357455707211e-06,5.093776641091219
skagway,2023-08-01,12.0,0,6.645357455707211e-06,5.093776641091219
myrtle_beach,2023-07-01,12.0,0,6.645357455707211e-06,5.093776641091219
redlands,2023-08-01,12.0,0,6.645357455707211e-06,5.093776641091219
akron,2023-08-01,12.0,0,6.645357455707211e-06,5.093776641091219
muskoka,2023-07-01,12.0,0,6.645357455707211e-06,5.093776641091219
merritt_island,2023-07-01,12.0,0,6.645357455707211e-06,5.093776641091219
middletown,2023-07-01,12.0,0,6.645357455707211e-06,5.093776641091219
muskogee,2023-07-01,12.0,0,6.645357455707211e-06,5.093776641091219
lorain-elyria,2023-08-01,12.0,0,6.645357455707211e-06,5.093776641091219
wrangell,2023-08-01,12.0,0,6.645357455707211e-06,5.093776641091219
altonna,2023-08-01,12.0,0,6.645357455707211e-06,5.093776641091219
alexandria,2023-08-01,12.0,0,6.645357455707211e-06,5.093776641091219
burbank,2023-07-01,12.0,0,6.645357455707211e-06,5.093776641091219
amarillo,2023-07-01,12.0,0,6.645357455707211e-06,5.093776641091219
massena,2023-08-01,12.0,0,6.645357455707211e-06,5.093776641091219
quonset,2023-07-01,12.0,0,6.645357455707211e-06,5.093776641091219
lexington,2023-08-01,12.0,0,6.645357455707211e-06,5.093776641091219
aberdeen,2023-08-01,12.0,0,6.645357455707211e-06,5.093776641091219
louisiana,2023-08-01,12.0,0,6.645357455707211e-06,5.093776641091219
medford,2023-07-01,12.0,0,6.645357455707211e-06,5.093776641091219
lihue,2023-08-01,12.0,0,6.645357455707211e-06,5.093776641091219
bremerton,2023-07-01,12.0,0,6.645357455707211e-06,5.093776641091219
alamosa,2023-08-01,12.0,0,6.645357455707211e-06,5.093776641091219
champaign,2023-07-01,12.0,0,6.645357455707211e-06,5.093776641091219
springfield,2023-08-01,12.0,0,6.645357455707211e-06,5.093776641091219
college_station,2023-07-01,12.0,0,6.645357455707211e-06,5.093776641091219
richmond_heights,2023-07-01,12.0,0,6.645357455707211e-06,5.093776641091219
smithfield,2023-08-01,12.0,0,6.645357455707211e-06,5.093776641091219
chicago:aurora,2023-07-01,12.0,0,6.645357455707211e-06,5.093776641091219
bridgeport_ct,2023-08-01,12.0,0,6.645357455707211e-06,5.093776641091219
yuma,2023-07-01,12.0,0,6.645357455707211e-06,5.093776641091219
terre_haute,2023-08-01,12.0,0,6.645357455707211e-06,5.093776641091219
crane_lake,2023-07-01,12.0,0,6.645357455707211e-06,5.093776641091219
holland,2023-08-01,12.0,0,6.645357455707211e-06,5.093776641091219
fernandina_beach,2023-07-01,12.0,0,6.645357455707211e-06,5.093776641091219
flagstaff,2023-08-01,12.0,0,6.645357455707211e-06,5.093776641091219
fort_bragg,2023-07-01,12.0,0,6.645357455707211e-06,5.093776641091219
hopkinsville,2023-08-01,12.0,0,6.645357455707211e-06,5.093776641091219
fort_dix,2023-07-01,12.0,0,6.645357455707211e-06,5.093776641091219
fort_dix,2023-08-01,12.0,0,6.645357455707211e-06,5.093776641091219
hilo,2023-07-01,12.0,0,6.645357455707211e-06,5.093776641091219
sedona,2023-08-01,12.0,0,6.645357455707211e-06,5.093776641091219
the_valley,2023-08-01,12.0,0,6.645357455707211e-06,5.093776641091219
henderson,2023-08-01,12.0,0,6.645357455707211e-06,5.093776641091219
beaumont,2023-08-01,12.0,0,6.645357455707211e-06,5.093776641091219
tokeen,2023-07-01,12.0,0,6.645357455707211e-06,5.093776641091219
oxford,2023-08-01,12.0,0,6.645357455707211e-06,5.093776641091219
page,2023-07-01,12.0,0,6.645357455707211e-06,5.093776641091219
bellaire,2023-08-01,12.0,0,6.645357455707211e-06,5.093776641091219
shannon,2023-07-01,12.0,0,6.645357455707211e-06,5.093776641091219
wildwood,2023-07-01,12.0,0,6.645357455707211e-06,5.093776641091219
hyeres,2023-07-01,12.0,0,6.645357455707211e-06,5.093776641091219
elmira,2023-07-01,12.0,0,6.645357455707211e-06,5.093776641091219
belmar,2023-08-01,12.0,0,6.645357455707211e-06,5.093776641091219
jackman,2023-07-01,12.0,0,6.645357455707211e-06,5.093776641091219
tallahassee,2023-07-01,12.0,0,6.645357455707211e-06,5.093776641091219
olbia,2023-08-01,12.0,0,6.645357455707211e-06,5.093776641091219
ponce,2023-08-01,12.0,0,6.645357455707211e-06,5.093776641091219
scotia,2023-07-01,12.0,0,6.645357455707211e-06,5.093776641091219
pompano_beach,2023-07-01,12.0,0,6.645357455707211e-06,5.093776641091219
huntington,2023-08-01,12.0,0,6.645357455707211e-06,5.093776641091219
fairhope,2023-08-01,12.0,0,6.645357455707211e-06,5.093776641091219
crane_lake,2023-08-01,12.0,0,6.645357455707211e-06,5.093776641091219
ponce,2023-07-01,12.0,0,6.645357455707211e-06,5.093776641091219
tel-aviv,2023-08-01,12.0,0,6.645357455707211e-06,5.093776641091219
telluride,2023-07-01,12.0,0,6.645357455707211e-06,5.093776641091219
santa_barbara,2023-08-01,12.0,0,6.645357455707211e-06,5.093776641091219
hagerstown,2023-07-01,12.0,0,6.645357455707211e-06,5.093776641091219
elko,2023-07-01,12.0,0,6.645357455707211e-06,5.093776641091219
guam,2023-08-01,12.0,0,6.645357455707211e-06,5.093776641091219
gulf_shores,2023-07-01,12.0,0,6.645357455707211e-06,5.093776641091219
winchester,2023-07-01,12.0,0,6.645357455707211e-06,5.093776641091219
topeka,2023-07-01,12.0,0,6.645357455707211e-06,5.093776641091219
grand_marais,2023-07-01,12.0,0,6.645357455707211e-06,5.093776641091219
grand_marais,2023-08-01,12.0,0,6.645357455707211e-06,5.093776641091219
topeka,2023-08-01,12.0,0,6.645357455707211e-06,5.093776641091219
sagarai,2023-08-01,12.0,0,6.645357455707211e-06,5.093776641091219
gonzales,2023-07-01,12.0,0,6.645357455707211e-06,5.093776641091219
baton_rouge,2023-07-01,12.0,0,6.645357455707211e-06,5.093776641091219
toronto,2023-07-01,12.0,0,6.645357455707211e-06,5.093776641091219
baton_rouge,2023-08-01,12.0,0,6.645357455707211e-06,5.093776641091219
sagarai,2023-07-01,12.0,0,6.645357455707211e-06,5.093776641091219
greensboro:high_poin,2023-08-01,12.0,0,6.645357455707211e-06,5.093776641091219
baudette,2023-07-01,12.0,0,6.645357455707211e-06,5.093776641091219
gulf_shores,2023-08-01,12.0,0,6.645357455707211e-06,5.093776641091219
williston,2023-08-01,12.0,0,6.645357455707211e-06,5.093776641091219
wilkes-barre,2023-08-01,12.0,0,6.645357455707211e-06,5.093776641091219
toms_river,2023-08-01,12.0,0,6.645357455707211e-06,5.093776641091219
gulfport,2023-08-01,12.0,0,6.645357455707211e-06,5.093776641091219
gulfport,2023-07-01,12.0,0,6.645357455707211e-06,5.093776641091219
bar_harbor,2023-07-01,12.0,0,6.645357455707211e-06,5.093776641091219
panama_city,2023-07-01,12.0,0,6.645357455707211e-06,5.093776641091219
genting,2023-07-01,12.0,0,6.645357455707211e-06,5.093776641091219
genting,2023-08-01,12.0,0,6.645357455707211e-06,5.093776641091219
rutland,2023-08-01,12.0,0,6.645357455707211e-06,5.093776641091219
beaufort,2023-07-01,12.0,0,6.645357455707211e-06,5.093776641091219
georgetown,2023-08-01,12.0,0,6.645357455707211e-06,5.093776641091219
beaufort,2023-08-01,12.0,0,6.645357455707211e-06,5.093776641091219
glens_falls,2023-07-01,12.0,0,6.645357455707211e-06,5.093776641091219
panama_city,2023-08-01,12.0,0,6.645357455707211e-06,5.093776641091219
bar_harbor,2023-08-01,12.0,0,6.645357455707211e-06,5.093776641091219
williamsport,2023-08-01,12.0,0,6.645357455707211e-06,5.093776641091219
augusta,2023-08-01,12.0,0,6.645357455707211e-06,5.093776641091219
scotia,2023-08-01,12.0,0,6.645357455707211e-06,5.093776641091219
shreveport,2023-08-01,12.0,0,6.645357455707211e-06,5.093776641091219
northway,2023-08-01,12.0,0,6.645357455707211e-06,5.093776641091219
decatur,2023-08-01,12.0,0,6.645357455707211e-06,5.093776641091219
north_bend,2023-08-01,12.0,0,6.645357455707211e-06,5.093776641091219
kauai_island,2023-07-01,12.0,0,6.645357455707211e-06,5.093776641091219
eastport,2023-07-01,12.0,0,6.645357455707211e-06,5.093776641091219
kissimmee,2023-08-01,12.0,0,6.645357455707211e-06,5.093776641091219
beverly,2023-08-01,12.0,0,6.645357455707211e-06,5.093776641091219
kearney,2023-07-01,12.0,0,6.645357455707211e-06,5.093776641091219
killeen,2023-08-01,12.0,0,6.645357455707211e-06,5.093776641091219
oak_harbor,2023-07-01,12.0,0,6.645357455707211e-06,5.093776641091219
asheville,2023-08-01,12.0,0,6.645357455707211e-06,5.093776641091219
santa_ana,2023-07-01,12.0,0,6.645357455707211e-06,5.093776641091219
key_largo,2023-08-01,12.0,0,6.645357455707211e-06,5.093776641091219
traverse_city,2023-07-01,12.0,0,6.645357455707211e-06,5.093776641091219
durango,2023-08-01,12.0,0,6.645357455707211e-06,5.093776641091219
dover,2023-08-01,12.0,0,6.645357455707211e-06,5.093776641091219
belmar:farmingdale,2023-07-01,12.0,0,6.645357455707211e-06,5.093776641091219
biggin_hill,2023-07-01,12.0,0,6.645357455707211e-06,5.093776641091219
dunseith,2023-08-01,12.0,0,6.645357455707211e-06,5.093776641091219
dubuque,2023-07-01,12.0,0,6.645357455707211e-06,5.093776641091219
decatur,2023-07-01,12.0,0,6.645357455707211e-06,5.093776641091219
sioux_city,2023-07-01,12.0,0,6.645357455707211e-06,5.093776641091219
sioux_city,2023-08-01,12.0,0,6.645357455707211e-06,5.093776641091219
vieques_island,2023-07-01,12.0,0,6.645357455707211e-06,5.093776641091219
presidio,2023-07-01,12.0,0,6.645357455707211e-06,5.093776641091219
augusta,2023-07-01,12.0,0,6.645357455707211e-06,5.093776641091219
larnaca,2023-08-01,12.0,0,6.645357455707211e-06,5.093776641091219
cunnamulla,2023-07-01,12.0,0,6.645357455707211e-06,5.093776641091219
andersen,2023-07-01,12.0,0,6.645357455707211e-06,5.093776641091219
belmar:farmingdale,2023-08-01,12.0,0,6.645357455707211e-06,5.093776641091219
valparaiso,2023-07-01,12.0,0,6.645357455707211e-06,5.093776641091219
statesboro,2023-07-01,12.0,0,6.645357455707211e-06,5.093776641091219
lakehurst,2023-07-01,12.0,0,6.645357455707211e-06,5.093776641091219
edinburg,2023-07-01,12.0,0,6.645357455707211e-06,5.093776641091219
laconia,2023-07-01,12.0,0,6.645357455707211e-06,5.093776641091219
anoka,2023-08-01,12.0,0,6.645357455707211e-06,5.093776641091219
tacoma,2023-08-01,12.0,0,6.645357455707211e-06,5.093776641091219
lake_charles,2023-07-01,12.0,0,6.645357455707211e-06,5.093776641091219
bloomington,2023-07-01,12.0,0,6.645357455707211e-06,5.093776641091219
rockford,2023-08-01,12.0,0,6.645357455707211e-06,5.093776641091219
eden_prairie,2023-08-01,12.0,0,6.645357455707211e-06,5.093776641091219
lafayette,2023-07-01,12.0,0,6.645357455707211e-06,5.093776641091219
kalamazoo,2023-08-01,12.0,0,6.645357455707211e-06,5.093776641091219
samana,2023-08-01,12.0,0,6.645357455707211e-06,5.093776641091219
denver,2023-06-01,12.0,0,6.313148788766943e-06,4.113384484228474
detroit,2023-06-01,12.0,0,6.254502367186758e-06,4.102728047740835
minneapolis,2023-06-01,12.0,0,6.130330722336213e-06,4.092071611253197
philadelphia,2023-06-01,12.0,0,6.1212547314300974e-06,4.081415174765558
charlotte,2023-06-01,12.0,0,6.101423181027272e-06,4.07075873827792
phoenix,2023-06-01,12.0,0,5.969654288500514e-06,4.060102301790281
saipan,2023-06-01,12.0,0,5.943099751284501e-06,4.049445865302643
tampa,2023-06-01,12.0,0,5.933137581596782e-06,4.038789428815004
melbourne,2023-06-01,12.0,0,5.9006555056931e-06,4.028132992327365
san_diego,2023-06-01,12.0,0,5.898644432577507e-06,4.017476555839727
nashville,2023-06-01,12.0,0,5.872059060865171e-06,4.0068201193520885
agana,2023-06-01,12.0,0,5.867305389332882e-06,3.99616368286445
salt_lake_city,2023-06-01,12.0,0,5.863208683643196e-06,3.985507246376811
san_antonio,2023-06-01,12.0,0,5.856961331228074e-06,3.974850809889173
portland,2023-06-01,12.0,0,5.847508327156433e-06,3.9641943734015346
austin,2023-06-01,12.0,0,5.832558185763267e-06,3.9535379369138957
san_jose,2023-06-01,12.0,0,5.8189555324696295e-06,3.9428815004262576
san_juan,2023-06-01,12.0,0,5.816052212650882e-06,3.9322250639386187
oakland,2023-06-01,12.0,0,5.790026134021877e-06,3.9215686274509802
kahului,2023-06-01,12.0,0,5.7769023495323954e-06,3.910912190963342
ontario,2023-06-01,12.0,0,5.776406845357295e-06,3.9002557544757033
baltimore,2023-06-01,12.0,0,5.767572133854507e-06,3.889599317988065
raleigh,2023-06-01,12.0,0,5.7632882496350905e-06,3.878942881500426
fresno,2023-06-01,12.0,0,5.7549223485202255e-06,3.868286445012788
sacramento,2023-06-01,12.0,0,5.754697971054443e-06,3.8576300085251494
anchorage,2023-06-01,12.0,0,5.748374127057692e-06,3.8469735720375104
laguna_beach,2023-06-01,12.0,0,5.744827618777935e-06,3.8363171355498724
fort_myers,2023-06-01,12.0,0,5.744290072126309e-06,3.825660699062233
new_orleans,2023-06-01,12.0,0,5.739882807586363e-06,3.815004262574595
palm_springs,2023-06-01,12.0,0,5.734622828887441e-06,3.804347826086957
pittsburgh,2023-06-01,12.0,0,5.716572417996202e-06,3.7936913895993176
st._louis,2023-06-01,12.0,0,5.713662896575001e-06,3.7830349531116796
cincinnati,2023-06-01,12.0,0,5.712835513348763e-06,3.7723785166240407
cleveland,2023-06-01,12.0,0,5.7047207854823684e-06,3.761722080136402
reno,2023-06-01,12.0,0,5.703221205958686e-06,3.751065643648764
newburgh,2023-06-01,12.0,0,5.701957036341007e-06,3.7404092071611252
indianapolis,2023-06-01,12.0,0,5.701436203752673e-06,3.7297527706734868
hartford,2023-06-01,12.0,0,5.700540736997247e-06,3.719096334185848
teterboro,2023-06-01,12.0,0,5.700185129648739e-06,3.70843989769821
columbus,2023-06-01,12.0,0,5.696135311617766e-06,3.6977834612105713
kansas_city,2023-06-01,12.0,0,5.692690789521936e-06,3.6871270247229324
fairbanks,2023-06-01,12.0,0,5.691891805942867e-06,3.6764705882352944
brownsville,2023-06-01,12.0,0,5.691352872426445e-06,3.6658141517476555
west_palm_beach,2023-06-01,12.0,0,5.690801310965104e-06,3.655157715260017
mcallen,2023-06-01,12.0,0,5.6898948375705e-06,3.644501278772379
st._thomas_island,2023-06-01,12.0,0,5.689514542085912e-06,3.63384484228474
providence,2023-06-01,12.0,0,5.6891469472785294e-06,3.6231884057971016
laredo,2023-06-01,12.0,0,5.6885195558356934e-06,3.6125319693094626
alexandria,2023-06-01,12.0,0,5.688430839397534e-06,3.6018755328218246
white_plains,2023-06-01,12.0,0,5.688101333311992e-06,3.591219096334186
bedford,2023-06-01,12.0,0,5.687898569823306e-06,3.580562659846547
kendall-tamiami,2023-06-01,12.0,0,5.687569094569818e-06,3.5699062233589087
bangor,2023-06-01,12.0,0,5.687556422825833e-06,3.55924978687127
tuscon,2023-06-01,12.0,0,5.687410699799126e-06,3.5485933503836318
van_nuys,2023-06-01,12.0,0,5.687404364100049e-06,3.5379369138959933
jacksonville,2023-06-01,12.0,0,5.687239638401409e-06,3.5272804774083544
scottsdale,2023-06-01,12.0,0,5.687087588144974e-06,3.5166240409207163
norfolk,2023-06-01,12.0,0,5.687074917473761e-06,3.5059676044330774
el_paso,2023-06-01,12.0,0,5.686834180084432e-06,3.495311167945439
milwaukee,2023-06-01,12.0,0,5.686789834834759e-06,3.479326513213981
windsor_locks,2023-06-01,12.0,0,5.686789834834759e-06,3.479326513213981
buffalo,2023-06-01,12.0,0,5.686764494847344e-06,3.4633418584825235
savannah,2023-06-01,12.0,0,5.686720150141069e-06,3.4526854219948846
vail,2023-06-01,12.0,0,5.686663136026815e-06,3.4420289855072466
greenville,2023-06-01,12.0,0,5.686644131449093e-06,3.420716112531969
midland,2023-06-01,12.0,0,5.686644131449093e-06,3.420716112531969
camp_springs,2023-06-01,12.0,0,5.686644131449093e-06,3.420716112531969
pontiac,2023-06-01,12.0,0,5.686637796603963e-06,3.399403239556692
conroe,2023-06-01,12.0,0,5.68657444854082e-06,3.3887468030690537
kenmore,2023-06-01,12.0,0,5.686555444259487e-06,3.3780903665814153
broomdield-co,2023-06-01,12.0,0,5.686523770598396e-06,3.3674339300937763
harlingen,2023-06-01,12.0,0,5.686517435887356e-06,3.3514492753623193
casper,2023-06-01,12.0,0,5.686517435887356e-06,3.3514492753623193
wilmington,2023-06-01,12.0,0,5.686492097113735e-06,3.335464620630861
burlington,2023-06-01,12.0,0,5.686441419905215e-06,3.324808184143223
chicago-wheeling,2023-06-01,12.0,0,5.686428750673647e-06,3.314151747655584
kalispell,2023-06-01,12.0,0,5.6864034122952016e-06,3.3034953111679455
wichita,2023-06-01,12.0,0,5.686371739480926e-06,3.2928388746803066
bellingham,2023-06-01,12.0,0,5.6863654049392365e-06,3.2821824381926685
charleston,2023-06-01,12.0,0,5.686346401356519e-06,3.26619778346121
west_hampton_beach,2023-06-01,12.0,0,5.686346401356519e-06,3.26619778346121
rochester,2023-06-01,12.0,0,5.6863273978373e-06,3.250213128729753
boise,2023-06-01,12.0,0,5.686321063345017e-06,3.239556692242114
carlsbad,2023-06-01,12.0,0,5.686289390989408e-06,3.2289002557544757
vail:eagle,2023-06-01,12.0,0,5.686276722096566e-06,3.2129156010230178
fargo,2023-06-01,12.0,0,5.686276722096566e-06,3.2129156010230178
des_moines,2023-06-01,12.0,0,5.686251384395551e-06,3.1969309462915603
sugar_land,2023-06-01,12.0,0,5.6862387155873765e-06,3.1862745098039214
sioux_falls,2023-06-01,12.0,0,5.686232381193874e-06,3.175618073316283
omaha,2023-06-01,12.0,0,5.686226046807438e-06,3.164961636828645
naples,2023-06-01,12.0,0,5.686219712428048e-06,3.154305200341006
boca_raton,2023-06-01,12.0,0,5.686213378055715e-06,3.1436487638533674
richmond,2023-06-01,12.0,0,5.686200709332228e-06,3.1329923273657285
north_kingstown,2023-06-01,12.0,0,5.686188040636957e-06,3.117007672634271
toledo,2023-06-01,12.0,0,5.686188040636957e-06,3.117007672634271
dayton,2023-06-01,12.0,0,5.686181706299916e-06,3.101023017902813
sarasota,2023-06-01,12.0,0,5.686175371969921e-06,3.0903665814151746
yakutat,2023-06-01,12.0,0,5.6861690376469825e-06,3.074381926683717
west_chicago,2023-06-01,12.0,0,5.6861690376469825e-06,3.074381926683717
spokane,2023-06-01,12.0,0,5.686150034720515e-06,3.058397271952259
great_falls,2023-06-01,12.0,0,5.686143700425802e-06,3.0477408354646207
nogales,2023-06-01,12.0,0,5.686137366138145e-06,3.037084398976982
huntsville,2023-06-01,12.0,0,5.686131031857555e-06,3.0264279624893438
trenton,2023-06-01,12.0,0,5.68612469758401e-06,3.010443307757886
minot,2023-06-01,12.0,0,5.68612469758401e-06,3.010443307757886
bozeman,2023-06-01,12.0,0,5.6861183633175225e-06,2.994458653026428
birmingham,2023-06-01,12.0,0,5.686112029058101e-06,2.9784739982949704
farmingdale,2023-06-01,12.0,0,5.686112029058101e-06,2.9784739982949704
rogers,2023-06-01,12.0,0,5.686105694805726e-06,2.9624893435635125
grand_rapids,2023-06-01,12.0,0,5.686093026322144e-06,2.9465046888320545
albany,2023-06-01,12.0,0,5.686093026322144e-06,2.9465046888320545
greensboro,2023-06-01,12.0,0,5.686086692090948e-06,2.9198635976129586
duluth,2023-06-01,12.0,0,5.686086692090948e-06,2.9198635976129586
harrisburg,2023-06-01,12.0,0,5.686086692090948e-06,2.9198635976129586
addison,2023-06-01,12.0,0,5.686080357866797e-06,2.898550724637681
friday_harbor,2023-06-01,12.0,0,5.686074023649703e-06,2.8825660699062237
sheboygan,2023-06-01,12.0,0,5.686074023649703e-06,2.8825660699062237
st._paul,2023-06-01,12.0,0,5.686061355236694e-06,2.8665814151747653
brunswick,2023-06-01,12.0,0,5.686055021040768e-06,2.8559249786871272
santa_teresa,2023-06-01,12.0,0,5.686048686851899e-06,2.839940323955669
coeur_d'alene,2023-06-01,12.0,0,5.686048686851899e-06,2.839940323955669
allentown,2023-06-01,12.0,0,5.686042352670087e-06,2.8186274509803924
fort_pierce,2023-06-01,12.0,0,5.686042352670087e-06,2.8186274509803924
morristown,2023-06-01,12.0,0,5.686036018495339e-06,2.797314578005115
saginlaw,2023-06-01,12.0,0,5.686036018495339e-06,2.797314578005115
green_bay,2023-06-01,12.0,0,5.686023350166995e-06,2.7813299232736575
raleigh-durham,2023-06-01,12.0,0,5.686017016013416e-06,2.7706734867860185
portsmouth,2023-06-01,12.0,0,5.686010681866884e-06,2.76001705029838
grant_county_airport,2023-06-01,12.0,0,5.686004347727408e-06,2.744032395566922
columbia,2023-06-01,12.0,0,5.686004347727408e-06,2.744032395566922
aguadilla,2023-06-01,12.0,0,5.685998013594989e-06,2.7120630861040067
bristol,2023-06-01,12.0,0,5.685998013594989e-06,2.7120630861040067
mobile,2023-06-01,12.0,0,5.685998013594989e-06,2.7120630861040067
fort_worth,2023-06-01,12.0,0,5.685998013594989e-06,2.7120630861040067
barnstable,2023-06-01,12.0,0,5.685991679469635e-06,2.6800937766410913
memphis,2023-06-01,12.0,0,5.685991679469635e-06,2.6800937766410913
fort_wayne,2023-06-01,12.0,0,5.685985345351327e-06,2.6641091219096333
st._thomas,2023-06-01,12.0,0,5.685972677135881e-06,2.653452685421995
st._petersburg,2023-06-01,12.0,0,5.685966343038752e-06,2.6427962489343564
monterey,2023-06-01,12.0,0,5.685947340789671e-06,2.632139812446718
appleton,2023-06-01,12.0,0,5.6859410067207665e-06,2.594842284739983
st._croix_island,2023-06-01,12.0,0,5.6859410067207665e-06,2.594842284739983
south_bend,2023-06-01,12.0,0,5.6859410067207665e-06,2.594842284739983
moline,2023-06-01,12.0,0,5.6859410067207665e-06,2.594842284739983
weslaco,2023-06-01,12.0,0,5.6859410067207665e-06,2.594842284739983
daytona_beach,2023-06-01,12.0,0,5.6859410067207665e-06,2.594842284739983
san_bernardino,2023-06-01,12.0,0,5.685934672658907e-06,2.5468883205456097
saratoga,2023-06-01,12.0,0,5.685934672658907e-06,2.5468883205456097
niagara_falls,2023-06-01,12.0,0,5.685934672658907e-06,2.5468883205456097
gary,2023-06-01,12.0,0,5.685928338604105e-06,2.4989343563512363
atlantic_city,2023-06-01,12.0,0,5.685928338604105e-06,2.4989343563512363
lexington_ky,2023-06-01,12.0,0,5.685928338604105e-06,2.4989343563512363
erie,2023-06-01,12.0,0,5.685928338604105e-06,2.4989343563512363
dallas-fort_worth,2023-06-01,12.0,0,5.685928338604105e-06,2.4989343563512363
north_bend,2023-06-01,12.0,0,5.685928338604105e-06,2.4989343563512363
westhampton,2023-06-01,12.0,0,5.685922004556368e-06,2.4243393009377665
st._augustine_airport,2023-06-01,12.0,0,5.685922004556368e-06,2.4243393009377665
hillsboro,2023-06-01,12.0,0,5.685922004556368e-06,2.4243393009377665
dover-cheswold,2023-06-01,12.0,0,5.685922004556368e-06,2.4243393009377665
peoria,2023-06-01,12.0,0,5.685922004556368e-06,2.4243393009377665
binghamton,2023-06-01,12.0,0,5.685922004556368e-06,2.4243393009377665
del_rio,2023-06-01,12.0,0,5.685922004556368e-06,2.4243393009377665
ketchikan,2023-06-01,12.0,0,5.685922004556368e-06,2.4243393009377665
knoxville,2023-06-01,12.0,0,5.685915670515677e-06,2.355072463768116
newport_news,2023-06-01,12.0,0,5.685915670515677e-06,2.355072463768116
manchester,2023-06-01,12.0,0,5.685915670515677e-06,2.355072463768116
aspen,2023-06-01,12.0,0,5.685915670515677e-06,2.355072463768116
myrtle_beach,2023-06-01,12.0,0,5.685915670515677e-06,2.355072463768116
cutbank,2023-06-01,12.0,0,5.685909336482043e-06,2.3231031543052003
leesburg,2023-06-01,12.0,0,5.685903002455465e-06,2.312446717817562
tulsa,2023-06-01,12.0,0,5.685896668435952e-06,2.296462063086104
port_angeles,2023-06-01,12.0,0,5.685896668435952e-06,2.296462063086104
toronto,2023-06-01,12.0,0,5.685890334423486e-06,2.2485080988917305
chattanooga,2023-06-01,12.0,0,5.685890334423486e-06,2.2485080988917305
louisville,2023-06-01,12.0,0,5.685890334423486e-06,2.2485080988917305
oroville,2023-06-01,12.0,0,5.685890334423486e-06,2.2485080988917305
fairfield,2023-06-01,12.0,0,5.685890334423486e-06,2.2485080988917305
kona,2023-06-01,12.0,0,5.685890334423486e-06,2.2485080988917305
key_west,2023-06-01,12.0,0,5.685890334423486e-06,2.2485080988917305
calexico,2023-06-01,12.0,0,5.685884000418075e-06,2.1845694799658992
yuma,2023-06-01,12.0,0,5.685884000418075e-06,2.1845694799658992
stuart,2023-06-01,12.0,0,5.685884000418075e-06,2.1845694799658992
montgomery,2023-06-01,12.0,0,5.685884000418075e-06,2.1845694799658992
elmira,2023-06-01,12.0,0,5.685884000418075e-06,2.1845694799658992
vieques_island,2023-06-01,12.0,0,5.68587766641972e-06,2.1419437340153453
sault_ste_marie,2023-06-01,12.0,0,5.68587766641972e-06,2.1419437340153453
port_huron,2023-06-01,12.0,0,5.68587766641972e-06,2.1419437340153453
islip,2023-06-01,12.0,0,5.6858713324284325e-06,2.1046462063086104
marathon,2023-06-01,12.0,0,5.6858713324284325e-06,2.1046462063086104
broomfield,2023-06-01,12.0,0,5.6858713324284325e-06,2.1046462063086104
juneau,2023-06-01,12.0,0,5.6858713324284325e-06,2.1046462063086104
lansing,2023-06-01,12.0,0,5.6858649984441895e-06,2.040707587382779
international_falls,2023-06-01,12.0,0,5.6858649984441895e-06,2.040707587382779
mesa,2023-06-01,12.0,0,5.6858649984441895e-06,2.040707587382779
syracuse,2023-06-01,12.0,0,5.6858649984441895e-06,2.040707587382779
schenectady,2023-06-01,12.0,0,5.6858649984441895e-06,2.040707587382779
racine,2023-06-01,12.0,0,5.6858649984441895e-06,2.040707587382779
renton,2023-06-01,12.0,0,5.6858649984441895e-06,2.040707587382779
grand_forks,2023-06-01,12.0,0,5.6858649984441895e-06,2.040707587382779
sanford,2023-06-01,12.0,0,5.685858664467003e-06,1.9767689684569478
lakeland,2023-06-01,12.0,0,5.685858664467003e-06,1.9767689684569478
burlington:mount_vernon,2023-06-01,12.0,0,5.685858664467003e-06,1.9767689684569478
port_clinton,2023-06-01,12.0,0,5.685858664467003e-06,1.9767689684569478
akron,2023-06-01,12.0,0,5.685852330496873e-06,1.9447996589940324
roanoke,2023-06-01,12.0,0,5.685852330496873e-06,1.9447996589940324
oklahoma_city,2023-06-01,12.0,0,5.685845996533808e-06,1.9021739130434785
oxford,2023-06-01,12.0,0,5.685845996533808e-06,1.9021739130434785
everett,2023-06-01,12.0,0,5.685845996533808e-06,1.9021739130434785
riverside,2023-06-01,12.0,0,5.685845996533808e-06,1.9021739130434785
gillette,2023-06-01,12.0,0,5.685845996533808e-06,1.9021739130434785
queensbury,2023-06-01,12.0,0,5.685845996533808e-06,1.9021739130434785
pittsfield,2023-06-01,12.0,0,5.685839662577789e-06,1.8222506393861895
santa_barbara,2023-06-01,12.0,0,5.685839662577789e-06,1.8222506393861895
colorado_springs,2023-06-01,12.0,0,5.685839662577789e-06,1.8222506393861895
new_bedford,2023-06-01,12.0,0,5.685839662577789e-06,1.8222506393861895
victorville,2023-06-01,12.0,0,5.685839662577789e-06,1.8222506393861895
massena,2023-06-01,12.0,0,5.685839662577789e-06,1.8222506393861895
stratford,2023-06-01,12.0,0,5.685839662577789e-06,1.8222506393861895
georgetown,2023-06-01,12.0,0,5.685839662577789e-06,1.8222506393861895
kalamazoo,2023-06-01,12.0,0,5.685839662577789e-06,1.8222506393861895
plattsburgh,2023-06-01,12.0,0,5.685833328628827e-06,1.7210144927536233
olympia,2023-06-01,12.0,0,5.685833328628827e-06,1.7210144927536233
jackson,2023-06-01,12.0,0,5.685833328628827e-06,1.7210144927536233
nantucket,2023-06-01,12.0,0,5.685833328628827e-06,1.7210144927536233
pasco,2023-06-01,12.0,0,5.685833328628827e-06,1.7210144927536233
cocoa,2023-06-01,12.0,0,5.685833328628827e-06,1.7210144927536233
winston-salem,2023-06-01,12.0,0,5.685833328628827e-06,1.7210144927536233
wrangell,2023-06-01,12.0,0,5.685833328628827e-06,1.7210144927536233
little_rock,2023-06-01,12.0,0,5.685833328628827e-06,1.7210144927536233
lake_charles,2023-06-01,12.0,0,5.685833328628827e-06,1.7210144927536233
quonset,2023-06-01,12.0,0,5.68582699468693e-06,1.6037936913895994
st._john's,2023-06-01,12.0,0,5.68582699468693e-06,1.6037936913895994
new_haven,2023-06-01,12.0,0,5.68582699468693e-06,1.6037936913895994
long_beach,2023-06-01,12.0,0,5.68582699468693e-06,1.6037936913895994
helena,2023-06-01,12.0,0,5.68582699468693e-06,1.6037936913895994
presidio,2023-06-01,12.0,0,5.68582699468693e-06,1.6037936913895994
newton,2023-06-01,12.0,0,5.68582699468693e-06,1.6037936913895994
gulf_shores,2023-06-01,12.0,0,5.68582699468693e-06,1.6037936913895994
rockford,2023-06-01,12.0,0,5.68582699468693e-06,1.6037936913895994
corpus_christi,2023-06-01,12.0,0,5.68582699468693e-06,1.6037936913895994
butte,2023-06-01,12.0,0,5.68582699468693e-06,1.6037936913895994
peterborough,2023-06-01,12.0,0,5.68582699468693e-06,1.6037936913895994
tacoma,2023-06-01,12.0,0,5.685820660752079e-06,1.497229326513214
worcester,2023-06-01,12.0,0,5.685820660752079e-06,1.497229326513214
jackman,2023-06-01,12.0,0,5.685820660752079e-06,1.497229326513214
arcata_ca,2023-06-01,12.0,0,5.685820660752079e-06,1.497229326513214
belmar,2023-06-01,12.0,0,5.685820660752079e-06,1.497229326513214
champaign,2023-06-01,12.0,0,5.685820660752079e-06,1.497229326513214
beverly,2023-06-01,12.0,0,5.685820660752079e-06,1.497229326513214
eagle_pass,2023-06-01,12.0,0,5.685820660752079e-06,1.497229326513214
port_townsed,2023-06-01,12.0,0,5.685814326824284e-06,1.3693520886615516
mountain_view,2023-06-01,12.0,0,5.685814326824284e-06,1.3693520886615516
lubbock,2023-06-01,12.0,0,5.685814326824284e-06,1.3693520886615516
moses_lake,2023-06-01,12.0,0,5.685814326824284e-06,1.3693520886615516
providenciales,2023-06-01,12.0,0,5.685814326824284e-06,1.3693520886615516
springfield,2023-06-01,12.0,0,5.685814326824284e-06,1.3693520886615516
sitka,2023-06-01,12.0,0,5.685814326824284e-06,1.3693520886615516
lexington,2023-06-01,12.0,0,5.685814326824284e-06,1.3693520886615516
saranac_lake,2023-06-01,12.0,0,5.685814326824284e-06,1.3693520886615516
montague,2023-06-01,12.0,0,5.685814326824284e-06,1.3693520886615516
hyannis,2023-06-01,12.0,0,5.685814326824284e-06,1.3693520886615516
winchester,2023-06-01,12.0,0,5.685814326824284e-06,1.3693520886615516
albuquerque,2023-06-01,12.0,0,5.685814326824284e-06,1.3693520886615516
pellston,2023-06-01,12.0,0,5.685814326824284e-06,1.3693520886615516
houma,2023-06-01,12.0,0,5.685814326824284e-06,1.3693520886615516
pembina,2023-06-01,12.0,0,5.685814326824284e-06,1.3693520886615516
gonzales,2023-06-01,12.0,0,5.685807992903545e-06,1.1828644501278773
vero_beach,2023-06-01,12.0,0,5.685807992903545e-06,1.1828644501278773
baton_rouge,2023-06-01,12.0,0,5.685807992903545e-06,1.1828644501278773
northway,2023-06-01,12.0,0,5.685807992903545e-06,1.1828644501278773
rosario,2023-06-01,12.0,0,5.685807992903545e-06,1.1828644501278773
north_eleuthera,2023-06-01,12.0,0,5.685807992903545e-06,1.1828644501278773
groton,2023-06-01,12.0,0,5.685807992903545e-06,1.1828644501278773
vineyard_haven,2023-06-01,12.0,0,5.685807992903545e-06,1.1828644501278773
sheridan,2023-06-01,12.0,0,5.685807992903545e-06,1.1828644501278773
anacortes,2023-06-01,12.0,0,5.685807992903545e-06,1.1828644501278773
ceiba,2023-06-01,12.0,0,5.685807992903545e-06,1.1828644501278773
pensacola,2023-06-01,12.0,0,5.685807992903545e-06,1.1828644501278773
elko,2023-06-01,12.0,0,5.685807992903545e-06,1.1828644501278773
ithaca,2023-06-01,12.0,0,5.685807992903545e-06,1.1828644501278773
bristol:johnson:kingsport,2023-06-01,12.0,0,5.685807992903545e-06,1.1828644501278773
ogdensburg,2023-06-01,12.0,0,5.685807992903545e-06,1.1828644501278773
manassas,2023-06-01,12.0,0,5.685807992903545e-06,1.1828644501278773
clinton,2023-06-01,12.0,0,5.685807992903545e-06,1.1828644501278773
skagway,2023-06-01,12.0,0,5.685807992903545e-06,1.1828644501278773
monroe,2023-06-01,12.0,0,5.685801658989872e-06,0.5434782608695652
marysville,2023-06-01,12.0,0,5.685801658989872e-06,0.5434782608695652
sault_ste._marie,2023-06-01,12.0,0,5.685801658989872e-06,0.5434782608695652
latrobe,2023-06-01,12.0,0,5.685801658989872e-06,0.5434782608695652
lewiston,2023-06-01,12.0,0,5.685801658989872e-06,0.5434782608695652
burbank,2023-06-01,12.0,0,5.685801658989872e-06,0.5434782608695652
watertown,2023-06-01,12.0,0,5.685801658989872e-06,0.5434782608695652
lebanon,2023-06-01,12.0,0,5.685801658989872e-06,0.5434782608695652
chino,2023-06-01,12.0,0,5.685801658989872e-06,0.5434782608695652
concord,2023-06-01,12.0,0,5.685801658989872e-06,0.5434782608695652
muskegon,2023-06-01,12.0,0,5.685801658989872e-06,0.5434782608695652
lincoln,2023-06-01,12.0,0,5.685801658989872e-06,0.5434782608695652
westfield,2023-06-01,12.0,0,5.685801658989872e-06,0.5434782608695652
amarillo,2023-06-01,12.0,0,5.685801658989872e-06,0.5434782608695652
middletown,2023-06-01,12.0,0,5.685801658989872e-06,0.5434782608695652
napa,2023-06-01,12.0,0,5.685801658989872e-06,0.5434782608695652
lancaster,2023-06-01,12.0,0,5.685801658989872e-06,0.5434782608695652
punta_gorda,2023-06-01,12.0,0,5.685801658989872e-06,0.5434782608695652
madison,2023-06-01,12.0,0,5.685801658989872e-06,0.5434782608695652
mountain_home,2023-06-01,12.0,0,5.685801658989872e-06,0.5434782608695652
charlotte_amalie,2023-06-01,12.0,0,5.685801658989872e-06,0.5434782608695652
martha's_vineyard,2023-06-01,12.0,0,5.685801658989872e-06,0.5434782608695652
chicopee_falls,2023-06-01,12.0,0,5.685801658989872e-06,0.5434782608695652
calliano,2023-06-01,12.0,0,5.685801658989872e-06,0.5434782608695652
quonset_point,2023-06-01,12.0,0,5.685801658989872e-06,0.5434782608695652
chicago:aurora,2023-06-01,12.0,0,5.685801658989872e-06,0.5434782608695652
cold_bay,2023-06-01,12.0,0,5.685801658989872e-06,0.5434782608695652
richmond_heights,2023-06-01,12.0,0,5.685801658989872e-06,0.5434782608695652
bridgeport_ct,2023-06-01,12.0,0,5.685801658989872e-06,0.5434782608695652
waukegan,2023-06-01,12.0,0,5.685801658989872e-06,0.5434782608695652
redlands,2023-06-01,12.0,0,5.685801658989872e-06,0.5434782608695652
louisiana,2023-06-01,12.0,0,5.685801658989872e-06,0.5434782608695652
wilkes-barre,2023-06-01,12.0,0,5.685801658989872e-06,0.5434782608695652
warroad,2023-06-01,12.0,0,5.685801658989872e-06,0.5434782608695652
gulfport,2023-06-01,12.0,0,5.685801658989872e-06,0.5434782608695652
santa_maria,2023-06-01,12.0,0,5.685801658989872e-06,0.5434782608695652
fairhope,2023-06-01,12.0,0,5.685801658989872e-06,0.5434782608695652
guam,2023-06-01,12.0,0,5.685801658989872e-06,0.5434782608695652
topeka,2023-06-01,12.0,0,5.685801658989872e-06,0.5434782608695652
scotia,2023-06-01,12.0,0,5.685801658989872e-06,0.5434782608695652
pascagoula,2023-06-01,12.0,0,5.685801658989872e-06,0.5434782608695652
panama_city,2023-06-01,12.0,0,5.685801658989872e-06,0.5434782608695652
presque_isle,2023-06-01,12.0,0,5.685801658989872e-06,0.5434782608695652
hagerstown,2023-06-01,12.0,0,5.685801658989872e-06,0.5434782608695652
eureka,2023-06-01,12.0,0,5.685801658989872e-06,0.5434782608695652
santa_monica,2023-06-01,12.0,0,5.685801658989872e-06,0.5434782608695652
palm_beach_gardens,2023-06-01,12.0,0,5.685801658989872e-06,0.5434782608695652
hawarden,2023-06-01,12.0,0,5.685801658989872e-06,0.5434782608695652
hopkinsville,2023-06-01,12.0,0,5.685801658989872e-06,0.5434782608695652
battle_creek,2023-06-01,12.0,0,5.685801658989872e-06,0.5434782608695652
greensboro:high_poin,2023-06-01,12.0,0,5.685801658989872e-06,0.5434782608695652
traverse_city,2023-06-01,12.0,0,5.685801658989872e-06,0.5434782608695652
rome,2023-06-01,12.0,0,5.685801658989872e-06,0.5434782608695652
ponce,2023-06-01,12.0,0,5.685801658989872e-06,0.5434782608695652
baudette,2023-06-01,12.0,0,5.685801658989872e-06,0.5434782608695652
belleville,2023-06-01,12.0,0,5.685801658989872e-06,0.5434782608695652
findlay,2023-06-01,12.0,0,5.685801658989872e-06,0.5434782608695652
flint,2023-06-01,12.0,0,5.685801658989872e-06,0.5434782608695652
fort_dix,2023-06-01,12.0,0,5.685801658989872e-06,0.5434782608695652
scranton,2023-06-01,12.0,0,5.685801658989872e-06,0.5434782608695652
beaumont,2023-06-01,12.0,0,5.685801658989872e-06,0.5434782608695652
beaufort,2023-06-01,12.0,0,5.685801658989872e-06,0.5434782608695652
fulshear,2023-06-01,12.0,0,5.685801658989872e-06,0.5434782608695652
gaylord,2023-06-01,12.0,0,5.685801658989872e-06,0.5434782608695652
pinecreek,2023-06-01,12.0,0,5.685801658989872e-06,0.5434782608695652
santa_fe,2023-06-01,12.0,0,5.685801658989872e-06,0.5434782608695652
houlton,2023-06-01,12.0,0,5.685801658989872e-06,0.5434782608695652
temple,2023-06-01,12.0,0,5.685801658989872e-06,0.5434782608695652
valparaiso,2023-06-01,12.0,0,5.685801658989872e-06,0.5434782608695652
kenosha,2023-06-01,12.0,0,5.685801658989872e-06,0.5434782608695652
lakehurst,2023-06-01,12.0,0,5.685801658989872e-06,0.5434782608695652
ankeny,2023-06-01,12.0,0,5.685801658989872e-06,0.5434782608695652
crane_lake,2023-06-01,12.0,0,5.685801658989872e-06,0.5434782608695652
roche_harbor,2023-06-01,12.0,0,5.685801658989872e-06,0.5434782608695652
culebra_island,2023-06-01,12.0,0,5.685801658989872e-06,0.5434782608695652
cut_bank,2023-06-01,12.0,0,5.685801658989872e-06,0.5434782608695652
lafayette,2023-06-01,12.0,0,5.685801658989872e-06,0.5434782608695652
danbury,2023-06-01,12.0,0,5.685801658989872e-06,0.5434782608695652
bloomington,2023-06-01,12.0,0,5.685801658989872e-06,0.5434782608695652
santa_ana,2023-06-01,12.0,0,5.685801658989872e-06,0.5434782608695652
killeen,2023-06-01,12.0,0,5.685801658989872e-06,0.5434782608695652
decatur,2023-06-01,12.0,0,5.685801658989872e-06,0.5434782608695652
galveston,2023-06-01,12.0,0,5.685801658989872e-06,0.5434782608695652
porthill,2023-06-01,12.0,0,5.685801658989872e-06,0.5434782608695652
san_angelo,2023-06-01,12.0,0,5.685801658989872e-06,0.5434782608695652
rockland,2023-06-01,12.0,0,5.685801658989872e-06,0.5434782608695652
shreveport,2023-06-01,12.0,0,5.685801658989872e-06,0.5434782608695652
kennesaw,2023-06-01,12.0,0,5.685801658989872e-06,0.5434782608695652
athens,2023-06-01,12.0,0,5.685801658989872e-06,0.5434782608695652
santa_rosa,2023-06-01,12.0,0,5.685801658989872e-06,0.5434782608695652
dunseith,2023-06-01,12.0,0,5.685801658989872e-06,0.5434782608695652
shemya,2023-06-01,12.0,0,5.685801658989872e-06,0.5434782608695652
ogden,2023-06-01,12.0,0,5.685801658989872e-06,0.5434782608695652
easton,2023-06-01,12.0,0,5.685801658989872e-06,0.5434782608695652
augusta,2023-06-01,12.0,0,5.685801658989872e-06,0.5434782608695652
tallahassee,2023-06-01,12.0,0,5.685801658989872e-06,0.5434782608695652
eastport,2023-06-01,12.0,0,5.685801658989872e-06,0.5434782608695652
olive_branch,2023-06-01,12.0,0,5.685801658989872e-06,0.5434782608695652
bakersfield,2023-06-01,12.0,0,5.685801658989872e-06,0.5434782608695652
eden_prairie,2023-06-01,12.0,0,5.685801658989872e-06,0.5434782608695652
sagarai,2023-06-01,12.0,0,5.685801658989872e-06,0.5434782608695652
